acute_chronic_ratio,cycle_phase_encoded,knee_soreness,hamstring_soreness,groin_soreness,days_since_last_rest,session_rpe,weekly_load,oral_contraceptive_use,acl_injury,soft_tissue_injury,overtraining
0.748,3,0.0,0.0,0.0,2,5.7,727.3,1,0,0,0
1.145,2,0.0,0.0,0.0,3,4.4,969.7,0,0,0,0
0.844,3,2.4,3.7,3.1,1,9.9,874.7,0,0,0,0
0.63,3,0.0,0.0,0.0,4,6.3,607.6,1,0,0,0
0.923,0,1.6,1.6,2.8,7,8.8,1015.8,0,0,0,0
1.449,3,3.6,2.9,2.8,6,7.9,577.6,1,0,0,0
1.138,3,3.2,3.4,3.4,3,5.5,756.1,0,0,0,0
1.759,3,4.2,2.5,3.0,1,5.5,571.5,0,0,0,0
1.051,1,1.6,1.8,0.7,3,8.9,827.1,0,0,0,0
1.985,2,5.8,5.5,4.1,2,8.9,549.9,1,0,1,0
1.051,2,0.0,0.0,0.0,2,3.1,1219.2,0,0,0,0
1.006,3,2.7,3.3,2.2,7,7.3,1341.5,1,0,0,0
0.699,3,1.2,1.0,0.0,4,6.2,963.4,1,0,0,0
1.365,3,1.8,2.3,1.8,2,4.6,1184.1,1,0,0,0
0.869,2,0.0,0.0,0.0,12,6.8,165.4,0,0,0,0
0.834,1,0.0,0.0,0.0,1,4.1,204.4,1,0,0,0
1.432,3,0.5,0.1,0.1,2,5.6,568.1,1,0,0,0
1.383,0,5.2,4.6,2.6,1,5.0,688.0,0,0,0,0
1.373,3,1.1,0.0,0.0,6,5.5,608.9,0,1,0,0
0.904,3,3.1,1.1,0.0,1,6.3,131.4,0,0,0,0
0.986,3,0.0,0.5,0.0,7,4.6,1055.2,0,0,1,0
0.983,2,2.8,2.3,0.5,2,9.1,1386.8,1,0,0,0
1.245,3,3.4,2.7,1.6,1,7.2,1098.0,0,0,0,0
1.545,3,5.6,6.0,4.0,1,9.5,1033.4,0,0,0,0
1.109,3,1.8,3.5,0.0,4,6.1,749.2,0,0,0,0
1.738,1,2.4,3.4,4.3,1,5.4,395.6,0,0,0,0
1.286,2,6.0,4.5,3.4,2,9.4,698.4,0,0,0,0
0.936,0,0.0,0.0,0.9,1,5.4,1370.7,1,0,0,0
1.261,1,2.0,4.7,2.0,6,6.1,558.0,0,0,0,0
1.612,3,4.0,3.9,4.7,3,7.6,524.0,0,0,1,0
1.75,3,2.5,3.3,1.8,6,4.3,1040.6,1,0,1,0
1.394,3,2.8,4.9,2.0,1,7.6,1062.5,0,0,0,0
1.007,1,0.1,1.7,0.0,2,7.4,394.0,0,0,0,0
0.941,2,0.0,0.0,2.5,1,8.6,587.9,0,0,0,0
1.175,2,1.0,0.2,0.6,2,7.9,508.4,1,0,0,0
1.598,1,2.5,1.1,2.4,2,8.6,697.5,1,0,0,0
1.129,1,0.5,2.1,1.8,1,6.2,1039.4,0,0,0,0
1.136,2,0.1,1.2,0.4,1,4.9,408.5,0,0,0,0
1.014,1,3.2,4.5,2.7,1,10.0,1034.8,0,0,0,0
0.912,3,0.3,0.0,1.5,3,3.8,708.0,0,0,0,0
0.956,2,0.0,0.0,0.0,1,3.9,1443.7,0,0,0,0
1.039,3,1.0,0.0,0.2,14,7.4,779.8,1,0,0,0
1.618,3,5.5,6.0,3.1,4,9.2,642.4,1,0,1,1
0.935,1,0.0,0.6,1.5,4,6.7,864.5,0,0,0,0
1.015,3,0.0,0.9,0.1,1,8.1,562.9,1,0,0,0
0.785,3,1.5,0.7,0.0,2,2.9,80.7,1,0,0,0
1.222,2,0.0,0.0,0.0,9,5.5,594.9,0,0,0,0
1.466,1,4.3,4.3,2.2,3,3.2,589.7,0,0,0,0
1.576,3,4.3,3.8,2.0,11,7.7,147.9,1,0,0,1
1.059,1,3.5,1.5,0.5,1,3.7,650.3,0,0,0,0
1.174,1,0.7,1.8,1.5,14,4.2,50.0,1,0,0,0
0.958,0,1.9,1.7,1.8,2,7.3,559.4,0,0,0,0
1.159,3,6.1,4.1,3.6,1,8.2,755.0,0,0,0,0
1.092,3,0.0,0.8,0.0,8,6.1,706.5,1,0,0,1
1.016,3,2.0,0.7,1.8,1,7.4,538.5,0,0,0,1
1.039,3,0.9,0.1,0.7,3,7.3,646.1,0,0,0,0
1.135,2,0.0,0.0,0.5,1,6.0,415.1,0,0,0,0
0.921,3,0.7,0.0,0.1,2,4.5,678.0,0,0,0,0
0.934,1,4.4,3.5,2.6,1,7.4,693.6,0,0,0,0
1.613,1,1.7,3.9,3.2,2,7.4,376.7,0,0,0,0
2.136,3,7.6,7.7,5.9,2,7.9,762.9,0,0,0,0
0.714,2,5.4,3.5,3.2,6,6.9,760.9,0,0,0,0
0.703,3,2.8,5.3,3.3,2,4.4,619.4,0,0,0,0
0.765,3,4.2,3.0,2.6,2,7.6,1475.0,1,0,0,0
0.971,3,2.6,5.2,3.3,3,6.4,627.9,0,0,1,0
1.285,3,1.1,3.0,1.4,1,5.6,582.1,0,0,0,0
1.18,3,2.6,2.1,0.6,2,5.9,534.7,0,0,0,1
1.049,1,1.3,1.2,0.0,2,5.2,353.3,0,0,0,0
1.16,0,1.9,3.9,1.0,4,7.9,901.2,1,0,0,0
0.824,2,0.0,0.0,0.1,1,3.9,447.5,0,0,0,0
0.934,1,0.0,1.6,1.9,1,4.7,486.6,0,0,0,0
0.994,2,0.8,0.0,0.8,6,5.8,496.4,1,0,0,0
0.642,3,0.0,0.0,0.0,2,9.2,348.7,1,0,0,0
0.722,1,0.4,2.4,0.6,2,8.2,95.4,1,0,0,0
0.73,0,0.0,0.0,0.0,2,3.6,521.3,1,0,0,0
1.239,1,2.4,0.2,0.6,1,8.7,963.2,1,0,0,0
1.071,1,1.9,2.5,0.0,6,8.7,739.6,0,0,0,0
1.187,3,0.5,0.0,0.0,6,4.4,1190.5,0,0,0,0
0.597,3,0.0,0.4,1.0,2,2.0,922.7,0,0,0,0
0.66,3,0.0,0.0,1.4,2,6.3,847.7,0,0,1,0
1.204,3,4.3,5.0,3.6,4,8.3,1297.0,0,0,0,0
0.459,2,1.5,0.2,0.6,9,9.1,642.3,0,0,0,0
1.409,3,2.5,1.2,0.0,14,4.9,695.3,1,0,0,0
0.6,1,2.0,1.1,0.8,1,9.4,670.6,1,0,0,0
1.266,0,0.0,0.0,0.0,2,2.5,1184.9,1,0,0,0
0.78,0,1.3,1.7,1.2,2,5.8,675.2,0,0,0,0
1.341,3,3.5,1.9,2.8,4,5.7,460.0,0,0,0,0
2.455,2,7.2,8.7,6.4,5,8.4,868.7,0,0,0,0
0.529,1,0.0,0.0,0.6,3,8.6,404.5,0,0,0,0
1.215,2,0.7,0.0,0.0,1,8.0,850.8,1,0,0,0
0.603,1,0.0,0.0,1.0,2,4.1,811.3,1,0,0,0
1.127,3,2.8,4.5,1.3,5,7.9,611.8,1,0,0,0
0.944,2,3.0,1.4,0.6,4,7.3,861.5,1,0,0,0
1.037,2,0.0,0.0,0.0,1,3.5,182.4,1,0,0,0
0.775,1,0.0,0.0,0.0,4,2.8,728.3,0,0,0,0
1.244,3,1.4,0.8,1.0,4,8.2,521.4,0,0,0,0
0.667,2,0.0,0.0,0.0,8,6.1,1620.9,0,0,0,0
1.416,0,2.4,0.8,3.8,13,4.2,725.9,0,0,0,0
0.892,1,2.1,0.7,1.1,1,6.0,477.2,0,0,0,0
0.675,3,0.0,0.0,0.0,4,7.0,218.6,0,0,0,0
1.563,3,2.5,3.6,4.1,4,6.2,1106.1,1,0,0,0
0.981,3,2.9,0.3,1.4,1,3.7,558.7,0,0,0,0
1.706,1,2.8,2.7,2.8,1,9.6,412.7,1,0,0,0
1.408,3,3.1,2.6,2.2,3,8.1,785.6,1,0,0,0
0.8,3,0.8,0.0,0.0,6,5.8,889.3,0,0,0,0
0.976,3,0.5,0.0,0.9,10,5.9,884.1,1,0,1,0
1.034,2,0.0,0.0,0.0,1,7.0,680.9,0,0,0,0
1.533,1,2.2,2.7,1.7,2,4.4,727.1,0,0,0,0
1.13,0,2.5,2.4,2.4,4,6.9,751.1,0,0,0,0
1.051,3,2.2,3.5,2.8,3,4.1,785.7,1,0,0,0
0.946,2,0.3,0.0,0.0,4,6.3,814.9,0,0,0,0
0.986,1,0.0,0.0,0.2,5,4.4,1036.3,0,0,0,0
1.441,1,1.7,1.3,0.3,6,4.5,693.1,1,0,0,0
1.001,3,3.3,2.8,2.7,4,9.2,404.3,1,0,0,0
0.895,1,0.9,1.1,1.3,4,6.5,626.7,0,0,0,0
0.854,3,1.6,1.4,0.6,2,6.7,923.7,0,0,0,0
0.856,3,0.0,0.0,0.0,1,2.9,83.6,0,0,0,0
0.675,3,0.0,1.0,1.1,8,5.4,85.5,1,0,0,0
0.81,2,0.0,1.1,0.0,4,7.2,978.1,0,0,0,0
1.521,3,3.1,4.0,1.2,4,6.7,1177.1,0,0,1,0
0.944,3,1.6,1.6,1.6,1,2.7,256.0,0,0,0,0
1.218,3,0.0,0.0,0.3,4,6.7,707.6,0,0,0,0
0.5,0,0.2,0.0,0.0,1,7.0,542.3,0,0,0,0
1.172,2,0.5,0.5,0.0,2,8.6,588.2,0,0,0,0
0.956,0,0.0,0.8,1.0,2,5.3,775.4,0,0,0,0
0.874,2,2.3,0.0,1.2,5,2.5,246.9,0,0,0,0
1.052,2,0.0,0.0,2.3,2,4.7,308.3,0,0,0,0
0.87,1,0.0,0.0,0.4,3,4.5,574.8,0,0,0,0
0.552,1,0.8,0.0,0.7,4,7.7,626.3,1,0,0,0
1.295,3,0.9,0.6,2.1,13,1.7,302.1,1,0,0,0
1.07,1,1.8,1.5,2.4,7,5.6,935.5,0,0,0,0
0.916,3,3.6,3.6,0.5,4,8.8,536.3,1,0,0,0
0.763,3,0.0,0.0,0.0,1,6.4,534.9,0,0,0,0
0.663,2,1.7,1.5,0.1,4,7.9,767.9,0,0,0,0
1.065,3,0.0,0.0,0.0,3,3.6,631.8,1,0,0,0
1.571,0,0.0,0.0,0.0,1,3.6,951.4,1,0,1,0
1.059,3,4.7,3.9,3.1,5,8.9,365.7,1,0,0,1
0.679,2,0.0,0.0,0.4,2,6.6,212.3,0,0,0,0
1.065,3,2.8,3.0,0.7,3,6.6,572.0,1,0,0,0
0.985,0,0.0,0.0,0.0,4,4.5,694.3,0,0,0,0
1.274,2,0.0,0.2,1.0,7,6.6,264.1,0,0,0,0
1.185,2,3.3,2.5,0.8,4,4.4,215.5,0,0,0,0
0.433,3,0.3,0.0,0.0,9,8.4,734.7,1,0,0,0
1.165,3,3.3,2.8,1.8,1,10.0,423.8,0,0,0,0
0.755,2,1.0,0.0,0.0,2,7.2,194.1,1,0,0,0
0.672,1,0.0,0.3,0.0,6,5.3,993.6,0,0,0,0
0.949,2,0.0,0.0,0.0,3,2.0,465.5,1,0,0,0
1.122,2,1.0,1.1,0.0,2,3.5,1054.6,1,0,0,0
0.632,2,2.2,2.1,2.2,2,9.1,683.8,1,0,0,0
1.218,0,3.1,3.9,2.5,5,4.6,771.9,0,0,0,0
1.238,3,1.3,1.0,1.1,1,5.7,604.5,0,0,1,0
1.013,3,1.3,0.9,0.4,8,7.5,50.0,0,0,1,0
0.784,1,0.7,0.7,1.1,2,8.9,298.5,0,0,0,0
0.76,3,3.2,2.8,2.8,1,6.0,632.8,0,0,0,0
1.333,1,3.2,3.3,1.7,4,5.7,795.0,0,0,0,0
0.655,3,0.0,0.0,0.0,1,6.5,82.6,0,0,0,0
1.347,1,0.2,0.2,0.0,5,5.3,656.7,0,0,0,0
0.955,3,0.0,0.0,0.0,2,5.4,303.3,0,0,0,0
0.974,3,3.1,1.6,2.5,5,7.1,752.0,1,0,0,0
0.62,3,0.0,0.0,0.0,3,6.7,668.0,0,0,0,0
0.96,1,2.0,4.3,1.9,2,10.0,920.3,1,0,0,0
1.187,3,1.6,1.5,0.6,3,7.1,1027.2,1,0,0,0
0.688,1,2.9,3.5,2.8,4,8.4,826.2,0,0,0,0
1.15,0,3.2,0.1,1.2,1,4.5,958.9,1,0,0,0
1.025,3,0.8,0.5,0.6,3,7.3,558.6,0,0,0,0
0.835,2,1.8,3.5,2.6,1,5.1,1608.0,1,0,0,0
1.27,3,0.1,0.0,1.3,1,7.1,271.4,0,0,0,0
0.54,3,0.2,0.0,0.0,6,7.6,499.9,0,0,0,0
1.102,1,1.6,1.9,0.1,2,6.5,972.5,0,0,0,0
1.574,3,5.5,4.4,5.1,8,10.0,923.3,0,0,0,0
1.497,1,1.9,0.8,1.1,4,8.8,835.6,1,0,0,0
1.115,2,3.1,0.8,1.7,1,8.4,897.7,1,0,0,0
0.919,1,2.1,1.4,1.5,2,7.7,50.0,1,0,0,0
0.837,3,1.9,2.3,1.2,4,9.4,1200.0,1,0,0,1
0.919,1,2.9,2.6,0.9,6,3.9,607.0,1,0,0,0
1.164,0,2.9,4.1,3.1,6,8.7,1086.4,0,0,0,0
0.798,2,1.2,0.3,0.0,3,4.7,50.0,1,0,0,0
1.236,3,3.6,2.5,2.1,8,5.4,759.3,0,0,1,0
1.817,3,4.9,4.4,2.6,2,7.4,488.1,0,0,0,0
0.983,3,2.7,1.5,0.7,2,8.5,863.6,0,0,0,0
0.686,3,0.0,0.0,1.7,2,4.4,779.3,1,0,1,0
0.686,3,0.0,0.1,0.3,7,5.5,795.5,0,0,0,0
1.243,2,2.8,2.3,2.0,7,6.6,324.2,0,1,0,0
0.983,1,1.9,2.4,2.1,1,6.1,655.6,0,0,0,0
1.278,3,3.4,3.5,1.1,6,7.9,614.8,0,0,0,0
0.861,3,4.5,5.0,2.4,1,10.0,838.2,0,0,0,0
1.262,2,5.6,6.8,2.8,2,7.1,1001.6,1,0,0,0
0.957,0,0.6,1.1,1.2,1,5.1,724.2,1,0,0,0
0.815,3,0.0,0.0,0.0,1,4.1,252.4,0,0,0,0
0.894,1,1.8,0.8,1.1,1,5.8,710.0,0,0,0,0
0.715,3,0.2,0.0,1.2,3,4.8,1537.9,0,0,0,0
1.745,1,5.2,5.3,2.0,2,7.2,1218.7,0,0,0,0
0.973,1,3.7,4.4,1.9,1,7.2,50.0,0,0,0,0
1.198,3,0.0,0.0,0.0,7,5.6,695.4,1,0,1,0
0.86,1,4.5,3.8,3.3,6,9.8,982.7,0,0,0,0
0.745,1,3.7,1.5,0.8,7,5.1,614.1,0,0,0,0
0.937,3,0.2,1.9,2.2,2,6.2,522.3,0,0,0,0
1.361,3,3.9,3.5,3.7,5,7.5,586.1,0,0,0,0
0.864,1,0.7,1.6,1.0,1,7.9,857.0,0,0,0,0
0.784,1,0.7,1.8,0.0,4,8.6,294.6,1,0,0,0
1.044,3,3.5,3.1,2.0,1,7.1,1067.5,1,0,0,0
1.15,3,4.0,2.0,2.6,6,8.2,655.9,1,0,0,0
1.584,2,1.9,3.0,2.2,7,5.2,365.2,1,0,0,0
1.104,1,3.6,3.8,3.2,1,8.0,1046.2,0,0,0,0
1.198,0,4.2,3.3,2.5,3,7.9,163.5,1,0,0,0
1.223,1,3.5,2.7,4.5,4,9.0,490.8,0,0,1,0
0.724,1,0.0,0.0,0.0,1,3.5,485.4,0,0,1,0
0.764,3,0.0,0.6,1.0,3,4.8,1383.4,0,0,0,0
0.738,1,3.5,4.6,3.3,7,7.8,447.9,0,0,0,0
0.689,2,0.0,0.0,0.1,4,1.8,50.0,0,0,0,0
1.249,3,5.1,4.3,3.9,3,7.2,482.0,0,0,0,1
1.085,3,1.0,1.8,0.5,4,8.2,825.1,1,0,0,0
1.023,1,0.0,0.0,0.0,10,5.4,933.7,1,0,0,0
0.484,3,0.0,0.0,0.0,1,5.6,1427.2,0,0,0,0
1.778,3,4.6,4.3,1.4,1,4.5,1139.7,0,0,0,0
0.778,3,1.8,2.7,2.0,6,5.5,736.6,1,0,0,0
1.776,1,1.7,3.1,1.8,4,5.5,379.6,0,0,0,0
0.666,1,1.9,1.1,0.7,1,5.2,1211.5,0,0,0,0
0.797,3,2.9,1.9,2.6,1,5.1,552.5,0,0,0,0
0.54,2,0.0,0.0,0.0,5,5.9,456.8,0,0,0,0
1.107,1,0.9,0.7,2.5,3,5.9,536.5,0,0,0,0
0.735,2,2.9,4.3,1.5,5,9.6,260.3,1,0,0,0
0.74,3,0.0,0.0,0.0,7,5.7,520.6,1,0,0,0
0.681,3,0.0,1.5,0.0,2,7.0,597.3,1,0,0,0
1.243,1,4.7,5.5,3.9,2,5.4,916.0,0,0,0,0
1.22,3,0.9,1.0,1.4,1,5.4,546.1,1,0,0,0
1.661,0,1.9,3.1,1.8,5,3.4,255.3,1,0,1,0
0.825,3,0.0,0.5,0.0,1,3.7,144.1,0,0,0,0
1.063,3,0.0,0.7,1.4,10,4.3,743.7,0,0,0,0
0.697,1,1.5,0.8,0.0,1,6.7,698.4,0,0,0,1
0.91,1,3.6,3.0,3.8,6,8.2,491.1,0,0,0,0
0.865,2,0.5,0.0,0.0,1,3.3,519.8,0,0,1,0
1.139,3,2.4,3.4,1.9,1,5.4,802.9,0,0,0,0
1.329,3,3.4,1.5,3.4,2,4.0,1134.2,0,0,1,0
1.32,3,1.7,1.6,1.4,2,5.9,416.4,0,0,0,0
0.79,3,0.0,0.0,0.0,3,8.2,703.8,0,0,0,0
1.323,2,3.9,4.6,4.2,4,5.6,991.3,1,0,0,0
0.988,3,2.4,0.4,1.1,4,6.3,417.8,0,0,0,0
0.913,0,4.4,3.5,5.2,2,8.9,669.2,0,0,0,0
0.82,1,0.5,0.0,0.0,2,7.2,661.8,0,0,0,0
0.855,3,1.7,3.0,0.0,1,5.1,240.8,1,0,0,0
1.629,3,0.1,1.6,1.9,3,6.7,730.1,0,0,0,0
1.09,1,0.2,2.0,0.7,1,5.0,684.8,1,0,0,0
1.05,2,0.4,0.0,1.1,3,7.1,858.0,0,0,0,1
0.929,3,1.9,0.8,0.0,11,7.3,281.9,0,0,0,0
1.984,3,2.4,2.9,1.9,1,4.0,677.7,0,0,1,0
1.441,3,0.0,0.0,0.0,1,6.7,1131.3,0,0,1,0
0.817,2,0.0,0.0,0.0,8,6.2,1361.4,1,0,0,0
0.926,2,2.8,3.8,1.9,2,7.3,1097.7,1,0,0,0
0.942,2,2.0,2.3,0.4,2,7.8,285.2,0,0,0,0
1.042,3,0.0,0.0,0.3,2,7.2,823.6,1,0,1,0
0.822,3,0.0,0.8,2.0,9,5.9,514.6,0,0,0,0
1.131,2,1.9,1.5,0.0,6,8.0,768.3,0,0,0,0
1.502,1,2.7,3.5,1.2,1,4.9,419.1,0,0,0,0
0.692,1,0.0,0.0,0.4,5,4.1,107.8,0,0,0,0
0.729,3,0.0,0.0,0.0,4,1.0,560.5,1,1,1,0
0.873,3,0.9,0.0,1.1,2,6.3,913.4,0,0,1,0
0.885,1,4.7,4.4,2.9,6,5.0,769.7,0,0,0,0
1.75,0,3.4,1.9,1.5,4,7.1,807.7,0,0,0,0
1.324,3,0.4,0.9,2.0,2,3.0,746.0,0,0,0,0
1.303,1,2.1,2.4,2.7,1,5.3,808.2,0,0,0,0
0.929,3,0.0,1.0,0.1,2,7.2,849.5,1,0,0,0
0.923,1,0.0,0.0,0.0,6,4.6,583.6,0,0,0,1
0.666,1,0.0,0.5,0.2,14,7.1,701.8,0,0,0,0
1.245,3,2.7,5.0,1.0,2,5.4,1250.9,0,0,1,0
1.147,1,1.8,1.1,0.6,2,6.3,721.4,0,0,0,0
1.433,1,3.2,3.7,1.8,7,7.4,688.5,0,0,0,0
0.943,1,3.6,2.4,3.6,7,8.0,708.4,1,0,0,0
0.961,1,0.7,0.9,0.0,4,6.5,602.4,1,0,0,0
1.049,0,0.0,0.0,0.0,1,5.0,530.4,0,0,0,0
1.284,0,0.7,0.0,0.8,4,5.6,743.4,1,0,0,0
0.663,1,1.3,1.5,1.3,1,7.5,507.2,0,0,0,0
1.229,0,2.5,2.0,1.6,6,4.6,626.3,0,0,0,0
0.994,3,1.3,1.2,2.7,2,6.1,413.0,1,0,0,0
0.743,3,0.0,0.0,0.3,2,5.7,710.1,1,0,1,0
0.558,2,0.9,0.0,0.0,8,6.2,867.6,1,0,0,0
0.963,1,0.0,0.0,0.0,9,4.6,604.3,0,0,0,0
1.5,2,0.8,0.0,1.4,2,3.2,50.0,0,0,0,0
1.598,3,6.0,5.5,3.7,2,7.3,869.6,0,0,0,0
1.105,3,2.3,1.5,1.0,1,8.0,714.2,0,0,0,0
1.732,0,0.9,0.2,0.0,4,3.3,346.0,1,0,0,0
0.988,1,0.5,0.8,0.7,2,7.0,930.1,0,0,0,0
1.306,1,0.0,0.8,0.6,1,8.3,212.0,0,0,0,0
0.881,1,0.0,0.0,0.0,2,7.4,1020.1,0,0,0,0
0.866,3,2.1,1.2,0.0,5,5.7,655.4,0,0,1,0
0.827,2,0.0,0.0,0.0,2,4.8,50.0,0,0,0,0
0.562,0,1.5,0.0,0.5,5,6.5,733.4,0,0,0,0
1.434,2,0.7,2.3,2.8,2,6.8,540.1,0,0,0,0
0.836,2,0.8,0.0,0.0,3,6.6,490.3,0,0,0,0
0.799,1,0.3,0.8,0.6,5,6.1,430.5,0,0,0,0
0.719,3,0.0,0.0,0.0,3,4.5,632.3,0,0,0,0
0.944,0,2.9,1.0,1.8,1,7.1,514.0,1,0,0,0
1.638,3,2.3,1.5,2.4,2,7.2,60.4,0,0,0,0
1.797,0,3.5,2.0,2.5,5,6.7,1095.1,0,0,0,0
0.628,3,0.0,0.0,0.0,1,6.6,593.6,0,0,0,0
0.906,3,3.6,1.5,2.2,2,9.3,432.4,1,0,0,0
0.749,3,2.5,0.7,0.0,1,5.3,301.3,1,0,0,0
1.319,3,0.0,0.0,0.0,4,8.6,929.3,0,0,1,0
1.084,3,0.0,1.4,1.8,5,5.1,245.0,0,0,0,0
0.837,3,0.0,0.0,0.0,3,8.3,718.7,0,0,0,0
1.021,3,1.2,1.8,2.0,2,8.5,481.4,1,0,0,0
0.875,1,0.1,1.3,1.0,1,5.9,500.7,0,0,0,0
1.571,2,2.8,3.4,3.2,8,9.3,309.5,0,0,0,0
1.165,2,3.4,0.9,2.2,3,7.2,469.3,1,0,0,0
1.206,3,1.2,3.2,1.2,4,4.9,677.3,1,0,0,0
0.474,2,0.0,0.0,0.0,6,5.7,752.2,0,0,0,0
0.981,2,1.2,0.6,1.0,3,8.3,414.6,0,0,0,0
1.792,3,4.4,2.5,1.2,2,8.0,644.3,0,0,0,0
1.45,1,0.0,0.0,0.6,2,4.6,968.2,0,0,0,0
0.596,1,0.0,0.0,0.0,4,6.1,124.6,0,0,0,0
0.916,2,3.1,2.1,2.1,1,6.7,672.3,1,0,0,0
0.714,2,0.0,0.0,0.0,4,5.5,360.0,1,0,0,0
1.615,1,4.3,3.5,2.7,2,10.0,326.3,0,0,0,0
1.071,2,1.1,0.3,0.0,9,6.8,760.7,0,0,0,0
0.807,2,4.3,4.1,2.6,3,6.3,494.1,0,0,0,0
1.01,2,0.0,1.4,1.3,7,8.4,272.0,0,0,0,1
0.482,2,0.0,0.0,0.0,4,5.8,1112.3,1,0,0,0
0.738,3,0.0,0.0,0.0,1,8.1,978.7,0,0,0,0
1.01,1,0.5,0.0,0.7,6,3.5,50.0,0,0,0,0
1.267,3,2.6,1.8,2.0,1,5.6,186.8,0,0,1,1
0.581,3,0.0,0.0,0.0,9,8.2,870.7,0,0,1,0
0.899,2,2.8,2.6,1.8,2,9.1,580.2,0,0,0,0
1.327,2,2.5,3.2,2.0,14,5.1,1170.6,1,0,0,0
0.666,2,0.7,1.3,0.0,4,4.9,878.2,1,0,0,0
1.066,3,2.4,0.0,0.8,2,7.4,773.4,0,0,0,0
1.019,3,2.6,1.2,0.0,7,5.3,336.5,1,0,0,0
1.616,3,3.3,3.3,1.6,2,5.9,836.9,0,0,1,0
0.938,2,3.9,4.1,1.8,2,7.9,252.5,1,0,0,0
0.953,3,2.3,0.5,1.2,1,5.4,1106.0,0,0,0,0
1.27,1,0.8,0.6,0.8,1,3.0,814.0,0,0,0,0
0.69,3,0.0,0.0,0.0,4,4.1,401.7,1,0,0,0
0.94,1,0.0,0.8,1.0,1,6.4,940.5,0,0,0,0
0.88,3,0.0,0.0,0.0,4,3.2,1415.7,0,0,0,0
0.962,3,2.1,1.6,1.4,3,5.9,602.5,0,0,1,0
1.268,1,0.3,1.3,0.0,1,4.0,856.4,0,0,0,0
1.168,3,1.8,3.0,2.7,9,9.2,531.6,0,0,0,0
0.811,0,2.0,3.5,2.1,1,10.0,702.6,0,0,0,0
1.039,3,1.3,3.5,1.8,2,4.6,176.0,1,0,0,0
1.518,0,0.8,0.0,0.3,5,6.8,674.2,0,0,0,0
0.792,3,0.0,0.0,0.0,1,4.7,688.8,0,0,0,0
1.041,1,0.0,0.0,0.0,3,5.9,1269.3,0,0,0,0
0.947,3,1.3,3.2,2.9,4,9.5,80.8,1,0,0,0
0.983,3,0.0,0.4,0.0,1,5.6,581.5,0,0,0,0
0.633,3,0.0,0.9,0.0,2,5.9,1100.4,0,0,0,0
1.484,3,0.6,0.2,0.5,1,4.8,594.5,0,0,0,0
0.805,3,1.0,1.2,1.0,1,8.4,617.8,1,0,0,0
1.333,3,0.0,0.0,0.0,1,1.0,398.9,1,0,0,0
0.84,1,1.3,0.0,0.9,4,5.6,366.0,0,0,0,0
0.839,3,2.6,1.3,0.3,2,6.3,70.6,1,1,0,0
1.404,0,2.6,1.2,1.9,1,5.2,466.3,0,0,0,0
1.321,3,2.1,2.8,1.6,4,7.9,347.2,0,0,0,0
1.06,1,0.0,0.0,0.0,2,8.5,713.4,0,0,0,0
1.238,3,0.0,0.0,0.2,3,4.0,413.9,0,0,0,0
0.922,3,1.2,1.4,0.3,1,10.0,515.8,0,0,0,0
0.998,2,0.7,0.8,1.5,1,3.9,524.9,0,0,0,0
0.831,2,2.9,2.4,2.4,3,8.6,658.5,0,0,0,0
1.288,3,2.9,4.1,1.7,2,6.6,499.6,0,1,0,0
0.824,3,1.9,3.4,1.6,6,5.5,323.3,0,0,0,0
1.516,2,1.2,1.0,1.9,4,5.7,702.8,1,0,0,0
0.915,3,1.6,1.2,0.0,2,6.3,1027.4,1,0,0,0
1.006,3,2.4,4.3,2.6,4,6.7,716.9,0,0,0,0
1.237,1,0.4,1.4,2.2,1,4.8,472.8,0,0,0,0
1.007,1,0.0,0.7,0.1,5,6.0,633.7,0,0,0,0
0.92,0,2.9,3.1,3.5,4,5.1,50.0,0,0,0,0
0.992,3,1.9,0.6,1.9,1,4.3,628.3,0,0,0,0
1.284,2,0.7,0.7,1.0,2,5.0,542.0,0,0,0,0
0.831,3,0.0,0.0,0.0,1,4.4,365.7,1,0,0,0
0.965,3,2.8,3.1,2.1,8,5.7,425.7,0,0,0,0
1.003,2,2.6,1.3,1.0,1,7.1,538.8,0,0,0,0
1.274,3,1.5,1.4,0.8,2,6.6,1002.6,0,0,0,0
0.972,3,2.9,2.8,2.8,3,9.8,1035.5,1,0,0,0
1.659,1,3.0,2.8,1.2,1,2.6,367.5,0,0,0,0
0.957,2,2.6,2.9,1.3,3,7.2,503.1,1,0,0,0
0.936,1,2.2,1.6,1.3,4,6.4,511.5,0,0,0,0
0.953,1,2.5,3.0,0.5,14,7.8,942.1,0,0,0,0
0.692,1,2.0,1.7,1.6,1,7.6,722.5,0,0,0,0
0.748,3,0.0,0.0,0.0,1,6.1,705.1,0,0,0,0
0.862,2,3.3,4.4,3.5,1,6.7,851.7,1,0,0,0
1.374,2,0.0,0.6,0.0,7,5.1,477.2,0,0,0,0
0.991,3,1.6,0.9,1.1,3,7.4,1125.4,1,0,1,0
0.873,3,0.0,0.0,0.0,1,3.1,673.8,0,0,0,0
1.41,3,2.4,2.6,2.0,4,7.7,391.4,1,0,0,0
1.544,3,0.3,2.2,1.4,1,6.3,598.5,1,0,0,0
1.421,2,2.1,3.4,2.2,1,5.5,1081.8,0,0,0,0
0.788,2,0.0,0.9,0.7,3,6.0,533.8,0,0,0,0
0.871,3,0.0,0.6,1.1,5,6.1,988.4,1,0,0,0
1.662,3,4.6,3.4,3.2,5,8.6,467.6,0,0,1,0
1.07,3,3.2,4.5,2.6,4,10.0,421.2,1,0,0,0
0.928,1,0.0,0.0,0.0,4,8.5,892.5,0,0,0,0
1.223,3,0.4,0.0,0.5,5,5.4,385.4,0,0,0,0
1.326,3,2.7,4.8,1.9,1,7.5,946.4,0,0,0,0
0.852,1,1.9,0.0,1.4,6,7.5,790.7,1,0,0,0
1.063,3,1.8,0.5,1.4,3,4.8,385.5,1,0,0,0
1.296,3,2.6,3.6,2.6,3,4.2,650.8,0,0,0,0
0.723,0,0.0,0.0,0.0,3,6.3,492.9,1,0,0,0
1.003,2,0.0,1.8,1.4,1,7.8,789.8,1,0,0,0
0.732,3,0.0,0.0,0.0,2,3.6,1298.7,0,0,0,0
0.759,1,1.0,0.0,0.0,1,5.1,551.8,0,0,0,0
0.854,2,4.6,4.1,2.1,1,7.4,850.9,1,0,0,0
1.143,2,0.0,1.0,0.0,2,6.5,682.5,0,0,0,0
0.914,1,0.0,0.4,0.0,3,8.8,682.4,0,0,0,0
0.834,3,0.0,0.0,0.0,1,4.0,619.8,1,0,0,0
1.015,3,4.6,5.5,4.5,3,10.0,390.9,0,0,0,0
0.725,1,0.0,0.0,0.0,1,3.7,785.2,1,0,0,0
1.128,3,0.0,0.0,0.0,2,2.9,578.9,1,0,0,0
1.373,3,0.0,0.0,0.1,3,6.3,375.2,1,0,0,0
0.978,1,0.7,1.3,0.0,3,4.4,1009.8,0,0,0,0
0.945,3,3.1,2.0,1.2,3,6.3,707.2,0,0,0,0
1.11,1,1.4,2.8,0.1,8,6.3,599.0,0,0,0,0
0.567,3,0.0,0.0,0.0,6,6.0,1117.6,0,0,0,0
1.162,3,0.0,0.2,0.0,4,4.9,67.2,1,0,0,0
2.383,3,4.8,4.4,3.5,6,7.1,1095.3,0,0,0,0
0.966,0,0.2,0.4,0.0,1,5.8,383.3,0,0,0,0
0.967,3,0.7,1.0,0.3,6,8.3,744.4,0,0,0,0
1.231,0,2.4,1.8,3.0,2,6.1,479.9,0,0,0,0
1.585,1,3.4,3.7,3.2,3,4.7,369.2,0,0,0,0
1.314,1,0.8,1.4,0.1,3,3.5,1108.9,0,0,0,0
0.547,3,1.1,0.0,2.2,4,6.1,1288.2,1,0,1,0
1.171,1,0.5,1.0,2.6,2,4.2,601.3,0,0,0,0
2.055,3,6.5,6.1,3.2,3,4.1,785.3,1,0,0,0
1.19,3,5.7,5.1,3.4,3,7.3,693.3,1,0,0,0
0.724,0,0.0,0.0,0.0,11,3.3,1246.7,0,0,0,0
1.082,0,3.2,3.3,1.7,1,8.8,50.0,1,0,0,0
0.699,0,3.0,1.7,2.3,2,6.7,799.1,0,0,0,0
1.412,3,1.1,1.0,0.7,3,6.3,434.0,0,0,0,0
0.765,3,0.0,0.0,0.0,3,4.6,50.0,0,0,0,0
1.021,1,1.6,0.5,0.1,1,7.7,555.2,0,0,0,0
0.786,3,1.3,0.7,0.0,4,6.4,1285.5,1,0,0,0
0.858,0,0.7,1.0,0.0,2,5.2,457.5,1,0,0,0
1.516,3,3.8,2.8,3.0,1,6.7,935.9,1,0,0,0
1.029,3,3.0,2.4,1.7,3,3.5,1070.8,0,0,0,0
0.855,3,0.0,0.0,0.0,5,3.6,670.2,0,0,1,0
0.726,3,0.0,0.0,0.0,1,4.5,714.2,1,0,1,0
0.592,3,1.0,1.4,0.0,1,7.0,106.9,0,0,0,0
0.704,0,0.0,0.8,0.2,3,6.4,437.6,0,0,0,0
1.032,1,0.4,0.0,0.1,1,8.2,974.3,0,0,0,0
1.316,1,2.7,2.6,0.8,4,4.8,694.5,0,0,0,0
0.855,2,3.2,2.3,0.8,5,7.4,795.9,0,0,0,0
1.552,3,1.2,3.0,1.1,3,6.2,718.4,0,0,0,0
0.818,3,0.0,0.0,0.0,3,4.8,1399.3,0,0,0,0
0.936,3,3.1,2.7,1.8,1,7.1,532.0,0,0,0,0
0.739,1,2.1,1.7,2.8,8,6.3,1205.3,0,0,0,0
1.32,3,0.5,0.9,1.9,1,5.3,718.6,0,0,0,0
1.799,1,4.0,3.3,3.1,3,6.5,1234.7,0,0,0,0
0.611,1,2.4,1.2,0.9,14,6.2,269.3,1,0,0,0
0.908,3,2.3,1.8,2.1,2,6.1,735.5,0,0,0,0
1.425,3,0.0,0.0,0.0,2,5.7,544.2,1,0,0,0
0.667,3,0.1,0.0,0.0,4,4.1,720.5,1,0,0,0
1.172,0,0.4,0.1,0.0,1,6.5,1078.6,0,0,0,0
1.408,3,0.4,0.3,0.6,2,5.0,799.7,1,0,0,0
1.022,0,0.0,0.0,0.0,1,4.6,1078.0,1,0,0,0
1.167,3,4.4,4.0,1.4,6,6.0,452.8,0,0,0,0
1.637,3,0.5,2.0,1.1,4,7.7,402.3,0,0,0,0
1.726,1,4.3,4.9,1.8,2,6.7,679.7,0,0,0,0
0.983,0,2.0,0.9,0.1,14,5.5,661.6,1,0,0,0
0.862,1,0.4,0.0,1.7,3,5.4,613.0,1,0,0,0
0.773,3,0.0,1.3,0.8,1,7.5,357.4,1,0,0,0
1.315,2,1.0,1.9,2.1,4,2.3,1070.8,1,0,0,0
0.681,3,0.4,0.0,0.0,9,7.8,554.4,0,0,0,0
0.932,3,0.0,0.0,0.0,4,3.2,1146.0,1,1,0,0
1.029,3,0.0,0.0,0.0,3,3.9,678.6,0,0,0,0
0.869,1,0.0,0.0,0.9,2,5.5,888.8,1,0,0,0
1.082,3,1.0,3.5,2.1,1,10.0,858.8,0,0,1,0
2.05,1,6.6,5.5,5.1,6,9.3,401.8,0,0,0,1
0.967,3,3.8,5.0,2.7,1,7.6,795.8,1,0,0,0
0.885,3,1.4,1.4,0.2,1,7.0,1312.1,1,0,0,1
1.329,3,0.1,0.0,0.3,2,3.2,757.6,0,0,0,0
1.069,3,0.0,0.0,0.0,1,6.7,972.5,0,0,0,0
1.496,1,1.9,1.2,0.1,4,5.4,903.7,0,0,0,0
1.047,2,0.0,0.0,0.0,1,5.0,776.0,1,0,0,0
0.933,2,0.0,0.0,0.7,3,6.7,736.1,0,0,0,0
0.607,2,0.0,0.0,0.0,1,5.6,855.4,0,0,0,0
0.635,1,2.4,1.1,0.3,10,7.9,926.8,0,0,0,0
0.598,1,2.1,2.2,0.0,4,3.0,227.3,0,0,0,0
1.112,1,1.3,2.9,0.1,4,6.5,756.2,0,0,0,0
0.683,1,1.2,3.0,1.5,6,4.9,613.5,0,0,0,0
1.421,2,3.4,4.1,2.9,1,5.7,544.9,1,0,0,0
1.009,3,2.1,3.4,1.7,12,6.9,1103.0,1,0,0,0
0.934,3,0.0,0.0,0.9,1,4.5,432.0,1,0,0,0
0.79,2,0.0,0.2,0.0,7,6.7,213.2,0,0,0,0
1.19,2,0.8,0.2,0.5,2,6.0,937.5,0,0,0,0
0.798,1,1.0,0.3,0.0,2,5.2,204.7,1,0,0,0
0.759,3,0.6,0.0,0.2,4,5.6,50.0,1,0,0,0
1.395,1,0.3,0.8,0.0,8,6.1,974.8,0,0,0,0
1.104,0,0.7,0.7,1.0,4,5.1,726.9,1,0,0,0
0.936,2,0.0,0.0,0.0,1,6.4,830.7,1,0,0,0
1.197,2,0.6,0.0,0.0,1,5.9,528.1,1,0,0,0
1.003,1,0.0,0.0,0.0,2,5.3,216.6,1,0,0,0
1.113,3,2.9,1.1,1.5,4,9.1,282.3,0,0,0,0
0.796,3,0.0,0.0,0.4,3,7.1,584.4,0,0,0,0
1.786,3,2.9,3.2,2.0,4,5.7,253.6,0,0,0,0
0.85,3,0.8,0.9,1.6,7,6.6,776.0,0,0,0,1
1.546,3,2.9,2.5,2.2,1,4.6,521.5,1,0,1,0
0.948,1,0.0,0.0,0.9,3,5.6,735.6,0,0,0,0
1.254,3,0.2,0.0,0.0,4,5.8,725.7,0,0,1,0
1.228,2,1.5,0.0,0.0,2,4.2,802.3,1,0,0,1
1.379,2,3.2,3.7,3.1,13,7.1,839.6,1,0,0,0
0.79,3,0.0,1.8,0.8,4,5.5,560.7,1,0,0,0
1.351,2,2.3,1.5,2.2,1,5.8,735.2,0,0,0,0
1.677,2,4.8,4.8,5.1,1,5.4,752.5,1,0,0,1
0.93,3,5.1,4.4,2.7,11,10.0,50.0,0,0,0,0
1.01,3,0.0,0.1,1.2,4,5.2,888.2,0,0,0,0
0.864,3,2.7,2.1,0.7,2,2.8,724.0,0,0,0,0
0.908,2,0.0,0.0,0.6,2,3.6,860.9,0,0,0,0
1.615,2,5.0,5.8,4.1,1,7.7,248.9,1,1,0,0
0.755,3,1.8,3.0,2.2,5,8.7,570.0,0,0,0,0
0.768,1,0.0,0.0,0.0,2,5.2,313.5,0,0,0,0
1.57,3,2.6,2.6,1.4,5,8.6,920.6,1,0,0,0
1.191,2,0.6,1.3,0.0,2,7.7,209.8,1,0,0,0
1.811,1,0.0,1.1,0.6,2,6.1,367.3,0,0,0,1
0.882,0,1.9,0.6,1.2,2,5.9,851.1,1,0,0,0
1.036,3,4.4,3.9,3.3,1,6.7,466.3,1,0,0,0
0.831,0,0.4,0.7,0.0,1,7.9,367.4,1,0,0,0
1.041,1,2.2,2.8,2.0,1,7.1,974.3,1,0,0,0
0.609,2,2.1,2.0,2.2,3,5.2,987.8,1,0,0,0
1.211,1,1.8,1.3,2.1,6,6.1,913.2,1,0,0,0
1.095,1,2.3,4.4,2.0,2,9.8,955.1,0,0,0,0
0.984,3,0.2,0.8,2.7,1,6.8,597.8,0,0,0,0
0.896,0,2.2,2.2,1.1,2,7.9,606.8,0,0,0,0
0.778,3,2.9,1.6,1.4,1,7.3,460.1,1,0,0,0
1.226,3,2.9,1.9,0.8,1,6.9,729.9,0,0,0,0
0.72,2,0.9,0.9,0.4,1,6.6,499.8,1,0,0,0
1.154,1,2.4,2.2,2.9,6,7.9,531.2,0,0,0,0
1.788,3,2.7,1.5,0.8,4,7.6,872.8,0,0,0,0
1.516,1,4.6,5.5,1.7,1,6.8,1066.1,0,0,0,0
0.656,2,0.0,0.0,0.0,1,5.2,806.1,0,0,0,0
0.86,3,2.5,1.9,1.7,1,7.1,1267.8,0,0,0,0
1.125,3,2.5,3.3,2.5,1,6.3,441.1,0,0,0,0
0.981,3,0.0,0.0,0.0,1,5.9,66.6,1,0,0,0
0.676,1,0.3,1.1,0.0,1,10.0,910.7,0,0,0,0
1.114,3,2.4,2.6,2.4,6,3.7,419.2,0,0,0,0
0.997,3,1.9,0.7,1.6,2,8.0,583.9,0,0,1,0
1.709,2,1.1,1.0,0.5,2,4.9,89.2,0,0,0,0
0.932,3,2.0,2.1,1.9,1,6.6,377.1,0,0,0,0
1.387,0,3.4,2.0,1.4,4,10.0,177.6,1,1,0,0
0.701,1,0.0,0.0,0.0,4,4.7,530.8,1,0,0,0
0.75,2,0.0,0.8,0.5,1,5.1,543.9,0,0,0,0
1.224,1,0.0,0.0,0.0,6,6.4,704.2,0,0,0,0
1.355,1,0.9,1.7,1.6,1,4.9,1084.4,0,0,0,0
0.765,3,0.1,0.0,0.0,4,7.9,898.3,0,0,0,0
1.007,3,1.3,1.1,1.8,7,5.5,138.0,1,0,0,0
0.679,3,1.7,0.4,1.3,6,7.5,875.5,0,0,0,0
0.951,3,0.0,0.0,0.0,6,4.1,711.4,1,0,0,0
1.264,3,0.5,1.3,0.0,12,3.3,642.1,0,0,0,0
0.885,1,0.0,0.0,0.0,3,6.0,666.9,0,0,0,0
0.933,2,2.4,1.3,0.9,2,3.7,742.1,0,0,0,0
0.729,2,2.8,1.2,0.7,1,9.0,445.6,0,0,0,0
0.834,0,0.0,0.6,0.1,1,3.7,614.1,1,0,0,0
1.636,3,1.5,2.9,1.6,2,4.6,1065.9,0,0,1,0
1.021,2,0.0,0.8,0.8,1,7.1,441.6,1,0,0,0
0.755,2,0.0,0.0,0.0,4,5.4,333.8,1,0,0,0
0.916,1,0.2,0.0,0.0,3,3.8,654.0,0,0,0,0
0.639,1,5.9,2.9,2.7,5,9.9,300.6,0,0,0,0
0.753,3,0.0,0.0,0.0,1,4.7,104.7,0,0,0,0
1.464,0,0.0,0.1,1.3,6,6.0,560.5,0,0,0,0
0.961,1,0.0,1.3,0.0,2,6.0,1153.5,1,0,0,0
1.698,1,5.2,4.3,3.7,14,7.6,661.6,0,0,0,0
0.974,2,0.6,1.4,0.0,4,7.2,733.5,1,0,0,0
0.99,3,0.0,0.0,0.0,1,5.0,50.0,0,0,0,0
1.197,2,2.8,3.7,1.1,1,5.8,819.3,0,0,0,0
0.473,0,0.0,0.0,0.0,1,6.0,705.3,1,0,0,0
1.059,1,0.0,0.0,0.0,1,7.7,454.5,0,0,0,0
0.986,3,0.0,0.0,0.0,1,4.4,734.0,1,0,0,0
1.516,3,3.9,3.9,2.9,1,9.9,730.7,0,0,0,0
1.31,3,0.9,3.5,0.6,6,5.1,324.1,1,0,0,0
0.728,3,0.0,0.0,0.0,1,6.4,784.2,1,0,0,0
1.416,3,2.6,2.7,1.3,3,4.4,1070.3,1,0,0,0
0.929,0,0.8,0.4,0.0,5,4.1,599.0,0,0,0,0
0.776,2,0.3,1.0,0.0,1,4.9,387.5,1,0,0,0
1.057,2,0.0,1.8,0.8,1,4.7,615.7,0,0,0,0
0.945,2,0.0,0.0,0.0,4,5.7,957.0,1,0,0,0
1.538,3,2.9,3.3,2.3,2,4.7,268.9,0,0,0,1
1.1,2,2.2,4.0,3.1,3,7.6,865.7,0,0,0,0
1.059,3,2.2,1.8,1.7,4,5.0,450.2,0,0,0,0
1.287,3,1.8,4.1,1.4,1,4.8,754.5,0,0,0,0
1.358,2,3.3,4.3,3.2,2,5.7,487.8,0,0,0,0
1.245,3,0.0,0.6,0.0,8,8.1,486.9,1,0,0,0
1.488,3,2.7,2.8,2.0,2,6.8,1178.1,0,0,0,0
1.186,3,0.1,0.2,0.5,7,6.2,208.4,1,0,0,0
1.048,2,1.0,2.0,3.1,2,3.9,834.9,0,0,0,0
1.415,2,4.4,3.1,1.0,1,4.4,1246.9,1,0,0,1
0.975,2,0.0,0.0,0.0,14,4.2,901.1,1,0,0,0
1.009,1,1.4,3.2,0.3,4,8.6,234.2,0,0,0,0
1.619,2,3.9,4.7,1.2,14,7.3,250.6,1,0,0,0
1.575,3,4.4,2.3,2.4,5,4.9,425.9,1,0,0,1
0.998,3,0.0,0.0,0.0,1,5.4,726.6,1,0,0,0
0.881,1,0.0,0.0,0.0,2,5.0,749.1,0,0,0,0
1.506,2,4.5,2.0,1.1,2,4.9,253.9,0,0,0,0
1.251,1,0.0,0.0,0.0,3,7.2,385.8,1,0,0,0
1.092,0,1.0,0.1,0.9,4,5.9,406.1,0,0,0,0
0.914,3,2.4,3.2,2.7,4,10.0,614.6,1,0,1,0
1.097,2,2.4,4.2,3.8,2,8.5,1330.7,0,0,0,0
0.994,1,2.1,1.2,0.6,7,8.6,365.8,1,0,0,0
0.83,3,1.0,0.2,1.8,2,7.5,351.3,0,0,0,0
1.037,0,2.7,2.3,0.4,1,5.7,299.7,0,0,0,0
1.077,1,0.9,0.9,0.5,13,7.4,884.6,1,0,0,0
0.9,3,1.1,2.3,2.2,2,5.8,660.7,1,1,0,0
1.288,3,2.8,3.4,3.2,2,9.2,378.0,1,0,0,0
1.435,3,3.2,4.0,0.3,1,7.1,554.4,1,0,1,0
1.312,3,2.4,1.7,1.6,5,6.8,412.7,0,0,0,0
0.926,2,0.3,1.4,0.8,3,6.6,772.3,0,0,0,0
1.236,3,3.4,4.4,3.3,2,9.4,1562.1,0,0,0,0
1.022,3,0.0,1.3,0.0,14,3.9,856.6,0,0,0,0
0.708,3,3.1,2.2,2.5,3,9.6,643.7,0,0,0,0
1.207,3,1.3,1.2,0.0,2,6.1,454.5,1,0,0,0
1.042,3,0.0,0.0,0.0,6,4.0,230.2,0,0,0,0
2.067,3,5.4,3.3,1.5,9,5.1,917.0,0,0,0,0
1.504,1,1.3,0.0,0.6,1,3.5,899.1,0,0,0,0
1.22,3,3.7,3.2,2.9,14,7.5,520.3,0,0,1,0
1.072,2,3.8,2.3,3.8,13,4.6,1075.6,0,0,0,0
1.047,3,0.1,0.5,1.0,8,6.7,681.4,1,0,0,0
0.755,3,2.4,1.3,1.3,1,8.3,930.6,0,0,0,0
0.615,3,0.0,0.0,0.0,3,5.2,772.4,0,0,1,0
0.783,3,0.0,0.0,0.0,2,5.9,615.8,1,0,1,0
0.987,1,0.0,0.0,0.0,1,4.1,358.6,0,0,0,0
0.555,3,0.0,0.0,0.0,1,5.7,626.3,1,0,0,0
0.859,3,4.9,3.9,0.5,1,10.0,952.9,0,0,1,0
0.933,2,2.5,1.6,1.3,2,7.7,506.4,0,0,0,0
0.941,1,2.5,2.9,1.6,2,5.9,819.8,0,0,0,0
0.831,0,0.0,0.0,0.5,2,5.3,316.4,1,0,0,0
0.909,3,0.4,1.1,0.1,14,6.3,932.4,0,0,0,0
1.62,2,4.8,5.5,3.3,2,6.6,777.9,0,0,0,0
1.204,3,0.0,0.0,0.0,4,5.7,276.9,0,0,0,0
0.855,2,1.1,0.6,0.3,3,7.3,600.3,1,0,0,0
0.981,3,0.0,0.0,0.0,2,4.7,982.4,1,0,0,0
0.992,2,1.5,1.5,0.0,8,4.7,258.1,0,0,0,0
0.807,3,1.4,0.0,0.0,1,7.0,320.3,1,0,0,0
0.806,0,0.8,0.6,0.0,3,4.4,651.4,1,0,0,0
1.327,3,3.5,3.2,1.9,4,7.6,1379.9,0,0,0,0
0.889,3,0.0,0.0,0.0,8,6.4,452.0,0,0,1,0
0.736,3,0.0,0.0,0.0,2,3.2,838.2,0,0,0,0
0.988,3,0.3,0.8,0.7,4,6.6,760.4,1,0,0,0
1.034,0,0.8,2.4,1.3,8,3.5,479.5,0,0,0,0
0.576,2,3.9,4.0,2.6,1,7.6,727.7,0,0,0,0
0.989,0,0.7,4.0,3.5,9,6.0,526.3,0,0,0,0
1.275,1,2.2,2.2,1.4,1,9.6,556.1,0,0,0,0
1.135,3,3.0,1.9,0.5,1,8.2,125.1,1,0,0,0
1.867,3,3.3,3.8,1.6,11,4.6,666.3,0,0,1,0
1.42,3,0.0,0.3,0.0,1,2.9,971.7,1,0,0,0
1.5,3,2.6,3.9,1.3,5,5.1,693.4,0,0,0,0
2.19,3,0.0,0.0,0.8,11,4.3,1035.0,0,0,0,0
1.236,3,3.5,2.5,1.9,7,9.5,866.3,0,0,0,0
1.047,0,1.7,0.9,0.1,1,6.4,654.7,1,0,0,0
1.313,1,0.6,3.2,2.7,1,8.0,466.8,0,0,0,0
0.855,3,2.1,3.0,1.5,2,5.9,513.6,0,0,0,0
1.031,3,0.0,0.0,0.0,3,6.1,188.1,1,0,0,0
0.834,0,0.5,1.5,0.0,2,6.3,586.1,0,0,0,0
1.118,2,2.8,2.3,2.1,5,8.3,722.7,0,0,0,0
0.833,3,2.7,1.3,0.1,12,6.9,1241.7,0,0,0,0
0.825,0,0.0,0.0,0.0,4,4.6,849.1,1,0,0,0
1.123,2,5.4,4.8,2.4,6,9.2,388.4,0,0,0,0
0.962,3,0.9,0.0,2.0,1,5.9,198.4,0,0,0,0
0.583,3,0.0,0.0,0.0,7,5.6,606.1,0,0,1,0
0.665,1,0.0,0.0,0.0,3,1.5,942.9,0,0,0,0
0.725,3,1.7,1.6,0.8,3,7.5,601.5,0,0,1,0
0.781,2,0.0,0.0,0.0,1,6.6,853.6,0,0,0,0
1.123,3,1.8,2.1,1.3,10,6.6,614.5,0,0,0,0
1.063,1,0.1,0.0,1.6,7,5.7,911.5,0,0,0,0
1.348,3,2.5,3.2,3.9,3,5.4,146.2,1,0,1,0
1.235,2,3.1,2.8,1.5,5,5.7,1204.9,0,0,0,0
1.35,1,5.2,4.8,3.6,5,7.2,306.5,0,0,0,0
1.186,3,3.4,2.3,0.8,1,7.5,936.9,1,0,0,0
1.06,1,0.9,0.9,0.0,6,6.0,584.4,1,0,0,0
1.36,0,1.8,0.5,0.8,5,8.0,636.1,1,0,0,0
1.294,2,4.3,4.2,3.9,2,6.2,594.7,0,0,0,0
1.111,3,1.5,3.3,0.2,4,5.5,758.9,0,0,0,0
1.427,3,0.9,2.2,1.4,1,6.7,825.7,0,0,0,0
0.518,3,2.4,1.7,1.1,9,4.0,1024.4,0,0,0,0
0.922,1,2.3,2.6,1.7,1,6.8,1140.0,0,0,0,0
0.918,2,0.0,0.0,0.0,4,3.7,784.1,0,0,0,0
1.381,1,0.0,2.1,0.7,7,4.6,1241.1,0,0,0,0
1.553,3,3.4,1.1,2.1,5,2.9,705.2,0,0,0,0
0.666,3,0.0,0.0,0.0,5,6.1,1030.7,0,0,0,0
1.485,3,4.0,2.7,3.1,1,9.2,816.2,0,0,0,0
0.72,3,0.4,0.7,0.2,8,6.2,492.8,1,0,1,0
0.726,2,0.0,0.0,0.0,4,7.5,734.3,1,0,0,0
0.937,3,1.4,3.0,2.5,2,10.0,840.8,0,0,0,0
0.915,2,2.2,2.7,1.0,5,7.1,663.8,0,0,0,0
0.646,1,0.0,0.5,0.3,1,5.1,810.9,0,0,0,0
1.2,2,1.4,0.5,1.2,5,5.3,960.6,0,1,0,0
1.21,0,0.2,0.7,0.5,2,6.4,666.7,1,0,0,0
1.343,1,4.2,2.2,2.4,1,5.3,50.0,0,0,0,0
0.886,0,0.0,0.0,0.0,3,5.4,1229.4,0,0,0,0
0.989,2,1.6,0.9,1.0,4,8.1,576.0,0,0,0,0
0.992,3,2.7,2.0,0.4,3,8.2,402.2,0,0,0,0
1.604,2,3.2,3.3,2.4,1,3.5,302.7,0,0,0,0
0.452,2,0.0,0.0,0.0,5,5.0,563.2,0,0,0,0
0.765,3,0.1,0.0,0.4,1,5.6,488.3,1,0,0,0
1.002,3,0.0,0.2,0.0,3,7.4,430.7,0,0,0,0
0.738,2,2.4,1.6,1.0,2,8.4,448.8,0,0,0,0
0.93,1,1.2,1.9,0.9,3,10.0,849.6,0,0,0,0
0.965,3,0.0,0.0,0.0,1,5.6,1345.8,0,0,0,0
0.832,1,0.8,0.0,0.0,1,5.7,945.8,0,0,0,0
1.018,1,2.0,2.1,2.5,1,7.4,1045.6,0,0,0,0
1.192,3,0.4,0.7,1.5,1,5.2,549.6,1,0,1,0
0.936,2,0.0,0.0,0.0,4,6.1,709.0,0,0,1,0
0.881,3,2.2,2.0,1.8,5,5.7,815.4,0,0,0,0
0.955,3,0.0,0.0,0.0,1,1.9,456.3,0,0,0,0
0.998,3,2.4,1.8,1.6,3,6.6,533.6,0,0,0,0
0.614,1,0.6,0.0,0.0,3,6.1,957.0,0,0,0,0
1.138,1,3.2,3.0,1.9,3,8.6,1035.0,1,0,0,0
0.881,1,0.6,1.2,2.4,13,6.4,696.7,0,0,0,0
1.424,1,2.8,5.0,2.8,4,4.2,279.2,0,0,0,0
1.18,3,3.0,2.9,1.8,11,5.9,576.7,1,0,1,0
1.388,1,3.4,2.8,1.7,3,2.8,197.8,0,0,0,0
0.753,3,0.0,0.0,0.0,1,4.3,699.3,0,0,0,0
0.901,3,0.3,0.0,0.0,2,7.5,758.9,0,0,1,0
0.706,3,0.0,2.4,1.4,3,6.0,584.9,1,0,1,0
0.821,2,3.9,2.5,1.8,9,8.0,754.3,0,0,0,0
1.42,2,3.8,3.5,0.0,4,3.0,812.3,1,0,0,0
1.517,3,2.7,3.7,2.0,3,6.0,759.4,1,0,0,0
0.725,3,2.7,0.6,0.4,5,5.6,277.1,1,0,0,0
0.88,3,1.5,2.9,1.2,2,8.0,590.7,1,0,0,0
0.979,3,2.3,3.0,0.6,2,7.5,809.9,1,0,0,0
1.178,3,1.6,2.6,2.0,1,7.5,1196.5,1,0,1,0
0.611,1,2.0,1.8,0.5,2,9.0,584.5,1,0,0,0
0.638,3,0.0,0.0,0.0,1,5.8,856.6,1,0,0,0
1.147,1,2.9,2.0,1.8,2,8.7,964.8,1,0,0,0
0.579,3,0.0,0.0,0.0,2,4.6,609.4,1,0,0,0
0.882,3,0.0,0.0,0.0,5,4.5,1054.2,0,0,1,0
1.046,2,1.6,1.3,1.5,11,7.7,1072.0,0,0,0,0
1.123,2,0.2,0.9,0.2,2,3.8,1130.9,0,0,0,0
0.961,0,2.2,2.3,0.4,8,7.4,826.0,1,0,0,0
0.903,3,3.9,3.7,3.5,9,6.6,1454.9,0,0,1,0
1.267,1,5.7,4.9,3.8,1,8.2,470.9,1,0,0,0
1.083,0,2.3,3.5,2.1,7,6.3,1376.8,1,0,0,0
0.834,1,0.0,0.0,0.0,1,6.5,928.5,1,0,0,0
1.011,0,0.0,0.0,0.0,2,7.3,1117.7,0,0,0,0
1.113,2,1.8,3.1,1.2,3,5.2,568.6,1,0,0,0
1.618,2,5.0,5.0,3.2,1,5.2,953.7,1,0,0,0
1.246,1,5.7,4.2,1.5,4,7.2,1146.3,1,0,0,0
1.405,0,3.8,4.1,1.8,2,6.3,314.8,1,0,0,0
0.843,1,0.0,0.0,0.0,3,5.7,620.4,0,0,0,0
0.863,2,0.6,1.5,0.7,3,6.2,50.0,0,0,0,0
0.936,0,2.9,3.0,1.8,1,9.1,615.4,0,0,0,0
0.961,3,2.0,3.0,1.9,2,5.6,404.6,1,0,1,0
0.754,1,2.4,0.8,2.8,1,5.6,602.4,0,0,0,0
1.425,1,2.9,2.8,1.4,12,3.4,1641.2,1,0,0,0
1.281,2,1.8,2.4,0.0,2,6.3,1242.5,1,0,0,0
0.918,2,0.9,0.0,0.0,2,7.5,198.4,0,0,0,0
1.197,0,3.7,3.2,1.8,4,7.8,858.2,0,0,0,0
1.064,1,0.0,0.0,0.0,3,6.6,938.6,0,0,0,0
1.223,3,3.6,5.1,4.0,5,8.0,562.7,1,0,1,0
0.686,0,0.0,0.0,0.0,2,7.6,733.4,0,0,0,0
0.96,2,3.9,3.7,2.6,9,8.3,765.7,0,0,0,0
0.984,2,2.3,1.6,2.8,6,8.1,229.1,1,0,0,0
1.191,2,1.3,2.1,1.1,5,9.1,333.4,0,0,0,0
0.839,2,0.8,0.0,0.0,4,6.1,731.4,1,0,0,0
0.497,3,0.0,0.0,0.0,2,4.1,707.3,0,0,0,0
0.739,3,0.2,0.0,0.2,1,7.5,440.1,0,0,0,0
0.983,1,0.0,0.4,1.0,1,7.7,411.7,0,0,1,0
1.018,1,4.0,2.3,3.6,3,9.1,644.7,0,0,0,0
1.602,1,3.2,1.9,2.6,3,8.6,967.5,0,0,0,0
1.177,2,4.1,4.1,2.9,3,9.7,649.1,1,0,0,0
1.023,3,0.0,0.1,0.9,6,7.5,1211.0,0,0,0,0
0.991,1,2.0,1.5,1.4,4,6.8,444.3,0,0,0,0
1.362,2,0.0,0.0,0.0,1,4.0,738.3,0,0,0,0
0.848,3,5.4,5.5,2.7,4,6.9,557.3,0,0,0,0
0.961,0,1.1,2.6,1.1,4,5.4,868.8,1,0,0,0
0.737,2,0.0,0.0,0.0,2,6.8,416.0,0,0,0,0
1.488,3,0.7,2.8,0.0,2,6.5,1311.8,1,0,0,0
1.116,1,0.7,1.9,0.9,2,7.2,115.4,0,0,0,0
0.82,0,0.0,1.3,0.0,1,6.2,1241.7,0,0,0,0
0.968,1,0.8,0.9,0.0,4,8.0,704.2,0,0,0,0
1.153,3,0.0,0.0,0.1,7,1.7,857.1,0,0,1,0
0.932,0,0.0,1.3,0.7,1,6.7,1115.7,1,0,0,0
0.861,1,0.0,0.0,0.0,6,8.5,958.0,0,0,0,0
0.833,0,3.0,2.3,0.0,2,9.6,433.0,0,0,0,0
1.1,1,5.7,2.9,3.0,14,7.6,872.9,1,0,0,0
0.905,3,2.1,1.5,1.7,2,9.3,1292.0,0,0,1,0
0.881,1,0.0,0.0,1.0,13,6.7,381.0,1,0,0,0
0.688,3,0.0,0.0,0.0,6,6.4,1374.9,1,0,0,0
1.022,3,2.0,1.2,1.0,1,7.3,802.0,1,0,0,0
0.951,3,1.0,0.4,0.6,2,6.4,531.2,1,0,0,0
0.914,0,1.1,0.9,0.0,4,5.0,379.0,1,0,0,0
1.057,3,1.8,1.6,0.5,9,5.5,600.6,0,0,0,1
1.233,3,0.0,2.0,1.4,2,4.5,50.0,1,0,0,1
1.217,1,0.0,1.0,0.7,2,7.3,537.1,0,0,0,0
1.167,3,2.9,3.3,3.0,4,6.4,587.5,1,0,0,0
0.935,3,0.8,1.2,0.0,1,5.8,319.1,1,0,0,0
0.853,1,2.0,3.2,0.7,7,5.4,921.7,0,0,0,0
0.747,3,1.5,1.1,0.7,3,7.3,602.1,1,0,0,0
0.847,2,3.1,2.8,2.1,1,7.7,464.2,1,0,0,0
1.006,3,2.1,2.6,1.6,1,4.4,566.8,0,0,0,0
0.802,3,0.3,0.0,0.0,9,4.2,791.8,0,0,0,0
1.027,2,2.0,1.1,1.5,1,8.0,698.6,1,0,0,0
0.763,3,0.0,0.0,0.0,3,4.0,442.6,1,0,0,0
0.628,1,0.6,0.1,2.1,1,7.3,716.0,0,0,0,0
1.258,3,4.5,3.5,2.7,3,9.2,657.7,0,1,1,0
0.876,3,0.9,1.2,0.0,2,9.2,297.6,1,0,0,0
0.791,1,2.9,2.5,3.3,3,7.7,579.0,0,0,0,0
0.736,2,0.4,1.0,0.8,6,7.6,866.0,0,0,0,0
1.126,1,4.3,3.7,3.1,9,10.0,863.6,0,0,0,0
1.47,0,0.0,0.0,0.0,2,2.4,598.4,0,0,0,0
0.893,0,2.3,1.5,1.8,1,5.6,898.2,0,0,0,0
0.941,2,2.9,1.4,2.0,6,7.8,350.4,0,0,0,0
1.35,0,3.4,4.3,1.9,10,5.8,360.6,0,0,0,0
0.602,1,1.8,3.0,1.4,3,8.5,591.3,1,0,0,0
1.735,3,3.5,3.7,2.3,2,6.3,1169.6,0,0,0,0
1.982,3,3.3,3.8,3.2,5,6.6,728.4,0,0,1,0
0.469,3,0.8,0.5,1.9,4,5.9,583.4,0,0,0,0
0.973,1,0.6,1.5,0.3,1,5.5,1185.0,0,0,0,0
0.818,3,1.3,0.0,0.5,2,5.4,579.5,0,0,0,0
0.929,3,0.5,1.0,0.0,4,6.9,1413.4,0,0,0,0
0.889,1,0.0,0.0,0.0,5,5.0,505.3,0,0,0,0
1.255,1,1.3,0.8,1.0,6,8.0,339.8,0,0,0,0
0.969,3,2.0,2.3,1.0,2,7.5,619.4,1,0,0,0
0.775,1,1.4,2.6,1.5,5,8.3,592.0,0,0,1,0
0.953,2,0.3,1.0,0.8,5,4.4,407.3,1,0,0,0
1.155,3,2.7,4.1,1.5,1,3.5,1534.9,1,0,0,0
0.718,0,1.0,0.2,0.6,1,6.4,779.8,0,0,0,0
0.631,0,0.0,0.0,0.0,2,10.0,827.9,0,0,0,0
1.747,3,4.5,4.9,3.8,4,8.6,521.7,0,0,0,0
0.835,3,1.0,1.9,0.1,2,5.4,483.4,0,0,0,0
0.962,1,0.3,0.0,0.3,2,7.1,1013.6,0,0,0,0
0.895,3,2.6,2.4,2.4,3,7.6,120.2,0,0,1,0
1.166,3,1.5,1.7,1.0,1,4.0,296.5,0,0,0,0
1.643,2,2.9,3.7,1.7,4,8.7,592.6,0,0,0,0
1.176,3,2.1,2.1,0.8,2,6.1,1121.2,1,0,0,0
0.654,1,2.3,3.3,2.8,1,6.2,550.6,1,0,0,0
0.679,0,2.5,2.5,1.3,2,6.4,812.0,1,0,0,0
0.894,3,0.2,1.6,1.4,14,8.4,683.6,0,0,0,0
0.928,1,0.0,0.6,0.9,9,5.1,1103.1,0,0,0,0
0.617,3,0.0,0.0,0.0,9,3.4,150.4,0,0,0,0
1.258,3,4.5,6.7,3.0,3,6.9,917.8,1,0,0,0
0.738,0,0.6,0.1,0.0,2,2.9,608.6,0,0,0,0
1.519,3,3.8,4.0,2.5,2,5.9,980.3,0,0,1,0
1.665,1,0.8,0.0,0.9,1,8.4,403.5,0,0,0,0
0.933,3,0.9,1.5,2.1,6,7.4,682.5,1,0,0,0
1.131,1,2.6,1.9,0.3,1,8.2,640.5,0,0,0,0
0.708,3,3.2,2.3,2.6,2,7.5,342.9,0,0,0,0
1.191,3,2.2,3.1,1.5,8,10.0,251.0,0,0,0,0
0.87,2,0.0,1.2,0.8,2,5.4,482.5,0,0,0,0
0.738,3,1.0,2.7,0.5,1,7.1,717.4,0,0,0,0
0.922,3,0.0,0.0,0.0,7,5.6,424.1,0,0,0,0
0.878,3,0.2,0.0,0.0,1,8.0,565.3,0,0,0,0
0.913,3,0.0,0.5,0.5,4,6.3,50.8,1,0,0,0
1.305,3,4.1,5.5,4.1,1,9.3,551.8,0,0,1,0
0.803,2,2.2,1.5,1.0,2,5.5,1012.9,1,0,0,0
1.625,2,6.6,5.8,3.7,2,8.8,907.6,0,0,0,0
0.69,0,2.0,0.3,1.4,2,7.4,645.7,1,0,0,0
1.572,3,5.3,6.2,3.6,1,6.3,755.0,0,0,0,0
0.752,2,0.0,0.0,0.0,2,7.3,400.5,0,0,0,0
1.0,2,4.0,3.9,5.5,3,6.8,1211.6,0,0,0,0
0.872,0,3.1,3.4,3.0,2,7.0,1358.2,1,0,0,0
0.908,3,0.2,1.2,0.4,1,6.0,728.9,0,0,0,0
1.252,2,2.9,3.7,2.3,7,5.2,1531.1,1,0,0,0
1.522,3,2.9,2.2,2.3,8,5.8,449.5,1,0,1,0
1.396,1,2.4,1.0,0.9,9,3.5,260.7,0,0,1,1
0.893,3,0.4,1.0,0.5,1,7.8,439.8,0,0,0,0
1.053,1,0.0,0.1,1.5,2,4.3,601.8,0,1,0,0
0.803,1,1.1,1.5,2.0,8,6.0,1439.0,0,0,0,0
0.758,3,1.3,1.7,1.0,14,7.5,581.4,0,0,0,0
0.725,3,3.5,3.0,2.2,1,7.8,390.1,0,0,0,0
0.885,1,0.0,0.0,0.2,4,3.3,377.3,0,0,0,0
1.072,2,0.0,0.0,0.0,1,6.2,1051.4,0,0,0,0
0.585,3,2.8,3.7,2.6,4,7.2,1004.2,1,0,0,0
0.987,3,0.0,0.4,0.0,2,6.5,513.9,0,0,0,0
1.529,2,4.0,4.5,4.1,8,8.7,54.1,1,0,0,0
1.369,2,2.4,2.5,2.7,1,5.0,301.2,0,0,0,0
0.849,3,0.8,0.0,0.0,2,2.9,1243.6,0,0,0,0
0.676,3,0.0,0.0,0.0,3,7.8,902.2,0,0,0,0
1.137,3,0.0,0.0,0.0,2,5.5,696.1,1,0,0,0
0.523,3,0.0,0.0,0.0,3,3.4,1292.4,0,0,0,0
1.365,1,2.0,3.4,2.2,1,6.1,1322.0,1,0,0,0
0.942,3,3.3,3.9,1.6,6,8.5,662.5,0,0,0,0
1.67,3,1.4,0.0,1.6,6,4.2,668.6,0,0,0,0
0.617,3,2.8,3.8,3.0,1,10.0,481.9,0,0,1,0
1.293,0,2.6,1.4,1.8,4,4.9,580.3,0,0,0,0
0.972,1,0.0,0.0,0.0,3,6.5,182.9,0,0,0,0
0.911,3,0.0,0.0,0.0,2,4.3,181.6,0,0,0,0
0.681,0,0.0,0.0,0.4,4,6.5,104.8,0,0,0,0
1.182,3,1.5,0.4,0.0,8,6.2,1033.0,0,0,0,0
1.208,2,3.1,4.6,1.3,3,3.8,158.1,0,0,0,0
1.648,3,5.2,4.0,2.8,1,10.0,1319.2,1,0,0,0
1.326,3,0.5,0.0,0.5,1,5.5,432.9,0,0,1,0
0.847,2,1.3,0.9,0.0,3,5.5,1248.9,0,0,0,0
0.755,1,0.0,0.0,0.0,3,8.1,553.7,1,0,0,0
0.682,3,3.6,1.6,3.1,2,9.5,156.5,0,0,0,0
1.511,3,2.2,2.5,0.3,1,8.3,1098.9,0,0,1,0
0.804,2,0.0,0.0,0.0,2,4.3,1138.0,1,0,0,0
1.514,3,4.8,3.9,1.3,1,6.8,374.8,1,0,0,0
1.158,3,2.9,2.0,1.4,2,3.1,564.7,1,0,0,0
1.097,2,5.0,6.0,3.5,1,7.9,374.9,0,0,0,0
0.918,1,0.0,0.0,0.0,1,3.6,634.6,1,0,0,0
1.203,2,0.7,1.4,0.6,2,5.0,710.1,0,0,0,0
0.996,2,1.2,1.5,1.5,1,6.4,558.2,1,0,0,0
0.902,1,2.5,4.2,2.3,10,7.2,72.9,1,0,0,0
1.215,1,0.0,0.0,0.0,1,5.9,482.3,1,0,0,0
0.96,3,2.0,3.8,1.4,3,9.0,907.1,0,0,0,0
0.8,2,0.0,0.0,0.0,11,7.6,605.3,0,0,0,0
1.183,3,0.0,0.0,0.0,2,7.5,566.1,1,0,0,0
0.982,1,0.0,0.0,0.0,12,4.3,366.6,0,0,0,0
1.147,0,2.2,2.9,0.0,11,9.3,472.7,0,0,0,0
0.881,3,0.8,1.0,0.5,5,5.0,1140.3,1,0,0,0
0.713,3,2.9,3.9,1.4,1,9.4,297.5,0,0,1,0
1.626,1,4.2,5.6,3.2,2,9.9,912.8,0,0,0,0
1.542,1,6.0,3.9,1.9,5,7.3,690.0,0,0,0,0
1.281,1,3.5,3.4,1.6,2,8.2,755.4,0,0,0,0
0.897,2,0.0,0.0,0.0,1,1.1,432.2,0,0,0,0
0.919,2,1.3,0.0,0.7,1,6.0,558.1,0,0,0,0
1.473,1,4.0,4.5,2.1,2,8.3,672.5,1,0,0,0
0.906,0,1.2,3.0,2.5,3,8.0,502.2,1,0,0,0
0.838,2,0.0,0.7,0.6,2,4.3,784.0,0,0,0,0
1.689,3,2.1,1.2,0.7,5,5.9,825.7,0,0,0,0
0.987,3,0.0,0.0,0.0,7,2.0,1392.9,1,0,0,0
1.641,2,3.7,3.5,1.2,1,7.1,766.4,1,0,0,0
0.676,1,0.0,2.2,0.0,3,3.1,50.0,1,0,0,0
1.156,1,1.4,0.9,1.2,1,8.3,1059.0,0,0,0,0
1.786,1,2.5,4.4,3.1,10,8.4,607.0,1,0,0,0
1.008,3,1.4,1.2,0.9,5,5.6,1339.7,0,0,0,0
0.929,3,1.4,1.1,2.6,6,7.3,1160.8,0,0,0,0
0.721,3,0.0,0.0,0.0,7,6.0,507.3,1,0,1,0
1.354,3,3.5,5.2,2.0,2,6.8,913.1,0,0,0,0
0.806,3,0.0,0.0,0.0,3,4.4,478.0,0,0,0,0
0.974,3,5.3,4.7,2.2,9,7.5,675.3,0,0,0,0
0.708,0,0.0,0.0,0.0,6,3.6,898.0,0,0,0,0
1.546,1,4.0,4.1,1.2,7,3.2,1042.5,0,0,1,0
1.382,1,1.0,1.6,0.4,1,6.2,970.4,1,0,0,0
0.991,3,0.2,0.0,1.7,1,6.0,699.2,0,0,0,0
0.724,0,0.0,0.0,0.0,1,6.9,1495.6,0,0,0,0
1.537,3,2.3,2.3,3.9,1,5.3,553.7,1,0,0,0
0.903,3,1.9,2.1,0.3,4,9.6,142.9,0,0,0,0
0.734,2,0.0,1.4,0.0,7,6.7,206.6,1,0,0,0
0.611,1,1.7,1.2,1.6,2,6.8,1161.8,0,0,0,0
0.835,1,1.1,0.2,2.9,2,6.7,649.1,0,0,0,0
0.665,1,0.5,0.0,0.5,1,8.1,727.0,0,0,0,0
0.84,3,0.0,0.1,0.0,5,7.4,495.0,1,0,0,0
1.232,3,5.6,4.3,3.9,7,7.1,524.7,0,0,1,0
0.9,3,0.0,1.0,0.0,5,7.7,414.1,1,0,0,0
1.105,1,3.5,3.1,4.5,3,3.2,830.2,0,0,0,0
0.817,2,0.4,2.1,0.3,1,3.3,642.2,0,0,0,0
1.018,2,1.0,1.5,1.3,4,6.3,818.3,0,0,0,0
1.712,3,3.5,3.7,3.2,1,6.0,786.7,0,0,0,0
0.907,3,3.6,4.7,2.2,1,7.4,533.6,0,0,0,0
1.114,1,0.0,0.0,0.0,2,6.4,192.0,0,0,0,0
0.645,3,1.1,1.6,0.4,3,7.4,163.2,0,0,0,0
1.531,1,2.7,0.5,1.8,2,4.2,1675.3,0,0,0,0
0.875,3,1.4,0.0,0.0,2,6.4,1163.2,0,0,1,0
1.342,0,2.0,1.4,1.0,5,4.1,1117.6,0,0,0,1
0.966,1,1.0,1.6,0.5,2,7.1,451.3,0,0,0,0
1.187,3,0.6,0.2,0.0,7,3.1,677.6,0,0,0,0
1.207,1,0.8,2.1,1.0,1,7.0,404.8,0,0,0,0
0.881,2,0.0,0.0,0.0,4,3.9,240.5,0,0,0,0
1.358,2,1.9,3.4,0.6,1,5.7,479.7,0,0,0,0
0.809,1,2.7,2.8,2.7,4,7.9,1113.0,1,0,0,0
1.243,3,2.0,1.3,1.2,3,6.8,952.4,0,0,0,0
0.896,3,3.1,2.6,2.0,4,3.5,353.6,0,0,1,0
1.103,3,3.9,1.9,2.1,1,5.2,570.3,1,0,0,0
0.879,2,1.1,0.0,0.0,1,3.8,922.1,0,0,0,0
1.014,2,0.5,1.2,0.4,4,3.5,485.6,0,0,0,0
0.74,1,0.5,0.9,0.6,2,6.6,700.7,1,0,0,0
1.072,1,2.9,3.9,1.9,3,7.4,807.3,1,0,0,0
1.012,1,4.4,3.5,2.8,2,7.1,803.7,1,0,0,0
0.86,3,2.1,2.9,0.9,5,7.4,758.5,0,0,0,0
0.985,3,0.2,1.4,0.5,2,6.4,458.2,0,0,1,0
1.038,3,1.6,0.9,1.1,1,5.9,492.2,1,0,0,0
0.841,2,0.2,1.0,0.0,1,4.5,299.5,1,0,0,0
0.965,2,2.8,1.8,1.4,14,5.6,158.1,0,0,0,0
0.755,2,0.0,0.0,0.0,2,4.1,636.5,0,0,0,0
1.929,2,2.7,2.6,0.3,4,4.9,944.3,0,0,0,0
1.345,2,4.5,6.0,2.8,9,6.5,218.0,0,0,0,0
1.079,1,0.4,0.4,2.0,3,6.2,764.7,1,0,0,0
1.388,1,1.3,3.0,2.3,2,10.0,933.9,0,0,0,0
0.575,3,0.0,0.0,0.0,9,4.1,67.0,0,0,0,0
0.489,2,0.0,0.0,0.0,3,6.2,584.9,0,0,0,0
0.894,3,1.4,2.0,1.4,4,3.9,1218.8,0,0,0,0
0.68,1,1.8,2.8,2.0,2,5.7,856.9,0,0,0,0
0.936,3,0.1,2.0,0.0,5,5.8,55.9,0,0,1,0
1.059,1,3.4,0.7,2.2,2,7.8,892.1,0,0,0,0
1.294,1,1.9,3.7,2.1,4,5.6,427.1,1,0,0,0
0.727,0,0.0,0.0,0.0,7,6.1,903.0,0,0,0,0
1.118,1,3.6,5.2,4.2,3,5.6,446.2,0,0,0,0
1.004,3,2.7,0.9,1.7,9,4.0,656.9,0,0,0,0
1.102,1,0.8,1.4,2.4,1,5.3,496.7,0,0,0,0
0.865,3,0.0,0.0,0.0,9,5.7,675.5,0,0,0,0
1.473,2,1.2,1.3,3.3,4,6.5,486.8,0,0,0,0
0.971,2,0.3,0.0,0.7,1,7.3,600.5,0,0,0,0
1.643,2,3.9,3.3,1.8,3,6.0,285.7,0,0,0,0
0.801,1,1.0,0.8,0.0,1,6.0,836.7,0,0,0,0
1.231,3,0.0,1.3,0.0,1,3.4,732.4,0,0,0,0
0.983,3,0.0,0.0,0.0,1,7.3,139.8,0,0,1,0
0.912,3,3.7,3.5,2.5,5,5.2,1002.8,0,0,0,0
1.194,2,2.7,3.2,0.8,5,7.7,616.1,0,0,0,0
0.92,1,2.7,3.4,2.8,2,8.7,727.9,0,0,0,0
0.475,3,0.0,0.0,0.0,2,6.1,927.2,0,0,0,0
0.424,2,0.0,0.0,0.0,5,4.6,783.0,0,0,0,0
1.428,0,0.9,1.9,0.7,1,6.4,1059.7,0,0,0,0
1.411,2,2.6,2.2,0.9,1,7.0,577.4,1,0,0,0
1.696,3,3.2,4.6,1.1,1,5.8,1016.5,1,0,0,0
0.995,3,3.0,2.8,2.8,6,5.4,715.1,1,0,1,0
0.696,3,0.0,2.1,0.1,2,7.4,842.3,0,0,0,0
0.889,3,4.0,1.8,0.8,5,7.2,807.9,0,0,0,0
1.003,1,2.3,2.1,3.7,10,5.8,1084.7,0,0,1,0
0.754,3,0.0,0.0,0.2,1,3.5,913.0,0,0,0,0
1.587,2,5.1,5.7,3.5,3,7.2,527.9,0,0,0,0
1.872,3,4.5,4.4,3.1,5,5.1,462.4,0,0,1,0
1.143,0,0.0,0.0,0.0,1,6.8,658.0,0,0,0,0
0.997,3,1.7,1.0,0.8,4,6.6,423.1,0,0,0,0
0.696,1,0.0,0.0,0.0,2,3.1,326.5,0,0,0,0
1.542,0,2.9,2.4,2.8,4,6.5,50.0,1,0,0,0
1.022,2,0.2,1.0,0.6,1,7.3,162.1,0,0,0,0
0.922,1,1.8,3.0,2.5,8,7.5,1331.0,1,0,0,0
1.144,1,1.6,2.9,1.2,9,6.6,457.3,0,0,0,0
0.849,3,1.1,1.5,0.2,1,3.0,1303.9,0,0,0,0
1.042,2,4.5,3.2,3.5,7,8.6,807.7,0,0,0,0
0.668,3,0.0,0.0,0.0,3,7.1,658.0,0,0,0,0
1.356,1,0.0,0.0,0.0,1,4.3,178.2,0,0,0,0
0.971,3,4.4,5.9,3.6,1,5.0,676.0,0,0,0,0
1.383,2,4.9,3.8,3.5,8,6.8,1300.1,0,0,0,1
0.945,3,2.0,2.5,1.2,4,7.6,1189.5,0,0,0,0
0.963,3,1.2,0.4,1.0,1,5.5,765.1,0,0,0,0
0.712,2,1.1,0.0,0.9,3,7.8,294.6,1,0,0,0
1.237,3,0.0,0.0,0.0,5,3.3,357.9,0,0,0,0
0.783,2,0.1,0.0,0.0,3,4.6,392.5,0,0,0,0
0.873,1,0.0,0.0,0.5,2,2.8,1097.1,0,0,0,0
1.0,3,0.0,0.0,0.0,8,4.8,1214.0,0,0,0,0
1.035,3,1.9,1.0,1.6,12,9.0,739.2,0,0,0,0
0.62,0,4.8,5.0,2.7,3,9.9,574.2,0,0,0,0
0.937,2,0.7,0.0,0.0,3,6.8,1186.6,1,0,0,0
1.249,3,2.2,0.3,2.3,1,5.3,350.8,0,0,0,0
0.899,3,0.4,1.0,0.0,5,6.0,691.6,0,0,0,0
0.939,3,1.8,1.6,1.3,3,7.2,827.5,0,0,0,0
1.047,2,0.0,0.4,1.5,1,3.7,389.1,1,0,0,0
0.965,3,2.1,0.8,2.6,3,5.4,464.1,1,0,0,0
0.749,1,2.9,2.3,0.9,2,8.9,438.4,1,0,0,0
0.99,3,0.0,0.2,0.0,2,4.6,1142.9,0,0,0,0
1.321,2,0.7,1.3,0.9,3,5.1,1307.5,1,0,0,0
0.745,3,1.7,0.1,1.1,1,6.4,712.4,0,0,0,0
0.9,2,0.0,1.1,0.0,7,6.9,585.7,1,0,0,0
0.679,3,0.5,0.9,0.0,1,5.3,476.1,0,0,0,1
1.302,3,4.5,2.7,2.7,5,6.5,675.0,0,0,0,0
0.974,2,2.2,1.5,0.2,1,7.4,492.5,0,0,0,0
0.788,3,3.5,2.9,0.9,5,9.8,642.3,0,0,0,0
1.026,2,1.8,0.0,0.8,2,6.2,811.1,0,0,0,0
0.714,3,0.0,0.0,0.0,1,6.3,540.4,0,0,1,0
0.749,2,2.5,2.3,0.7,10,9.0,611.7,0,0,0,0
0.664,2,0.0,0.5,0.6,2,5.4,613.1,1,0,0,0
0.742,2,0.0,0.0,0.0,2,4.1,569.4,0,0,0,0
1.462,1,3.3,4.3,1.7,4,6.8,528.4,1,0,0,0
0.814,0,2.5,2.5,2.9,3,8.2,926.5,0,0,0,0
1.139,3,5.5,3.3,2.8,3,7.0,88.9,1,0,0,0
0.791,3,1.4,0.9,0.0,7,6.2,1195.0,0,0,0,0
1.237,3,1.9,1.2,2.2,4,3.9,719.2,1,0,0,0
0.75,0,2.7,3.7,0.8,2,6.3,876.1,0,0,0,0
1.011,2,2.0,0.5,1.2,3,8.5,914.2,0,0,0,0
1.015,1,0.9,1.8,0.3,1,4.3,440.3,0,0,0,0
1.919,3,2.8,3.3,2.5,4,6.0,372.0,0,0,0,0
1.193,3,2.8,4.4,1.8,3,5.7,333.1,0,0,0,0
0.847,1,0.0,0.0,0.0,2,5.2,592.7,1,0,1,0
1.211,3,3.0,3.2,2.1,5,6.8,905.6,1,0,0,0
1.82,1,4.5,4.8,2.4,10,7.2,481.4,1,0,0,0
0.634,1,1.0,2.0,2.1,4,7.1,875.4,0,0,0,0
0.79,1,0.0,0.0,0.0,2,4.7,50.0,0,0,0,0
0.936,1,1.2,1.1,0.0,2,3.5,546.9,1,0,0,0
0.89,3,0.9,1.2,0.8,6,6.8,1060.4,1,0,0,0
0.911,3,2.7,0.8,0.7,2,5.5,617.9,0,0,0,0
0.694,1,0.1,0.0,0.7,3,9.6,400.2,1,0,0,0
1.482,2,4.8,5.2,2.2,2,9.6,457.2,0,0,0,0
0.671,3,0.0,0.0,0.0,1,9.8,50.0,1,0,0,0
0.945,3,0.0,0.0,0.0,2,4.8,339.8,1,0,1,0
1.34,3,0.0,0.0,0.0,1,7.4,1024.0,1,0,0,1
0.992,1,3.7,3.4,1.0,2,7.9,481.8,0,0,0,0
0.76,3,3.3,1.0,0.8,5,7.7,520.8,0,0,0,0
0.685,1,1.0,0.0,0.0,3,5.8,50.0,0,0,0,1
0.938,3,4.5,3.2,4.2,2,8.6,135.1,1,0,0,0
0.809,2,0.0,0.0,0.3,1,6.4,1067.9,0,0,0,0
1.059,3,3.3,1.9,2.0,5,6.6,878.5,1,0,0,0
0.675,0,0.0,0.0,0.0,6,3.7,245.4,1,0,0,0
1.256,2,2.5,2.1,2.2,1,7.5,465.9,0,0,0,0
1.033,3,1.8,3.3,3.4,4,5.9,664.8,0,0,0,0
1.055,3,4.3,5.1,4.0,2,7.2,278.9,0,0,0,0
1.497,2,2.5,2.8,0.5,1,6.8,50.0,0,0,0,0
0.885,3,2.9,0.7,1.2,1,6.7,621.8,0,0,0,0
0.816,3,1.8,0.1,0.8,6,6.3,863.8,0,0,0,0
0.858,1,0.5,2.2,0.8,1,7.7,870.1,0,0,0,0
0.948,2,0.0,1.4,2.9,2,6.0,963.8,0,0,0,0
0.975,2,0.1,0.4,0.0,10,3.9,160.7,0,0,0,0
0.792,3,0.0,0.0,0.0,1,7.4,693.6,0,0,1,0
0.568,2,2.3,1.2,0.6,1,5.0,585.6,0,0,0,0
0.855,1,0.0,0.0,0.0,1,4.1,645.6,0,0,0,0
1.106,3,0.3,0.5,1.4,10,4.6,604.4,0,0,0,0
1.039,3,1.1,1.2,0.9,4,6.9,456.0,1,0,1,0
1.399,3,1.5,1.5,0.6,3,6.2,50.0,0,0,0,0
1.729,3,1.4,2.1,0.7,7,2.7,1058.6,0,0,1,0
1.237,3,0.0,2.6,2.0,1,5.7,783.5,1,0,0,0
1.473,3,2.4,3.7,1.5,4,8.4,183.6,0,0,0,0
1.239,3,2.2,0.9,1.1,2,5.6,830.9,0,0,0,0
1.614,2,3.6,2.9,0.1,1,6.1,526.5,0,0,0,0
1.679,2,5.0,5.9,3.6,3,8.2,535.9,0,0,0,0
1.305,1,1.2,1.1,0.1,5,7.8,420.3,0,0,0,0
1.219,3,1.7,1.0,0.0,3,8.1,852.0,1,0,1,0
0.944,1,1.2,0.4,0.9,2,1.6,409.9,1,0,0,0
0.988,1,1.3,0.1,0.5,1,9.4,311.7,0,0,0,0
0.91,3,0.0,0.0,1.5,3,7.5,1048.7,0,0,0,0
1.19,2,2.2,1.1,2.7,2,10.0,615.3,0,0,0,0
0.817,1,0.0,0.3,0.0,2,5.0,625.6,0,0,0,0
0.948,3,0.0,0.0,0.8,2,3.3,903.4,0,0,1,0
0.517,3,0.0,0.0,0.9,2,6.4,453.7,1,0,0,0
1.62,1,1.0,1.5,0.4,2,5.9,519.6,1,0,0,0
0.94,0,3.3,2.6,1.0,6,7.5,775.5,0,0,0,0
1.136,2,4.2,3.8,1.3,3,8.2,164.7,1,0,0,0
1.504,3,0.0,0.0,0.1,4,6.2,747.5,0,0,0,0
1.088,3,0.5,0.0,0.0,3,6.0,424.5,0,0,0,0
1.498,1,3.7,4.2,3.5,1,7.3,957.3,1,0,0,0
0.706,3,3.4,2.4,1.2,1,5.9,855.2,0,0,0,0
1.957,1,1.4,0.2,0.0,1,5.8,811.5,1,0,0,0
1.356,2,4.0,5.0,2.5,3,8.2,143.0,1,0,0,0
1.06,3,4.7,4.7,2.2,9,8.6,640.2,1,0,0,0
1.49,1,2.1,1.5,1.0,1,8.3,285.1,0,0,0,0
0.721,1,2.7,2.6,1.2,2,6.1,662.2,0,0,0,0
0.922,2,0.0,0.0,0.0,3,2.7,50.0,1,0,0,0
1.498,3,2.7,4.1,2.2,2,6.1,164.9,1,0,0,0
0.593,3,0.0,0.0,0.0,3,5.1,1067.6,0,0,0,0
1.17,3,2.8,2.0,3.0,2,6.2,796.5,1,0,0,0
1.161,0,2.2,2.8,1.6,2,5.2,557.4,0,0,0,0
1.736,1,4.1,7.3,5.3,5,6.3,373.9,0,0,0,0
0.642,3,1.6,2.5,1.3,3,4.6,315.9,1,0,0,0
1.569,1,1.6,1.1,1.4,4,4.2,740.6,0,0,0,0
0.855,3,4.7,6.0,4.0,3,8.5,560.8,0,0,0,0
0.882,3,1.9,2.1,2.0,1,4.7,1185.9,1,0,0,0
0.71,1,0.8,1.1,0.8,2,6.4,613.3,1,0,0,0
0.737,3,0.5,0.0,0.3,3,8.0,693.8,1,0,0,0
1.12,1,0.0,0.0,1.2,2,8.0,215.3,0,0,0,0
0.732,2,0.0,0.0,0.0,1,7.8,555.1,1,0,0,0
1.23,3,1.8,1.4,0.9,3,6.9,732.9,0,0,1,0
0.831,2,2.7,2.3,2.7,4,7.6,551.1,0,0,0,0
0.712,3,1.9,1.3,1.8,1,8.8,513.8,0,0,0,0
0.863,3,1.5,0.0,0.0,7,7.1,782.5,1,0,0,0
1.099,3,0.2,0.5,0.0,2,3.2,1175.3,1,0,0,0
0.925,3,0.5,0.3,0.0,1,5.5,722.4,1,0,0,0
1.01,2,2.5,3.6,1.5,1,7.6,1052.8,0,0,0,0
1.215,0,0.6,0.0,0.0,3,5.3,880.0,0,0,0,0
1.354,3,3.8,2.9,2.6,1,9.2,1033.0,0,0,0,0
0.917,3,0.0,1.0,0.3,2,6.3,472.8,0,0,1,0
0.746,1,0.0,0.0,0.0,7,6.5,606.0,0,0,0,0
1.022,2,3.4,4.5,3.1,9,8.3,607.4,0,0,0,0
1.141,2,1.1,0.0,0.8,6,6.1,855.1,1,0,0,0
0.664,0,0.0,0.0,0.0,2,6.7,936.5,1,0,0,0
0.779,3,2.8,1.7,1.7,6,7.9,715.8,1,0,0,0
0.818,2,0.0,0.0,0.0,4,3.8,964.3,0,0,0,0
0.943,3,0.4,2.3,1.6,5,5.9,488.1,0,0,0,0
0.808,3,0.0,0.0,0.0,4,7.8,967.2,0,0,0,0
1.219,3,3.6,3.3,2.5,1,6.5,1010.3,0,0,1,0
0.638,2,5.3,4.6,2.0,4,8.9,898.5,0,0,0,0
0.643,1,0.0,0.0,0.0,4,3.7,718.8,0,0,0,0
0.911,3,0.0,0.0,0.0,5,3.5,910.3,0,0,0,0
0.952,3,1.9,1.3,0.0,1,7.7,378.8,1,0,0,0
0.665,2,4.8,6.4,2.4,2,7.9,740.0,0,0,0,0
0.844,3,2.5,3.3,0.7,1,6.1,773.8,0,0,0,0
0.894,1,1.0,3.1,0.7,1,7.1,234.8,0,0,0,0
0.896,3,0.0,0.0,0.9,1,7.7,831.4,0,0,0,0
1.043,0,0.6,0.0,0.0,7,5.0,261.4,0,0,0,0
0.831,1,1.5,1.3,0.0,3,5.2,532.9,0,0,0,0
1.513,2,1.6,1.4,0.8,3,6.7,687.6,0,0,0,0
1.146,0,0.2,0.0,0.0,14,7.9,432.8,0,0,0,0
0.798,0,0.0,0.0,0.5,1,4.4,701.7,1,0,0,0
1.027,0,0.7,0.6,0.6,2,6.0,696.4,0,0,0,0
1.035,2,0.8,2.0,1.0,3,6.0,403.2,0,0,0,0
1.405,3,2.2,2.2,2.4,5,7.1,862.2,0,0,0,0
0.845,0,3.1,1.5,1.9,2,6.4,421.7,0,0,0,0
1.24,3,0.3,0.3,0.0,3,5.4,1431.0,0,0,0,0
1.012,3,2.7,2.1,1.2,2,8.5,638.2,1,0,0,0
1.518,1,2.0,2.3,0.4,7,5.5,287.1,0,0,0,0
1.435,1,3.5,2.2,4.3,3,5.9,348.9,0,0,0,0
1.057,3,1.0,1.9,0.7,8,3.6,1053.9,0,0,0,0
0.929,3,0.0,0.0,0.8,3,5.2,539.1,0,0,0,0
1.152,2,1.7,1.5,0.3,5,7.3,223.4,0,0,0,0
0.951,3,0.0,0.0,0.0,4,6.9,956.7,0,0,1,0
1.601,0,0.1,0.2,0.3,1,7.4,537.0,0,0,0,0
1.022,2,1.2,2.7,0.7,1,7.3,890.5,1,0,0,1
0.893,3,2.7,2.4,2.1,2,10.0,983.8,1,0,0,0
0.879,1,0.0,0.0,0.0,3,5.1,765.2,1,0,0,0
0.712,3,0.0,0.0,0.0,6,3.6,1466.7,0,0,0,0
1.169,2,2.7,2.3,1.1,4,4.6,104.1,1,0,0,0
0.795,3,1.2,1.3,0.0,2,5.2,403.9,0,1,0,0
1.36,2,0.0,0.0,0.0,1,4.7,589.8,0,0,0,0
0.696,2,0.0,0.0,0.0,2,6.5,1422.2,1,0,0,0
1.036,1,2.6,1.6,1.9,9,8.5,1269.0,0,0,0,0
1.38,1,2.4,2.0,0.8,4,9.0,1100.6,1,0,0,0
0.547,3,0.0,0.0,0.0,2,7.3,411.8,1,0,0,0
1.76,1,3.7,4.4,3.0,4,10.0,450.4,0,0,0,0
0.888,0,3.1,2.4,1.0,1,5.8,400.4,1,0,0,0
1.04,1,1.5,1.8,1.2,4,3.6,415.3,0,0,0,0
1.174,1,1.4,1.7,0.6,1,8.2,1168.0,1,0,0,0
1.225,3,0.0,0.8,1.1,1,3.2,593.8,1,0,1,0
1.08,2,0.7,0.8,0.2,3,5.1,637.5,0,0,0,0
1.322,3,0.1,0.2,0.3,5,7.3,930.5,0,0,0,0
1.156,1,0.3,1.3,0.0,5,6.2,124.3,0,0,0,0
1.637,3,3.0,1.1,0.7,6,6.1,691.8,0,0,0,0
1.157,2,2.7,1.6,1.8,3,4.3,311.7,0,0,0,0
1.733,2,6.7,5.6,3.8,2,6.4,577.1,1,0,0,0
1.287,3,2.8,2.1,3.0,4,8.1,480.5,0,0,0,0
0.603,3,0.0,0.0,0.0,6,6.4,463.4,1,0,0,0
2.077,3,5.3,5.7,3.7,1,5.0,749.0,0,0,1,0
0.851,1,2.9,1.1,1.6,5,4.2,747.6,0,0,0,0
1.52,1,1.2,1.1,2.0,8,5.0,601.7,0,0,0,0
1.008,3,1.3,1.7,1.1,5,7.1,797.0,1,0,0,0
1.346,1,2.6,1.8,0.0,2,7.0,387.2,0,0,0,0
0.825,3,0.0,0.0,0.0,5,5.0,899.8,0,0,0,0
1.191,3,0.8,0.3,0.0,2,2.6,606.2,0,0,0,0
0.932,2,0.2,0.0,0.0,2,7.1,514.5,1,0,1,0
1.556,3,1.7,1.5,2.3,10,4.8,411.6,0,0,1,0
1.131,3,3.3,2.8,2.5,3,7.6,594.6,0,0,0,0
1.3,0,0.0,0.4,0.0,6,5.1,1293.0,1,0,0,1
0.546,0,0.0,0.0,0.0,3,4.7,653.5,1,0,0,0
0.976,3,2.3,3.2,1.9,2,6.6,296.0,0,0,0,0
1.122,2,2.9,1.9,0.6,4,10.0,978.3,0,0,0,0
1.065,1,4.8,3.2,3.4,5,7.7,518.4,0,0,0,1
1.309,2,5.5,4.9,3.0,4,6.6,768.2,0,0,1,0
0.903,3,0.2,0.0,0.0,3,7.0,474.1,1,0,0,0
1.014,3,2.1,4.5,1.3,2,3.4,1097.9,0,0,0,0
1.392,3,4.4,2.3,2.7,2,4.5,479.1,0,0,0,0
0.528,2,0.0,0.0,0.0,1,2.1,1136.7,0,0,0,0
1.179,1,0.0,0.0,0.0,4,9.4,327.4,0,0,0,0
0.911,2,2.1,1.8,2.0,3,9.0,577.6,0,0,0,0
0.775,1,0.0,0.4,1.1,1,7.1,1137.4,1,0,0,0
1.099,3,2.0,3.4,1.5,3,6.6,730.0,0,0,1,0
1.41,3,0.5,0.8,2.1,4,3.7,1425.6,1,0,0,0
1.338,0,0.0,1.0,0.0,2,6.0,585.4,1,0,0,0
0.963,0,1.6,2.3,1.8,9,9.5,759.4,0,0,0,0
1.278,1,1.9,2.8,2.1,1,6.6,1304.4,0,0,0,0
1.275,3,1.2,0.0,0.0,2,5.4,173.8,0,0,0,0
0.976,3,0.0,0.0,1.3,5,3.4,132.8,0,0,0,0
0.824,1,0.0,0.5,1.4,5,8.8,411.3,0,0,0,0
0.837,3,0.3,0.9,0.4,3,6.3,943.4,1,0,0,0
1.264,2,0.0,0.0,0.0,3,3.4,142.1,0,0,0,0
0.988,2,1.0,2.5,0.9,1,4.8,871.8,0,0,0,0
0.746,3,0.0,0.0,0.0,1,4.2,848.6,0,0,0,0
0.624,0,0.0,0.0,0.0,3,6.2,1340.5,0,0,0,0
1.262,1,4.5,5.4,2.7,1,6.7,1020.1,1,0,0,0
0.858,3,0.0,1.9,1.4,1,5.5,794.8,0,0,0,0
1.097,1,2.0,2.0,0.9,4,7.7,1123.9,1,0,0,0
1.415,3,2.6,2.9,2.4,11,6.5,852.6,1,0,0,0
0.693,1,0.0,0.0,0.0,2,8.2,522.3,0,0,0,0
0.987,0,3.7,3.5,2.1,2,5.8,295.9,0,0,0,0
0.953,1,3.3,5.1,1.6,3,10.0,486.1,0,0,0,0
1.112,2,2.3,1.7,0.7,1,5.4,661.2,1,0,0,0
1.415,1,0.0,0.0,0.0,3,4.8,732.3,0,0,0,0
0.689,1,0.0,0.0,0.4,4,4.6,50.0,1,0,0,0
1.173,3,0.0,0.1,0.0,1,6.0,601.8,1,0,0,0
1.335,1,0.7,3.5,0.9,2,3.4,683.9,1,0,0,0
0.949,2,2.4,1.2,0.3,6,6.9,855.5,0,0,0,0
0.962,0,0.7,0.0,0.0,1,3.1,1212.4,0,1,0,0
1.124,2,0.0,0.0,0.0,4,6.7,735.8,1,0,0,0
1.101,1,2.4,2.9,2.7,3,4.1,373.6,0,0,0,0
1.177,3,0.1,0.0,0.5,1,5.7,73.2,1,0,0,0
1.17,1,5.3,3.7,3.0,2,7.4,901.6,0,0,0,0
0.76,3,2.0,3.2,1.8,2,10.0,387.0,0,0,0,1
1.32,3,2.6,2.0,1.1,1,4.5,961.1,1,0,0,0
1.386,0,1.8,1.5,3.0,3,6.1,1136.5,0,0,0,0
1.053,1,2.6,3.3,1.6,1,5.1,163.8,0,0,0,0
0.658,1,1.3,1.2,0.6,9,4.9,857.6,0,0,0,0
0.968,3,2.3,2.4,2.6,2,5.2,1101.9,0,0,0,0
1.056,1,3.1,1.8,1.0,2,7.8,1011.4,1,0,0,0
0.726,3,1.0,0.0,0.1,2,5.5,50.0,0,0,0,0
0.904,3,4.0,4.1,1.8,1,10.0,392.1,0,0,0,0
0.674,3,2.5,2.6,2.1,5,7.1,251.1,0,0,0,0
1.185,2,4.6,2.3,1.8,2,4.6,847.5,1,0,0,0
1.048,3,1.4,1.6,0.8,2,5.8,811.1,0,0,0,0
0.631,0,0.0,0.0,0.0,8,5.0,50.0,1,0,0,0
1.103,2,3.2,3.3,3.8,4,7.8,574.9,1,0,0,0
0.984,1,0.0,0.0,0.0,2,3.6,939.2,0,0,0,0
1.156,3,1.8,2.3,0.0,6,4.1,723.3,1,0,0,0
0.896,3,0.0,1.3,0.0,4,5.4,722.8,1,0,0,0
0.799,3,0.0,0.0,0.0,3,7.6,553.7,0,0,0,0
0.806,1,2.9,1.6,2.0,6,8.5,324.2,0,0,0,0
0.86,3,5.4,4.5,3.4,2,8.8,668.8,1,0,0,0
1.005,2,0.5,0.0,0.7,2,7.3,691.6,1,0,0,0
1.042,2,2.1,3.1,1.0,5,6.2,877.9,1,0,0,0
0.948,3,3.0,5.2,3.3,2,7.8,904.7,1,0,0,0
0.888,2,1.2,0.0,1.6,4,4.4,702.8,0,0,0,0
0.906,2,0.0,0.0,0.0,4,3.2,1036.5,1,0,0,0
2.018,3,4.7,4.6,4.1,14,7.1,550.4,1,0,1,0
0.806,1,0.1,0.4,0.0,7,4.7,196.9,0,0,0,0
0.855,1,2.6,1.6,1.8,1,6.3,832.2,0,0,0,0
2.5,1,8.5,8.0,5.5,1,6.6,716.2,0,0,0,0
1.125,1,0.0,0.0,0.0,6,6.8,838.7,1,0,0,0
0.68,3,1.0,0.0,0.0,2,8.0,256.3,0,0,0,0
1.266,3,2.0,2.1,0.7,1,7.8,1266.6,1,0,0,0
0.775,2,0.0,1.2,0.6,4,6.7,909.4,0,0,0,0
1.29,2,0.0,0.0,0.0,5,5.6,579.2,0,0,0,0
0.943,2,1.6,0.0,0.0,1,6.6,365.1,0,0,0,0
0.884,3,0.6,1.0,0.2,3,5.4,1030.6,0,0,0,0
1.569,3,3.6,1.1,1.2,5,6.0,310.1,1,0,0,0
1.172,3,1.3,0.8,0.9,1,10.0,1422.2,0,0,0,0
1.313,2,3.5,3.2,2.2,1,6.7,471.6,1,0,0,0
1.13,2,2.5,2.9,1.7,1,7.2,1243.4,0,0,0,0
0.883,2,0.3,0.0,0.0,4,5.2,613.4,1,0,0,0
1.187,3,3.5,4.6,3.2,1,8.1,1197.1,0,0,1,0
1.403,2,3.3,2.4,1.1,3,7.7,431.4,0,0,0,0
1.038,3,0.0,0.3,0.7,2,7.7,680.6,0,0,0,0
1.656,3,1.8,1.5,0.6,3,6.8,940.5,0,0,0,0
1.269,1,1.2,3.0,1.2,1,8.2,893.4,0,0,0,0
1.061,2,3.8,4.2,3.1,2,8.6,1038.4,1,0,0,0
1.073,2,1.2,0.0,0.0,2,6.9,513.2,0,0,0,0
1.039,0,2.5,2.7,1.2,1,6.2,702.5,0,0,0,0
0.704,1,0.0,0.0,1.6,1,7.9,1087.2,0,0,0,0
0.975,3,1.9,3.2,1.6,9,4.8,441.2,0,0,0,0
1.064,2,1.8,0.5,1.4,1,5.1,863.7,1,0,0,0
0.89,1,1.0,0.0,0.6,6,6.3,601.9,0,0,0,0
1.099,3,0.6,2.9,1.9,3,3.4,742.5,1,0,0,0
1.006,3,4.6,1.7,3.8,1,7.8,702.4,1,0,0,0
1.242,1,0.6,0.0,0.0,1,4.7,413.7,0,0,0,0
1.204,3,0.0,0.1,0.0,8,5.6,588.2,0,0,1,0
1.048,3,0.7,1.6,2.0,1,6.0,722.3,0,0,0,0
0.682,3,1.0,0.5,1.0,3,6.5,640.4,0,0,0,0
1.651,3,0.7,1.7,0.0,3,5.8,1194.5,0,0,0,0
0.961,0,2.6,1.9,1.4,6,6.3,1008.4,1,0,0,1
0.978,3,0.0,0.0,2.2,4,6.3,770.3,0,0,0,0
0.909,2,0.0,0.0,0.0,4,5.6,422.1,0,0,0,0
0.872,3,0.0,0.2,0.5,2,5.1,401.9,1,0,0,0
1.541,3,5.4,6.0,5.1,2,8.3,1327.1,0,0,0,0
1.474,0,2.6,3.0,4.1,3,2.8,340.5,1,0,0,0
1.133,0,2.5,3.1,2.2,2,6.0,712.1,0,0,0,0
0.97,3,1.3,1.4,1.8,2,5.6,793.8,0,0,0,0
1.189,3,3.1,2.8,1.4,3,7.1,571.5,1,0,0,0
1.021,0,0.6,0.0,0.3,1,3.9,343.0,1,0,0,0
0.948,3,0.0,0.0,0.0,3,5.5,414.9,1,0,0,0
1.099,3,0.0,0.3,0.0,1,6.2,493.7,0,0,0,0
0.884,2,0.0,0.0,0.0,1,8.2,439.8,1,0,0,0
1.073,2,4.5,3.1,2.9,2,7.0,1113.5,0,0,0,0
1.059,0,1.4,1.7,1.8,1,4.3,671.4,0,0,0,1
1.184,3,0.0,0.0,0.0,1,5.5,501.2,0,0,0,0
0.841,2,0.9,2.3,2.2,6,7.9,709.8,0,0,0,0
1.22,3,0.0,2.9,0.0,3,4.3,895.3,0,0,0,0
0.776,2,0.0,0.0,0.4,1,6.3,560.5,0,0,0,0
0.852,3,0.0,0.2,0.0,13,6.4,972.7,1,0,0,0
0.862,1,3.1,2.6,1.9,1,5.7,254.1,1,0,0,0
0.741,1,1.8,1.7,2.0,2,10.0,1061.7,1,0,0,0
1.329,3,2.6,2.6,2.1,1,5.7,671.5,0,0,0,0
0.762,2,0.7,1.2,1.3,3,7.2,658.5,1,0,0,0
0.822,2,0.0,0.0,0.0,3,5.1,445.2,0,0,0,0
1.421,3,2.5,3.0,1.0,4,7.3,268.4,0,0,0,0
0.852,3,1.2,3.4,2.9,2,7.9,123.3,1,0,0,0
0.949,3,3.1,3.2,1.1,13,5.4,422.2,0,0,0,0
0.753,1,0.0,0.0,0.0,8,6.3,868.7,0,0,0,0
1.263,3,0.0,0.0,0.0,6,4.8,356.5,0,0,0,0
1.268,3,2.2,3.5,1.2,1,4.4,162.4,0,0,0,0
1.23,2,3.6,4.5,2.6,4,8.2,373.8,1,0,0,0
1.162,1,2.3,2.4,1.1,9,5.4,547.2,0,0,0,0
1.021,3,2.0,0.2,1.7,5,2.2,560.2,0,0,0,0
0.863,2,0.0,0.1,0.0,1,9.4,631.8,0,0,0,0
0.796,3,0.0,0.0,0.0,5,5.0,1015.9,0,0,0,0
1.435,3,0.0,0.0,0.0,2,6.0,1087.5,1,0,0,1
1.239,3,4.1,2.2,2.5,3,9.2,1337.6,1,0,0,0
0.824,2,0.0,0.0,0.0,1,6.1,137.1,1,0,0,0
1.011,2,4.8,2.6,2.2,1,6.1,391.4,1,0,0,0
0.919,2,2.6,1.6,0.6,1,4.3,905.4,0,0,0,0
0.729,1,0.0,0.0,0.6,2,3.6,524.3,1,0,0,0
1.051,3,0.0,0.0,0.0,1,6.1,959.1,0,0,0,0
0.89,3,1.7,1.7,1.3,2,7.0,742.9,0,0,0,0
0.766,1,1.8,2.5,3.1,4,6.9,1196.6,1,0,0,0
0.661,1,0.2,0.0,0.0,4,5.6,1019.2,0,0,0,0
0.645,3,1.5,1.6,0.8,9,6.4,1025.3,1,0,0,0
0.901,0,0.0,0.0,0.0,5,3.2,538.2,1,0,0,0
0.976,2,1.7,0.3,0.0,1,7.2,642.2,1,0,0,0
0.783,2,0.6,1.6,0.0,4,6.7,573.5,0,0,0,0
1.2,3,0.0,0.0,0.0,3,9.8,176.4,0,0,0,0
0.982,1,3.8,4.6,2.2,2,6.4,1161.1,1,0,0,0
1.175,3,1.5,0.9,0.6,6,4.8,920.9,0,0,1,0
0.95,2,2.3,1.8,2.0,2,6.3,560.3,0,0,0,0
0.802,3,0.9,0.0,0.3,4,5.8,1105.8,1,0,0,0
1.032,0,0.0,0.0,0.9,1,7.1,466.0,1,0,0,0
0.702,2,3.1,1.8,1.7,4,6.4,66.6,1,0,0,0
1.163,2,0.0,0.0,0.0,2,4.2,1007.5,0,0,0,1
0.769,1,0.7,0.0,0.0,2,3.6,251.6,0,0,0,0
1.293,1,2.1,3.7,2.3,2,6.8,609.7,0,0,0,0
0.91,1,2.7,2.5,1.7,3,8.8,742.6,0,0,0,0
1.347,2,0.8,2.3,1.5,7,6.5,801.9,0,0,0,0
0.73,0,0.0,0.1,1.2,3,7.8,955.0,0,0,1,0
0.827,3,0.4,0.6,0.3,4,8.1,866.5,0,0,0,0
1.113,2,4.0,2.0,3.2,1,6.8,856.3,0,0,0,0
1.388,3,2.3,3.2,1.9,6,5.0,412.9,0,0,0,0
1.595,3,4.3,4.3,1.6,5,6.7,771.7,0,0,0,0
1.012,0,0.0,1.6,0.5,1,8.5,176.5,0,0,0,0
1.673,3,5.7,8.0,4.6,9,7.3,1191.0,1,0,0,0
0.922,3,0.0,0.0,0.0,2,7.7,210.6,0,0,0,0
1.36,3,0.0,0.0,0.0,1,5.6,559.9,1,0,1,1
0.768,2,0.0,0.0,0.0,9,6.0,238.3,0,0,0,0
1.125,2,1.2,1.1,1.0,1,6.2,433.0,0,0,0,0
0.519,0,0.9,1.5,1.2,3,6.3,678.9,0,0,0,0
0.73,2,1.8,2.1,0.1,4,8.4,499.6,0,0,0,0
1.14,3,0.2,0.0,0.0,2,2.3,1052.8,0,0,0,0
0.692,3,0.5,0.6,2.2,6,6.4,749.4,1,0,0,0
1.127,0,2.1,2.5,2.0,4,6.2,521.3,1,0,0,0
1.289,3,3.7,4.1,3.3,3,4.0,630.2,0,0,0,0
0.869,1,0.6,0.7,0.6,3,7.5,1077.8,0,0,0,0
0.762,3,0.0,0.0,0.0,3,5.1,975.0,1,0,0,0
0.876,0,2.2,0.4,0.6,5,5.8,297.8,0,0,0,0
0.763,3,0.0,0.0,0.0,1,9.6,449.3,0,0,0,0
0.972,3,2.0,1.0,0.8,2,8.1,831.4,1,0,0,0
1.029,1,2.8,2.9,1.9,2,7.4,791.3,0,0,0,0
0.918,0,1.8,1.9,0.2,2,7.0,327.1,0,0,0,0
1.598,3,4.1,2.7,1.2,5,6.1,922.1,0,1,0,0
0.818,1,1.1,4.7,1.9,4,9.8,379.8,0,0,0,0
1.476,2,4.5,3.8,2.7,3,7.8,1105.6,0,0,0,0
0.747,3,2.6,3.0,1.2,3,5.1,849.5,1,0,0,0
1.021,3,0.0,0.8,0.0,5,4.0,300.1,0,0,0,0
1.393,2,2.6,1.7,2.2,8,7.4,499.5,1,0,0,0
1.373,2,0.0,0.0,0.8,1,6.3,493.7,1,0,0,0
0.889,0,0.1,0.9,1.7,6,3.9,727.3,1,0,0,0
1.168,3,2.8,2.1,2.8,2,7.1,607.0,0,0,0,0
1.125,1,1.1,3.0,1.6,6,5.9,295.6,0,0,0,0
0.86,1,0.4,0.0,0.3,4,7.3,213.4,0,0,0,1
1.188,1,4.0,3.3,2.5,1,7.1,856.0,0,0,0,0
1.685,3,2.7,2.5,0.9,4,5.3,769.1,1,0,0,0
1.141,0,2.0,3.1,1.9,2,7.5,709.3,0,0,0,0
1.172,3,1.5,0.9,1.4,2,5.5,763.9,1,0,0,0
1.207,3,1.2,4.3,1.1,3,5.6,469.7,0,0,0,1
0.664,3,0.0,0.0,0.0,2,5.5,735.3,0,0,0,0
1.138,3,2.5,1.3,1.7,1,8.3,1513.9,0,0,0,0
0.752,3,0.0,0.0,0.0,7,5.9,1062.8,1,0,0,0
0.848,3,1.2,0.8,1.1,2,8.8,579.0,0,0,0,0
1.832,1,6.8,5.3,4.7,1,9.5,501.3,0,0,0,0
0.932,3,0.3,0.0,0.0,1,5.1,50.0,1,0,0,0
0.813,2,0.0,0.0,0.0,2,1.3,1027.8,0,0,0,0
1.381,2,2.7,2.2,2.4,9,8.2,934.5,0,0,0,0
0.767,3,0.0,0.0,0.0,3,5.8,494.6,0,0,1,0
0.882,3,1.0,2.9,1.0,1,4.9,201.0,0,0,0,0
1.419,3,1.3,0.9,0.7,1,5.4,292.4,0,0,0,0
1.012,2,2.0,2.3,1.1,5,5.7,821.4,0,0,0,0
0.646,2,1.4,3.3,2.6,1,8.6,644.9,0,0,0,0
1.165,2,3.2,3.8,3.2,6,6.7,903.1,0,0,1,0
0.895,2,1.9,0.9,1.0,1,8.6,703.0,0,0,0,0
1.539,2,3.7,4.5,2.3,5,7.2,994.1,0,0,0,0
0.844,0,1.8,0.7,0.1,2,5.9,796.6,0,0,0,0
1.342,0,1.4,0.2,2.6,3,5.7,948.5,0,0,0,0
1.644,3,0.5,2.6,0.8,3,7.4,50.0,0,0,0,0
0.788,2,2.2,0.7,1.1,3,7.8,266.2,0,0,0,0
0.947,3,4.3,2.6,0.9,4,8.1,553.9,0,0,1,0
1.115,3,1.1,2.4,0.6,1,5.9,1031.4,1,0,0,0
0.787,0,0.0,0.0,0.0,2,6.7,1296.3,1,0,0,0
1.079,1,2.9,4.6,2.0,1,7.4,620.1,0,0,0,1
0.939,1,0.0,0.0,0.3,8,5.7,472.2,0,0,0,0
0.934,3,0.0,0.0,0.0,2,4.4,50.0,0,0,0,1
1.014,1,2.3,2.4,2.0,5,5.0,960.0,1,0,0,0
1.02,2,0.0,0.0,0.0,1,6.0,492.5,0,0,0,0
1.047,3,4.5,4.6,2.2,1,7.5,1652.7,0,0,0,0
0.846,3,4.0,3.5,2.2,3,8.6,429.9,0,0,1,0
0.856,1,0.0,0.0,0.0,3,4.0,1370.6,0,1,0,0
0.967,0,0.9,1.0,0.7,2,5.4,921.9,0,0,0,1
0.988,1,5.0,5.2,3.3,3,5.8,334.4,1,0,0,0
0.884,0,1.7,2.6,1.4,1,7.8,751.2,1,0,0,0
1.095,1,2.2,2.1,1.2,8,5.5,929.5,0,0,0,0
0.602,3,2.7,5.1,3.2,1,5.6,599.9,0,0,0,0
0.815,3,0.0,0.0,0.0,4,4.0,951.5,0,0,0,0
0.925,2,0.8,4.1,2.1,8,7.2,944.2,0,0,0,0
0.787,3,0.0,0.0,0.0,2,6.1,871.6,0,0,0,0
1.578,1,1.0,0.0,0.0,4,5.3,669.0,0,0,0,0
1.005,3,1.4,1.0,1.1,1,5.9,285.9,1,0,0,0
1.051,3,3.1,2.5,0.8,6,8.3,649.0,1,0,0,0
0.873,3,0.0,0.7,0.0,1,4.7,732.6,0,0,0,0
0.996,3,0.0,0.0,0.0,3,4.9,54.0,1,1,1,0
0.712,2,2.4,2.3,1.5,5,8.5,730.4,0,0,0,0
0.954,0,0.4,1.5,0.0,2,6.5,642.4,0,0,0,0
0.769,1,1.2,1.8,2.7,4,7.5,245.6,0,0,0,0
0.925,2,2.2,1.9,2.1,11,7.1,564.3,0,0,0,0
0.488,3,0.0,0.0,0.0,1,6.3,571.3,0,0,0,0
0.729,2,0.0,0.0,0.0,5,5.8,1312.7,1,0,0,0
1.507,3,5.2,5.9,4.2,11,7.8,747.2,0,0,1,1
1.262,2,4.1,4.2,2.1,2,8.4,1017.0,0,0,1,0
1.447,1,3.6,2.8,4.2,1,8.3,635.5,0,0,0,0
1.475,1,4.8,4.8,3.1,2,4.3,54.7,1,0,0,0
1.207,3,2.0,4.3,2.4,1,8.6,896.7,0,0,0,1
0.881,3,0.6,0.0,0.0,5,5.8,456.8,0,0,0,0
0.748,2,0.0,0.0,0.0,4,5.1,563.4,0,0,0,0
1.379,1,2.9,2.7,0.0,2,6.1,326.2,1,0,0,0
1.018,3,1.6,4.7,1.1,1,7.8,698.5,1,0,1,0
2.01,1,6.6,7.0,5.5,9,7.3,1026.7,0,0,0,0
0.903,3,2.0,0.8,1.7,2,5.9,982.9,1,0,0,0
1.737,1,6.3,6.4,3.0,6,7.8,1198.9,0,0,0,0
0.957,1,1.1,0.4,0.0,4,6.6,1245.8,0,0,0,0
1.454,2,0.1,1.3,0.8,7,5.4,50.0,0,0,0,0
1.608,2,0.0,1.6,0.8,3,5.2,279.7,0,0,0,0
0.751,2,1.0,0.6,0.1,4,7.1,76.5,1,0,0,0
0.873,2,0.0,0.0,0.0,2,6.2,883.4,0,0,1,0
0.749,3,3.2,2.6,0.2,4,4.0,445.2,0,0,0,1
0.709,2,1.6,2.1,0.8,9,7.8,512.6,1,0,0,0
1.205,2,1.1,1.9,0.7,2,5.6,602.8,1,0,0,0
0.946,2,5.3,5.3,2.8,1,9.1,800.9,0,0,0,0
1.015,0,0.0,0.0,0.0,1,4.0,183.2,0,0,0,0
1.169,3,1.2,0.7,1.4,7,6.1,258.1,1,0,1,0
0.594,1,1.3,1.9,2.4,11,5.2,674.8,0,0,0,0
1.434,3,2.3,1.9,0.5,6,4.7,1070.8,1,0,0,0
0.907,0,4.5,4.9,2.8,2,5.5,666.0,0,0,0,0
1.161,3,3.5,4.6,2.4,2,9.4,412.6,1,0,0,0
1.19,2,4.7,3.2,2.2,2,6.6,50.0,0,1,0,0
1.468,3,4.2,3.9,3.2,7,5.0,989.4,0,0,0,0
0.971,2,0.0,0.0,0.3,5,3.2,431.1,0,0,0,0
0.552,0,0.0,0.0,0.0,3,3.4,295.0,0,0,0,0
1.016,3,1.2,0.7,1.3,1,5.5,107.2,1,0,0,0
1.058,3,0.0,0.5,0.0,1,5.3,198.5,1,0,0,0
0.749,3,0.0,0.2,2.4,6,6.0,356.6,0,0,0,0
1.042,2,1.3,1.2,1.0,1,2.5,595.4,0,0,0,0
0.904,3,2.7,3.2,1.8,2,6.2,274.7,0,0,0,0
0.687,3,2.4,1.9,1.4,2,8.2,735.8,0,0,0,0
1.207,3,6.4,5.7,2.9,2,9.2,592.9,0,0,1,0
0.854,2,0.0,0.0,0.0,6,3.1,1409.2,1,0,0,0
0.892,3,0.0,0.0,0.3,1,5.0,110.8,1,0,0,0
0.879,3,0.0,0.0,2.0,7,4.9,727.8,0,0,0,0
1.413,3,5.2,3.8,3.2,2,6.6,732.0,0,0,0,0
0.989,2,0.3,0.2,0.4,4,4.3,333.6,0,0,0,0
1.022,2,0.0,0.0,0.6,6,9.3,705.9,0,0,0,0
0.884,3,1.5,0.1,1.9,1,6.5,928.9,0,0,0,0
1.138,2,0.3,0.0,0.0,1,6.2,706.3,0,0,0,0
1.459,3,1.2,0.3,3.2,8,9.1,1132.2,0,0,0,0
1.199,2,5.6,4.8,3.1,3,6.4,50.0,0,0,0,0
1.212,1,0.9,2.2,0.1,3,7.1,395.9,1,0,0,0
1.185,3,1.4,2.2,0.8,1,5.1,1162.2,0,0,0,0
0.679,1,0.0,0.0,0.0,1,4.0,976.0,0,0,0,0
0.782,1,0.3,0.0,0.1,2,5.3,853.2,0,0,0,0
0.944,3,0.8,0.7,0.0,6,10.0,1082.2,1,0,0,0
0.816,3,1.2,0.5,0.5,5,7.5,50.0,0,0,0,0
0.742,3,1.6,2.4,1.3,1,6.9,937.5,0,0,0,0
0.592,1,1.1,1.6,2.2,3,4.7,1026.4,0,0,0,0
0.686,1,3.7,2.2,2.1,1,8.0,456.6,0,0,0,0
0.931,3,0.0,0.0,0.0,6,4.0,1543.9,0,0,0,0
0.981,1,0.4,1.5,0.6,3,3.7,739.3,1,0,0,0
0.801,1,1.6,1.1,0.9,1,5.4,50.0,0,0,0,0
1.022,1,0.0,1.5,0.0,3,9.8,800.5,0,0,0,0
0.886,2,3.6,2.1,1.6,2,9.7,436.4,0,0,0,0
1.357,3,2.9,3.6,2.2,3,5.6,1059.7,1,0,0,0
0.956,3,0.0,0.0,0.8,7,5.2,855.6,1,0,0,0
1.215,3,0.6,1.8,0.0,6,3.6,476.7,1,0,0,0
1.059,1,0.0,0.0,0.0,6,6.5,1171.3,0,0,0,0
0.675,2,3.6,1.8,2.1,6,6.7,985.1,1,0,0,0
0.975,2,0.0,0.0,0.0,2,7.7,400.6,1,0,0,0
0.708,1,2.2,1.8,1.8,12,8.0,624.1,0,0,0,1
0.97,1,1.2,1.5,0.8,2,6.0,845.4,0,0,0,0
0.812,1,1.5,2.5,1.4,14,7.3,554.0,1,0,0,0
1.113,1,0.4,0.6,0.0,2,5.2,563.8,0,0,0,0
0.687,2,2.8,1.1,2.5,1,7.3,686.6,0,0,0,0
1.004,3,1.6,1.0,1.4,3,5.5,322.0,0,0,0,0
1.174,0,0.0,0.8,0.0,1,7.2,50.0,0,0,0,0
1.289,2,0.6,0.8,2.7,3,7.0,753.5,0,0,0,0
0.807,3,0.3,1.2,0.0,6,6.5,50.0,1,0,0,0
1.005,3,0.0,0.0,0.3,1,7.8,346.0,1,0,1,0
1.053,3,2.3,2.1,1.3,6,3.7,88.6,0,0,0,0
1.542,2,3.3,4.7,3.1,3,4.5,129.3,0,0,0,0
0.66,3,2.3,2.5,2.4,2,5.9,815.4,0,0,0,0
0.775,1,2.3,3.8,0.6,9,3.9,600.9,0,0,0,0
2.193,2,3.9,2.9,2.6,1,5.7,589.0,1,0,0,0
0.926,1,0.0,0.6,1.0,3,5.7,239.3,0,0,0,0
0.589,2,0.0,0.0,0.0,2,8.6,457.5,0,0,0,0
0.849,2,0.0,0.9,0.4,3,6.6,798.9,0,0,0,0
0.461,1,3.1,2.7,2.3,7,8.2,657.2,1,0,0,0
1.07,3,0.0,0.4,0.2,4,6.9,946.5,0,0,0,0
1.255,1,1.7,1.7,0.0,1,5.5,993.6,1,0,0,0
0.775,1,0.0,0.0,0.5,1,6.6,591.0,0,0,1,0
0.877,1,2.0,2.5,1.3,4,7.6,61.9,0,0,0,0
1.295,2,5.0,4.6,4.2,3,8.4,424.2,1,0,0,0
0.613,1,0.0,0.0,0.0,1,6.2,642.1,0,0,0,0
0.691,2,0.0,0.0,0.0,8,3.5,417.6,1,0,0,0
0.938,1,2.1,1.7,1.7,7,3.4,325.7,0,0,0,0
0.81,3,0.9,2.5,0.2,1,5.8,697.5,1,0,1,0
0.921,3,0.0,0.0,0.5,1,2.4,1478.1,1,0,0,0
0.702,2,3.9,4.8,2.5,2,9.5,513.0,1,1,0,0
1.062,3,0.0,0.0,0.0,2,7.4,673.5,0,0,0,0
0.959,3,1.8,3.3,2.4,2,5.3,240.5,1,0,0,0
1.166,3,0.9,1.0,0.8,1,4.5,1085.6,1,0,0,0
1.058,3,2.3,2.4,1.9,1,8.2,963.7,0,0,0,0
1.06,3,0.0,0.0,0.0,3,4.5,940.9,0,0,0,0
0.667,3,0.0,0.0,0.0,5,4.6,1124.1,1,0,0,0
1.148,3,2.1,2.7,1.4,3,5.1,533.1,0,0,0,0
0.912,2,1.9,0.6,1.4,1,6.6,574.4,1,0,0,0
0.954,0,2.3,3.6,1.3,4,7.5,1239.8,1,0,0,0
1.341,0,6.4,5.9,3.6,1,8.4,883.6,0,0,0,0
0.818,2,0.0,0.3,0.6,13,8.2,50.0,0,0,0,0
1.46,2,4.2,2.6,3.1,6,6.4,824.8,0,0,0,0
1.498,2,1.9,1.3,0.0,1,8.1,482.1,0,0,0,0
1.235,3,0.1,0.9,0.9,1,5.2,971.4,1,0,0,0
0.76,3,0.0,0.0,0.0,2,3.2,809.4,0,0,1,0
0.542,3,0.0,0.0,0.0,3,5.2,98.8,0,0,0,0
1.353,1,3.6,4.4,1.7,4,5.0,763.3,1,0,0,0
1.032,1,0.0,0.0,1.0,1,5.3,744.1,0,0,0,0
0.812,3,0.0,0.0,0.0,3,4.7,794.6,1,0,1,0
1.389,3,3.2,1.5,2.5,1,5.6,864.7,0,0,0,0
0.786,3,0.1,0.4,0.0,5,7.5,1169.1,0,0,0,0
0.888,3,1.0,0.6,2.7,3,9.3,811.3,0,0,0,0
1.158,3,1.2,1.7,2.3,3,3.4,682.0,1,0,0,0
0.732,1,0.0,0.0,0.6,2,4.2,1054.0,1,0,0,0
0.97,2,0.0,0.0,0.5,6,5.0,1416.1,1,0,0,0
1.357,1,5.2,3.7,3.1,7,7.7,977.0,1,0,0,0
1.061,3,0.3,0.0,0.3,1,6.0,742.6,1,0,0,0
1.418,3,0.0,0.0,0.0,2,5.1,817.4,1,0,0,0
1.374,2,0.0,0.0,0.0,1,7.6,759.1,0,0,0,0
1.002,3,3.5,3.4,0.0,2,8.0,680.5,1,0,0,0
0.52,1,0.0,0.0,0.0,1,6.4,1390.4,0,0,0,0
0.734,1,0.0,0.0,0.0,1,5.0,426.7,1,0,0,0
1.238,1,3.8,1.7,2.0,1,6.9,1056.3,0,0,0,0
0.648,0,1.3,1.6,0.0,4,6.0,632.8,0,0,0,0
0.913,3,0.0,0.0,0.0,2,6.0,184.9,1,0,0,0
1.099,2,1.9,4.8,0.5,4,5.5,612.1,0,0,0,0
1.509,3,6.0,7.5,5.9,2,8.0,493.6,0,0,0,0
0.851,3,2.3,4.3,1.8,2,6.8,865.4,1,0,1,0
0.835,1,3.3,3.8,0.6,3,8.2,704.6,0,0,0,0
0.985,1,2.7,2.8,1.6,1,8.7,336.4,0,0,0,0
1.103,3,0.0,0.8,1.5,4,7.2,1160.9,0,0,0,0
0.958,1,1.2,0.1,0.6,1,5.5,1034.9,0,0,0,0
1.342,3,3.6,2.9,1.8,1,8.2,1198.9,0,0,0,0
0.8,1,0.0,0.0,0.0,1,7.2,752.8,1,0,0,0
1.034,3,2.1,2.8,0.9,3,10.0,662.6,1,0,0,0
1.133,3,0.0,0.0,0.0,1,6.9,907.1,0,0,0,0
0.894,1,2.7,1.1,0.2,3,7.6,483.5,1,0,0,0
1.265,1,2.2,1.1,1.5,3,6.9,717.4,0,0,0,0
1.043,3,1.4,0.4,0.0,2,6.2,616.3,1,0,1,0
1.247,1,2.2,3.9,2.8,1,5.9,191.3,0,0,0,0
1.056,2,1.1,1.0,0.8,1,6.9,716.6,0,0,0,0
1.111,2,0.1,1.9,0.0,2,7.3,528.6,1,0,0,0
0.838,1,4.7,3.0,1.3,4,8.4,594.2,1,0,0,0
0.838,3,1.5,2.3,1.2,2,6.9,794.7,0,0,0,0
1.409,3,1.7,1.9,0.6,2,5.6,1095.2,1,0,0,0
1.195,2,1.6,1.0,1.5,2,5.8,393.7,0,0,0,0
0.751,3,0.0,0.0,0.0,2,4.1,563.1,0,0,0,0
1.052,1,2.1,3.5,1.9,1,9.3,421.4,0,0,0,0
0.514,0,0.0,0.0,0.9,2,5.5,399.9,0,0,0,0
0.852,3,0.0,2.2,1.6,6,8.1,477.8,0,0,0,0
1.309,3,4.8,3.3,0.9,1,6.9,609.4,0,0,1,0
0.966,0,1.7,1.7,0.0,3,6.9,868.2,0,0,0,0
1.034,1,0.0,0.5,1.0,6,6.2,780.4,0,0,0,0
0.43,2,0.0,0.7,0.0,11,5.0,324.9,1,0,0,0
0.896,3,1.5,1.4,0.9,4,4.7,1102.4,0,0,0,0
1.099,0,3.1,4.8,2.9,2,9.4,986.7,1,0,0,0
1.139,2,0.0,0.0,0.5,1,6.6,376.4,0,0,0,0
1.309,3,4.2,4.1,3.3,1,8.3,1079.2,0,0,0,0
0.943,2,0.9,1.9,0.0,1,8.8,782.5,1,0,0,0
0.955,1,0.2,1.7,0.9,2,5.7,622.7,0,0,0,0
0.689,1,1.3,0.0,0.0,9,7.1,792.8,0,0,0,0
0.944,2,0.0,0.0,0.0,3,6.5,665.9,0,0,0,0
0.702,2,0.0,0.0,0.0,3,4.4,854.7,0,0,0,0
0.596,3,0.0,0.5,0.0,3,6.1,736.4,0,0,0,0
0.738,3,0.0,0.0,0.0,1,7.4,562.8,0,0,1,0
1.526,3,2.2,3.3,0.9,1,5.5,50.0,0,0,1,0
0.927,3,0.0,0.0,0.0,1,5.8,848.7,0,0,0,0
1.064,2,4.8,5.2,3.2,8,6.1,550.9,0,0,0,0
0.866,2,3.2,3.0,1.2,1,10.0,931.7,0,0,0,0
0.606,3,0.0,0.0,0.5,1,3.2,833.7,1,0,0,0
1.3,1,2.5,1.4,2.8,2,7.3,559.4,0,0,0,0
0.544,3,0.9,1.3,0.0,4,5.9,1012.7,0,0,0,0
0.856,3,3.5,2.2,1.1,3,5.3,742.2,0,0,0,0
0.985,0,0.0,0.0,0.0,4,5.9,728.5,0,0,0,0
1.067,2,4.2,3.0,1.7,4,7.5,628.7,0,0,0,0
0.816,1,4.4,4.5,2.0,4,7.6,1231.1,0,0,0,0
0.598,1,0.0,0.1,0.6,1,6.7,438.5,0,0,0,0
0.799,2,1.9,0.2,0.7,12,8.3,567.7,1,0,0,0
0.811,1,0.0,0.0,0.0,5,8.6,265.2,1,0,0,0
0.805,3,0.0,0.0,0.0,2,7.8,914.7,0,0,0,0
1.312,3,3.0,3.0,1.2,5,5.4,481.9,0,0,0,0
0.712,3,2.2,2.0,2.1,7,7.2,519.0,0,0,0,0
1.088,1,2.8,3.2,0.9,8,7.2,503.5,1,0,0,0
1.045,1,0.4,1.2,1.5,7,5.0,695.2,1,0,0,0
1.309,1,4.9,4.0,2.3,2,3.7,260.8,0,0,0,0
0.963,1,1.1,0.6,1.0,1,2.9,50.0,0,0,0,0
1.248,3,1.0,2.1,0.6,2,6.5,825.8,0,0,0,0
0.953,2,4.1,5.2,2.2,9,6.9,50.0,1,0,0,0
1.129,1,0.0,0.0,0.0,6,4.3,956.9,1,0,1,0
0.657,3,0.0,0.0,0.0,2,8.2,1189.8,0,0,0,0
0.478,2,0.0,0.0,0.0,2,6.6,620.1,0,0,0,0
1.112,0,1.4,1.3,0.0,2,8.7,1104.1,0,0,0,0
1.128,1,1.6,2.0,1.9,3,7.0,666.4,1,0,0,0
1.142,3,3.0,2.9,1.4,9,4.5,1203.3,1,0,0,0
0.863,3,1.2,1.5,1.6,1,7.2,523.5,0,0,1,0
1.518,1,2.8,2.8,2.7,4,7.5,50.0,0,0,0,0
0.879,3,0.0,0.0,1.2,3,5.4,648.0,0,0,0,0
1.125,3,0.0,0.0,0.0,3,3.9,1239.2,0,0,1,0
1.181,3,0.0,0.0,0.0,8,6.6,851.3,1,0,0,0
1.618,1,1.7,2.6,1.8,7,4.7,504.0,0,0,0,0
0.915,0,0.6,0.0,0.4,4,8.3,783.2,1,0,0,0
0.833,3,0.4,0.0,0.0,2,5.7,995.6,0,0,0,0
0.657,1,3.7,5.1,3.0,3,9.4,646.1,0,0,0,1
1.544,3,1.1,2.4,1.1,1,2.7,1542.9,0,0,1,0
1.125,3,0.0,0.0,0.3,4,6.6,503.3,0,0,1,0
1.135,1,0.9,2.6,0.1,7,8.9,1005.9,0,0,0,0
2.393,3,8.0,6.4,5.9,2,4.9,926.4,1,0,1,0
1.095,3,3.3,3.3,2.5,6,6.1,443.0,0,0,0,0
0.694,3,0.0,0.6,1.5,1,5.7,534.1,0,0,0,0
0.947,2,0.0,0.0,0.0,4,5.2,1011.1,0,0,0,0
0.761,3,0.3,1.6,1.3,1,6.8,722.3,0,0,0,0
0.895,2,0.6,0.6,0.3,1,4.2,786.2,1,0,0,0
0.893,3,1.2,1.3,1.1,2,6.2,133.4,1,0,0,0
0.848,3,0.2,0.0,1.0,3,7.3,891.3,0,0,1,0
0.677,3,0.0,0.0,0.1,2,6.0,769.4,1,0,0,0
1.562,1,1.5,1.3,1.0,8,4.7,653.3,1,0,0,0
1.087,1,1.5,0.0,0.9,2,8.2,793.8,1,0,0,0
0.939,1,4.1,3.9,2.0,1,7.6,539.1,0,0,0,0
1.236,2,0.8,2.5,2.9,1,4.6,478.7,0,0,0,0
1.141,2,2.0,0.0,0.0,3,4.2,594.4,0,0,0,0
1.08,3,0.2,0.9,0.9,3,4.7,520.9,1,0,0,0
1.211,2,1.9,2.4,1.6,1,7.3,1395.5,1,0,0,0
1.038,3,5.6,4.8,3.0,3,6.9,976.0,0,0,0,0
1.206,3,4.0,5.0,2.8,2,7.7,354.2,0,0,0,0
1.235,1,2.9,4.5,1.1,1,5.8,1347.8,1,0,0,0
1.047,3,0.3,0.0,2.2,4,4.8,531.3,1,0,0,0
0.94,3,2.0,1.4,0.0,2,8.0,684.2,0,0,0,0
1.535,2,4.4,5.2,2.3,4,5.4,971.2,1,0,0,0
0.875,1,0.6,1.7,0.5,9,6.7,50.0,0,0,0,0
1.116,3,0.2,0.0,0.0,2,3.7,596.0,0,0,0,0
1.123,3,2.0,3.1,2.1,1,5.4,484.8,0,0,0,0
0.843,3,3.5,1.5,2.3,8,8.1,742.2,1,0,0,0
0.798,3,0.0,0.0,0.0,3,5.2,796.8,1,0,0,0
0.906,3,2.0,1.6,0.0,1,7.8,648.9,0,0,0,0
0.871,2,0.0,0.0,0.3,1,2.4,633.5,0,0,0,0
0.665,3,0.0,0.0,0.0,4,5.4,1026.6,0,0,0,0
0.833,2,0.0,0.0,0.0,1,6.1,774.1,0,0,0,0
1.077,3,1.9,3.0,2.4,2,9.4,688.1,0,0,1,0
1.425,0,3.0,3.3,0.3,2,4.4,723.3,0,0,0,0
1.168,2,0.6,3.0,3.6,10,7.5,1281.5,0,0,0,0
0.483,3,2.6,2.7,1.8,2,8.2,731.5,0,0,0,0
1.197,1,1.3,0.0,0.0,3,5.1,504.3,0,0,0,1
0.855,3,0.0,1.0,0.0,4,5.7,50.0,1,0,0,0
1.135,2,0.0,0.0,0.0,5,6.6,200.2,0,0,0,0
0.996,3,0.3,0.0,0.0,2,3.8,520.0,0,0,0,0
0.947,3,1.3,2.5,0.0,1,5.6,638.6,1,0,0,0
0.972,1,3.2,3.2,2.2,2,8.6,490.7,0,0,0,0
0.994,3,1.9,2.7,0.8,9,7.3,790.5,0,0,0,0
1.457,2,3.6,3.7,2.8,1,6.1,486.4,0,0,0,0
0.995,3,4.3,3.3,1.3,5,6.6,372.0,0,0,0,0
1.355,3,2.9,3.0,3.7,1,7.4,877.0,0,0,0,0
1.301,3,5.3,3.7,3.7,13,7.7,1127.3,0,0,0,0
1.205,0,0.4,0.2,0.4,3,5.4,308.3,0,0,0,0
0.606,1,0.5,1.8,1.1,4,9.0,755.0,0,0,0,0
1.367,3,2.3,1.7,0.3,1,8.7,50.0,0,0,0,0
0.88,3,2.2,1.9,1.3,10,7.6,186.8,0,0,0,0
1.222,2,0.2,0.0,1.2,1,4.9,479.7,0,0,0,0
0.762,0,0.0,0.0,0.0,1,4.6,1049.7,0,0,0,0
0.718,2,0.0,0.0,0.0,10,5.8,416.9,1,0,0,0
1.739,3,4.1,4.7,2.6,1,6.5,404.5,0,0,0,0
0.765,0,0.0,0.0,1.9,1,3.3,686.3,0,0,1,0
1.378,2,3.8,4.5,2.6,2,7.2,686.7,0,0,0,0
1.034,3,3.4,3.0,1.4,2,8.6,414.8,0,0,0,0
0.889,0,3.9,2.9,3.8,3,7.4,1331.2,1,0,0,0
0.988,3,2.8,1.6,0.1,9,5.2,586.7,0,0,1,0
0.695,1,0.0,0.0,0.3,1,5.0,712.0,0,0,0,0
0.996,3,2.5,2.3,1.0,8,6.9,541.6,1,0,0,0
0.738,3,0.0,0.0,0.0,3,6.1,819.9,1,0,0,0
0.895,3,0.6,1.1,0.0,1,7.1,1082.8,1,0,0,0
1.296,1,2.4,1.8,1.4,10,7.4,1224.6,0,0,0,0
1.074,2,1.4,0.7,1.9,7,8.3,422.3,0,0,0,0
0.66,3,0.0,0.0,0.0,2,4.4,1038.4,0,0,0,0
1.269,1,0.0,1.2,1.2,1,6.8,856.2,0,0,0,0
0.998,1,1.5,1.7,1.8,2,5.8,996.7,0,0,0,0
0.859,0,0.0,1.5,1.8,3,6.2,644.0,1,0,0,0
1.233,3,3.1,1.9,1.8,4,7.9,612.6,0,0,0,0
0.954,3,6.8,5.3,4.3,1,8.1,983.8,0,0,0,0
0.722,3,0.0,0.6,1.1,1,8.8,990.1,0,0,0,0
1.678,3,3.7,3.5,1.5,5,7.1,1192.2,0,0,0,0
0.995,2,3.4,3.7,2.7,12,6.2,740.1,0,0,0,0
0.977,2,2.5,3.0,1.1,2,5.9,639.1,1,0,0,0
0.893,2,1.0,1.6,1.1,8,3.4,50.0,0,0,0,0
1.392,3,4.6,5.7,2.9,1,8.7,141.6,0,0,0,0
0.863,1,2.1,1.0,1.0,3,5.8,544.0,0,0,0,0
0.649,3,2.4,1.8,0.8,1,7.3,310.3,0,0,1,0
0.827,3,5.2,3.5,0.8,7,7.6,943.6,0,0,0,0
1.45,2,1.3,0.4,0.2,5,4.2,241.2,1,0,0,0
1.262,3,2.5,1.5,2.4,2,4.8,508.6,0,0,1,0
0.931,1,0.0,0.8,0.2,2,9.1,521.6,0,0,0,0
1.469,3,5.8,4.9,4.0,4,6.9,1072.8,1,0,0,0
1.233,3,2.3,1.4,1.9,1,5.4,473.3,0,0,0,0
0.928,3,1.2,3.8,1.7,2,6.2,824.0,1,0,0,0
0.955,2,0.5,1.3,1.6,9,8.3,739.1,0,0,0,0
1.097,1,0.0,0.0,0.0,10,8.0,973.1,0,0,0,0
0.792,1,3.4,2.6,2.2,4,3.9,955.6,1,0,0,0
1.001,0,2.1,1.8,1.6,4,9.2,663.4,0,0,0,0
1.09,1,1.5,0.0,0.0,2,8.1,113.5,0,0,0,0
0.624,0,0.9,2.1,1.1,4,6.1,597.8,0,0,0,0
0.948,3,2.9,2.4,2.0,1,4.3,667.8,1,0,0,0
0.919,0,0.8,0.0,0.4,1,8.2,769.0,0,0,1,0
1.334,1,2.7,2.6,1.5,13,7.2,430.5,0,0,0,1
0.597,3,0.0,0.0,0.0,1,3.9,1051.7,1,0,1,0
0.899,3,0.0,0.0,0.0,2,6.0,678.9,0,0,0,0
0.874,3,0.0,2.2,1.2,3,10.0,370.0,0,0,0,0
1.308,3,4.5,4.8,2.9,2,6.4,522.9,0,0,0,0
0.988,3,1.0,1.6,0.4,1,5.1,1312.2,0,0,0,0
1.654,3,1.7,1.1,0.3,3,4.6,894.1,0,0,1,0
1.204,2,1.7,3.1,2.4,13,9.4,1021.1,0,0,0,0
0.891,3,3.4,2.6,2.9,3,7.8,330.0,0,0,0,0
1.069,2,0.0,0.0,0.0,4,8.8,446.6,0,0,0,0
0.906,2,2.5,0.7,1.4,2,6.8,449.1,0,0,0,1
1.272,2,6.4,5.9,5.7,3,8.5,735.4,1,0,0,0
0.689,1,0.3,2.5,1.1,14,4.9,616.9,0,0,0,0
0.794,3,2.2,0.5,0.4,12,6.7,512.5,1,0,0,0
1.136,1,3.4,3.9,3.2,3,6.9,554.0,1,0,0,0
1.409,1,5.1,5.1,2.7,3,8.8,411.8,0,0,0,0
0.54,1,0.1,0.0,0.0,3,6.9,614.9,1,0,0,0
1.469,3,2.4,2.5,1.6,2,5.3,1042.5,1,0,0,0
0.962,2,3.8,4.3,3.2,1,6.5,174.0,0,0,0,0
0.59,3,0.0,0.0,0.0,1,3.5,789.0,1,0,1,0
0.432,3,0.0,0.0,0.0,9,2.4,1130.8,0,0,0,0
0.652,0,0.7,2.7,0.3,4,7.8,613.8,1,0,0,0
0.994,3,1.8,1.1,1.6,1,5.7,499.5,0,0,0,0
0.982,1,0.1,0.6,0.0,3,5.9,980.0,0,0,0,0
1.194,1,2.1,3.0,0.7,2,7.8,348.9,0,0,0,0
0.857,3,2.1,2.0,0.4,4,8.8,666.9,1,0,0,0
0.733,3,2.6,1.0,2.2,5,7.3,330.6,0,0,0,0
0.891,1,2.6,3.5,2.6,4,9.7,56.0,0,0,0,0
1.009,3,2.3,1.1,1.9,2,7.3,624.2,0,0,0,0
1.067,1,0.5,0.0,0.0,5,6.9,256.6,0,0,0,0
0.802,3,0.1,0.0,0.0,12,6.8,670.6,1,0,0,0
1.287,3,1.7,1.4,3.0,11,4.2,1043.1,1,0,0,0
0.84,3,0.8,0.3,0.0,1,8.0,1287.6,0,0,0,0
0.784,3,0.4,0.3,0.0,6,2.2,705.3,0,0,0,0
0.859,1,0.0,2.1,0.7,3,5.4,1011.5,0,0,0,0
1.351,3,4.8,2.9,3.2,1,6.4,806.3,0,0,1,0
0.963,3,0.0,0.0,0.1,3,5.0,547.7,1,0,0,0
0.823,3,0.0,0.0,0.0,4,5.6,50.0,1,0,0,0
1.296,0,4.7,6.0,3.1,3,9.6,1212.3,0,0,0,0
1.822,2,3.1,4.1,3.0,7,8.3,327.5,0,0,0,0
1.06,2,0.0,0.3,0.0,1,5.2,1131.7,0,0,0,0
1.413,0,2.4,4.0,1.2,2,5.6,851.9,0,0,0,0
1.337,1,2.7,3.3,3.0,2,4.2,351.7,0,0,0,0
0.844,2,0.3,0.5,0.0,1,7.6,777.6,1,0,0,0
1.007,3,3.3,1.8,1.9,1,6.0,1379.7,0,0,0,0
0.698,1,0.0,0.0,0.0,1,3.0,1182.2,1,0,0,0
0.944,3,3.0,3.8,2.5,8,6.6,504.9,0,0,0,0
0.839,2,0.0,0.0,0.0,3,7.1,439.0,0,0,0,0
0.893,3,0.9,2.0,1.0,1,8.0,707.6,0,0,0,0
0.811,2,2.0,1.3,1.1,2,6.3,619.7,0,0,0,0
0.923,2,0.0,0.0,0.0,4,5.7,1071.1,0,1,0,0
1.161,3,5.7,4.7,2.6,14,9.8,919.0,0,0,0,0
0.967,3,0.0,0.0,0.0,1,6.4,114.8,1,0,0,0
0.593,2,0.0,1.8,0.9,4,7.6,826.1,0,0,0,0
0.811,2,2.2,1.6,1.2,1,5.5,615.2,1,0,0,0
0.653,3,0.5,0.0,0.0,1,7.6,686.7,1,0,0,0
1.071,3,0.0,0.0,0.1,3,3.9,756.7,0,0,0,0
1.151,0,1.6,2.5,1.2,1,5.6,1070.8,0,0,0,0
1.074,2,0.0,1.2,0.8,5,4.3,997.8,0,0,0,0
0.802,2,0.0,0.0,0.0,1,5.3,426.5,0,0,0,0
1.072,3,5.1,4.5,2.6,3,8.5,655.0,1,0,1,0
0.877,2,0.0,0.0,0.0,8,5.3,526.1,1,0,0,0
0.727,2,0.2,1.0,0.1,1,7.6,118.2,0,0,0,0
1.231,3,5.0,4.2,3.4,2,9.0,638.2,0,0,0,0
1.257,2,1.1,0.0,0.0,4,6.3,1284.4,1,0,0,0
1.304,1,5.6,7.1,4.1,2,8.1,108.3,1,0,0,0
0.843,1,1.0,1.6,0.5,7,7.3,666.5,0,0,0,0
1.391,0,2.9,2.9,2.8,1,6.6,655.8,1,0,0,0
0.871,0,3.4,2.5,3.5,2,7.7,769.6,0,0,0,0
1.201,2,3.8,5.0,3.0,1,9.6,356.1,0,0,0,0
0.867,3,0.0,1.2,0.4,4,5.3,203.1,0,0,1,0
0.939,3,1.6,1.0,0.8,2,4.7,218.5,0,0,0,0
0.508,0,0.0,0.0,0.0,5,4.6,1114.5,1,0,0,0
0.919,3,0.6,1.2,0.0,3,8.1,349.5,0,0,1,0
1.026,1,0.3,0.0,0.0,3,8.3,509.2,0,0,0,0
0.892,3,2.7,3.8,0.9,2,5.5,1370.4,0,0,1,0
1.635,1,0.3,0.0,0.0,1,2.7,431.6,0,0,0,0
0.722,3,0.0,0.8,0.2,1,5.2,787.6,0,0,0,0
0.854,2,1.2,0.3,0.0,2,7.3,1026.2,0,0,0,0
0.776,3,0.0,0.0,0.1,1,6.3,1010.3,1,0,0,0
0.854,2,1.9,3.5,2.0,6,6.7,234.1,0,0,0,0
1.335,3,0.8,0.6,0.3,7,5.5,438.5,1,0,0,0
1.513,1,1.8,4.7,3.2,6,8.1,774.4,0,0,0,0
0.822,3,0.0,0.0,0.0,3,7.0,1312.3,1,0,0,0
0.817,2,0.6,0.0,1.1,4,7.4,422.6,1,1,1,0
0.723,3,0.0,0.0,0.0,3,6.7,511.2,0,0,1,0
1.442,3,2.9,3.1,1.4,2,7.3,813.2,0,0,0,0
1.369,3,5.0,4.8,2.6,1,7.2,879.3,1,0,0,0
0.971,1,1.3,0.6,0.5,6,4.8,899.4,0,0,0,0
0.676,1,0.0,0.0,1.4,4,7.0,394.5,0,0,0,0
0.694,1,3.4,1.5,1.3,2,7.8,498.5,0,0,0,0
1.049,1,0.0,0.0,0.0,2,8.4,745.7,0,0,0,0
1.166,3,5.3,3.9,3.2,7,7.1,1091.8,0,0,0,0
0.561,3,1.9,1.4,0.5,2,4.7,595.5,1,0,0,0
0.914,3,3.7,4.0,2.7,2,5.0,667.0,0,0,0,0
1.573,2,5.0,4.7,2.1,3,5.6,335.2,1,1,0,0
0.941,3,1.5,1.4,0.5,2,6.7,1290.6,1,0,0,0
1.518,3,4.8,4.0,2.6,2,6.2,725.4,0,0,0,1
1.199,3,0.0,0.1,0.7,3,4.4,1030.8,0,0,0,0
0.738,1,0.0,0.0,0.0,5,4.4,684.3,0,0,0,0
0.921,2,0.0,0.0,0.0,4,2.8,702.6,0,0,0,0
0.965,3,0.9,0.4,0.8,9,1.0,178.3,0,0,0,0
0.766,1,0.0,0.0,0.0,14,6.2,50.0,0,0,0,0
0.762,2,1.3,0.0,0.8,1,10.0,1088.4,0,1,0,0
1.525,3,3.7,4.0,2.6,4,9.5,700.2,1,0,1,0
0.761,3,1.4,1.7,0.5,1,4.7,742.7,0,0,0,0
1.353,3,0.5,0.3,1.2,3,6.6,261.4,0,0,1,0
0.885,3,0.0,1.7,0.0,1,3.9,375.8,0,0,0,0
0.993,1,1.7,1.1,2.3,2,4.1,1025.7,0,0,0,0
1.17,1,3.3,1.4,1.9,2,4.3,1249.9,1,0,0,0
0.846,2,1.1,0.0,0.0,4,6.0,469.0,0,0,0,0
1.172,3,1.0,1.5,0.1,5,6.1,896.5,0,0,0,0
0.564,2,2.7,3.2,1.8,1,6.8,737.3,0,0,0,0
1.131,3,2.0,3.1,1.0,1,7.5,634.6,0,0,0,1
0.501,2,1.3,1.8,1.2,6,5.8,1286.8,0,0,0,0
0.938,3,2.6,4.6,2.5,2,6.4,524.5,0,0,0,0
1.27,2,2.4,1.8,2.0,3,4.5,1084.7,1,0,0,0
1.19,2,0.0,0.0,0.0,1,4.1,800.5,1,0,0,0
0.695,1,0.0,0.0,0.0,3,3.8,668.8,0,0,0,0
0.721,1,0.0,1.5,1.3,2,7.5,1128.1,1,0,0,0
0.825,3,1.2,0.6,0.9,2,5.8,770.4,0,0,0,0
1.054,2,0.7,1.7,0.1,1,3.2,642.5,1,0,0,0
0.566,1,3.1,1.6,1.5,4,6.3,1130.6,0,0,0,0
0.996,3,0.5,1.2,0.6,1,4.2,1087.5,0,0,0,0
1.091,3,1.6,2.0,2.6,6,9.2,1071.9,0,0,0,0
0.924,0,0.0,0.0,0.0,2,5.4,50.0,0,0,0,0
1.158,1,4.1,3.9,2.7,1,7.6,820.0,1,0,0,0
1.065,1,3.1,1.4,0.1,4,8.3,744.6,0,0,0,0
0.859,3,0.0,0.0,0.0,13,4.7,662.9,0,0,0,0
0.582,1,0.5,0.0,0.2,1,6.5,876.1,0,0,0,1
1.038,0,0.1,0.9,0.0,6,7.3,760.6,1,0,0,0
0.766,0,0.3,1.2,0.0,6,6.6,898.6,1,0,0,0
0.85,3,1.9,1.1,0.9,3,7.0,585.8,0,0,0,0
1.144,0,0.0,0.0,0.0,7,4.1,1169.8,0,0,0,0
1.487,3,3.0,1.3,1.8,4,7.3,932.0,0,0,0,0
0.989,1,0.0,1.0,0.0,9,5.5,853.8,1,0,0,0
1.168,3,0.9,2.1,0.8,1,7.0,837.7,1,0,0,0
0.667,2,0.0,0.0,0.0,5,8.0,1057.1,0,0,0,0
1.071,2,1.1,1.1,1.3,4,7.5,1012.3,1,0,0,0
0.983,0,0.0,0.7,0.0,14,7.0,637.1,0,0,0,0
1.411,3,4.1,4.8,2.4,1,7.5,1001.9,1,0,0,0
0.86,3,2.8,1.0,1.1,2,7.6,732.0,0,0,0,0
0.935,0,3.0,3.8,3.7,4,9.0,1308.3,0,0,0,0
1.345,1,5.1,4.1,3.6,3,6.3,1037.4,0,0,0,0
0.975,3,2.9,2.1,1.7,1,6.7,467.5,0,0,0,0
0.733,2,1.4,2.9,1.5,2,8.0,1445.1,1,0,0,1
2.043,1,6.1,5.9,4.5,3,5.5,50.0,0,0,1,0
0.739,1,0.0,0.3,0.0,2,4.1,885.2,1,0,1,0
0.982,3,1.4,0.0,0.0,3,7.2,444.2,1,0,0,0
1.102,3,0.5,0.7,0.0,4,6.0,1296.8,1,0,0,0
1.078,3,0.0,0.0,0.0,3,4.3,758.0,1,0,0,0
0.948,3,2.6,2.4,2.0,2,7.2,411.9,0,0,0,0
0.95,2,2.5,2.0,1.2,2,8.9,586.3,0,0,0,0
0.936,1,1.5,2.2,0.9,6,3.6,438.3,0,0,1,0
0.732,2,1.9,2.0,1.8,7,8.1,573.3,0,0,0,0
1.826,2,1.3,0.9,0.8,1,2.0,565.7,1,0,0,0
0.94,1,3.7,2.5,2.2,4,5.7,426.0,0,0,0,0
1.182,0,0.0,0.0,0.0,1,9.6,763.7,0,0,0,0
0.911,2,5.0,5.0,1.1,4,5.8,803.8,0,0,0,0
0.905,3,0.0,0.0,0.0,1,6.5,344.9,0,0,1,0
0.88,0,2.5,0.3,0.4,2,7.7,126.0,1,0,0,0
0.648,2,0.1,1.0,0.0,1,3.4,777.2,0,0,0,0
0.956,3,3.9,2.1,3.2,1,6.5,850.3,1,0,0,0
0.892,3,1.4,1.1,0.0,2,6.5,915.9,0,0,0,0
1.388,3,0.0,0.0,0.6,1,9.6,856.7,1,0,0,0
0.715,3,0.0,0.0,0.0,2,4.3,1194.5,0,0,0,0
0.851,3,0.3,0.1,0.9,3,5.7,1004.1,0,0,0,0
0.778,1,0.0,0.0,0.0,2,4.8,1560.6,0,0,1,1
1.498,2,0.6,1.8,2.5,1,4.6,1699.8,0,0,0,0
0.784,3,0.0,0.0,1.2,1,8.3,93.0,1,0,0,0
1.171,1,2.4,2.9,1.6,2,6.4,50.0,0,0,0,0
1.312,0,0.2,1.0,1.3,4,5.4,672.0,0,0,0,0
0.96,1,3.3,2.1,3.6,4,5.5,841.2,1,0,0,0
0.68,2,0.0,0.0,0.0,9,5.4,649.3,0,0,0,0
0.683,2,0.1,2.8,0.2,5,5.6,907.1,0,0,0,0
1.272,1,0.8,0.0,0.0,1,4.2,585.0,1,0,0,1
0.703,3,0.0,0.0,0.0,6,5.9,444.9,0,0,0,1
1.116,3,1.2,0.8,0.0,1,5.8,494.9,1,1,0,0
1.033,1,2.3,3.3,2.5,4,5.1,608.2,0,0,0,0
1.111,3,1.4,1.6,2.2,3,6.7,953.4,1,0,1,0
1.141,0,0.7,1.4,1.4,2,6.8,513.5,1,0,0,0
0.77,3,0.0,0.0,0.0,8,5.4,578.9,1,0,0,0
0.761,3,1.7,1.1,0.1,1,6.1,863.0,0,0,0,0
1.222,0,4.0,3.3,3.9,2,10.0,608.7,1,0,0,0
0.838,3,3.3,3.4,2.2,3,10.0,1043.7,0,0,1,0
0.463,3,0.0,0.0,0.0,8,4.6,370.3,1,0,0,0
1.199,3,0.0,0.0,0.0,4,4.8,298.6,0,0,0,0
0.748,3,0.8,1.2,0.9,1,4.6,775.1,0,0,0,0
1.14,2,1.9,2.6,2.0,1,8.2,808.1,1,0,0,0
1.477,0,3.9,4.8,3.0,8,5.7,388.4,0,0,0,0
1.005,3,1.3,1.6,1.9,2,6.8,1118.7,0,0,0,0
1.322,3,3.3,4.2,1.8,1,9.8,1311.0,1,0,0,1
1.044,3,3.6,3.0,1.8,1,6.4,466.8,0,0,0,0
1.56,2,2.1,2.2,1.8,1,7.6,1166.2,0,0,0,0
0.743,3,0.0,0.4,0.0,2,7.3,50.0,0,0,1,0
0.998,1,1.0,0.0,0.1,2,5.4,1030.3,0,0,0,0
1.207,3,2.2,0.0,0.5,7,8.2,390.8,0,0,1,0
0.948,0,0.0,1.5,0.1,12,4.9,997.2,0,0,0,0
1.381,3,7.2,5.9,4.1,3,8.7,356.5,0,0,1,0
0.886,3,1.9,2.2,2.0,1,5.4,651.8,0,0,0,0
1.785,2,5.7,2.7,2.1,1,5.6,406.5,0,0,0,0
1.812,2,5.5,4.1,4.9,1,4.5,603.7,0,0,0,0
1.082,1,0.0,0.0,0.0,3,4.8,1279.5,0,0,0,0
1.167,3,4.9,5.6,4.3,4,5.6,638.7,0,0,0,0
1.396,3,1.0,0.0,0.8,1,2.2,1372.3,0,0,0,0
0.717,2,3.2,2.9,2.3,5,6.0,546.8,1,1,0,0
0.693,1,2.8,2.3,2.1,2,5.5,1167.7,0,0,0,0
1.422,1,0.9,1.2,0.0,10,7.7,136.8,0,0,0,0
1.08,2,3.6,4.6,2.3,3,7.1,579.7,0,0,0,0
0.939,3,0.0,0.0,0.2,7,5.2,497.1,0,0,0,0
1.003,3,0.0,0.5,0.0,2,5.6,1182.9,1,0,0,0
0.513,1,1.7,0.1,1.2,4,6.0,735.7,1,0,0,0
0.948,3,0.0,0.2,0.0,1,8.9,50.0,1,0,0,0
0.81,2,0.9,0.7,0.2,9,5.0,241.2,0,1,0,1
1.293,3,0.5,0.6,0.0,1,5.1,339.5,0,0,0,0
1.321,1,1.6,0.9,1.6,2,4.4,983.3,0,0,0,0
1.175,3,1.6,3.0,2.3,1,3.8,940.6,0,0,0,0
1.117,3,1.5,4.3,2.4,5,6.9,575.1,0,0,0,0
0.658,1,0.1,0.0,0.6,1,6.7,493.0,0,0,0,0
1.18,3,2.8,3.4,3.0,1,8.6,911.3,0,0,0,0
1.193,3,0.0,0.3,0.9,3,8.2,300.9,1,0,1,0
1.417,1,2.9,3.0,2.3,3,10.0,825.8,0,0,0,0
1.81,0,2.2,1.6,2.6,3,6.3,797.6,0,0,0,1
0.623,3,1.5,2.4,0.0,1,5.9,583.6,1,0,1,0
0.897,2,0.4,1.3,0.0,4,4.1,805.9,1,0,0,0
0.812,0,1.7,1.4,0.3,3,7.6,708.2,0,0,0,0
1.049,2,1.4,1.4,2.0,7,6.6,838.9,0,0,0,0
1.004,3,0.0,0.0,0.0,6,7.5,233.2,0,0,0,0
0.937,1,1.7,2.6,1.2,10,4.4,877.6,0,0,0,0
1.333,2,1.1,1.4,1.0,5,7.0,1013.9,0,0,0,0
0.735,3,0.2,1.3,0.0,2,6.7,780.5,0,0,0,0
0.747,2,0.9,0.0,0.5,2,6.6,873.2,0,0,0,0
0.751,3,0.5,0.4,0.0,1,5.2,638.1,0,0,0,0
0.904,2,0.0,1.7,0.0,9,8.4,969.2,1,0,0,0
0.709,3,2.8,2.8,2.4,2,9.9,696.0,1,0,0,0
0.986,3,2.5,0.3,0.7,7,4.5,294.8,0,0,1,0
0.955,1,2.6,2.9,3.1,7,7.6,945.6,0,0,0,0
0.802,3,0.0,0.7,0.0,2,1.4,134.0,0,0,0,0
1.277,2,2.2,2.5,2.2,3,7.5,767.9,1,0,0,0
0.983,1,6.0,3.6,3.1,2,3.2,547.4,0,0,0,0
1.347,1,1.3,0.3,0.2,1,5.5,526.2,1,0,0,0
0.947,3,0.1,1.9,0.2,6,4.1,731.3,0,0,0,0
0.993,0,1.2,0.1,1.8,3,6.0,439.9,0,0,0,0
0.854,1,1.0,0.5,1.2,2,7.8,843.8,0,0,0,0
0.998,1,0.6,0.5,1.8,1,3.2,693.2,0,0,0,0
1.221,2,0.1,2.1,1.2,1,5.8,470.3,1,0,0,0
0.891,2,0.7,0.8,0.5,1,5.5,1116.9,0,0,0,0
1.156,2,2.2,4.4,2.5,6,9.1,742.1,0,0,0,0
0.796,1,4.4,4.2,3.7,1,7.1,883.0,0,0,0,0
1.237,0,2.2,0.0,2.8,1,4.4,1142.9,0,0,0,0
0.85,3,0.9,1.8,1.9,1,5.6,1137.4,0,0,0,0
1.269,2,3.0,4.3,2.6,3,9.1,866.1,0,0,0,0
1.017,3,5.2,5.0,2.1,3,7.6,574.3,1,0,0,0
1.531,1,1.0,1.2,0.0,3,4.8,201.6,1,0,0,0
0.724,0,0.0,0.0,0.0,1,5.9,742.8,1,0,0,0
0.661,1,0.0,0.0,0.0,2,6.0,1036.4,0,0,0,0
0.842,2,0.0,1.0,2.0,10,5.5,791.6,0,0,0,0
0.679,2,1.3,0.0,1.4,2,3.4,50.0,0,0,0,0
0.679,3,0.0,0.0,0.0,3,5.2,962.1,0,0,0,0
1.19,2,4.8,3.4,4.4,2,8.8,982.4,0,0,0,0
0.999,2,0.0,0.0,0.0,6,5.7,574.8,0,0,0,0
0.874,3,0.0,0.1,0.0,4,6.2,1001.3,0,0,0,0
0.897,0,0.7,0.0,0.0,1,6.6,882.1,0,0,0,0
0.846,2,4.4,2.9,1.5,2,10.0,447.7,1,0,0,0
1.587,2,2.7,1.4,0.3,1,6.4,1094.8,0,0,0,0
0.814,2,2.6,1.7,0.9,2,8.3,255.3,0,0,0,0
0.691,0,1.8,0.7,0.8,7,5.4,655.5,0,0,0,0
1.25,3,2.7,0.7,1.9,6,5.9,622.5,0,0,0,0
0.941,3,1.0,3.1,0.8,1,6.4,401.5,1,0,0,0
1.77,0,3.5,2.9,3.3,1,5.1,774.9,0,0,0,0
0.863,3,0.0,0.0,0.0,2,6.0,1107.7,1,1,0,0
1.267,3,4.1,4.1,3.6,1,7.9,1087.0,1,0,1,0
1.354,1,1.7,2.5,0.2,5,5.0,913.7,0,0,0,0
0.864,3,1.0,0.7,1.1,1,6.4,113.6,0,0,0,0
0.812,3,3.5,2.7,2.2,2,7.6,232.6,0,0,0,0
1.231,3,0.8,0.0,0.8,1,5.0,729.4,0,0,0,0
1.175,3,1.4,3.1,1.1,3,8.3,663.1,0,0,0,0
0.674,0,0.2,0.0,0.0,5,6.5,509.7,1,0,0,0
0.729,2,2.8,4.3,3.3,2,6.1,1304.5,0,0,0,0
0.492,2,1.6,1.3,0.0,1,2.9,709.4,1,0,0,0
1.181,1,1.8,1.7,1.8,1,5.7,853.8,0,0,0,0
0.929,2,2.3,2.4,0.4,1,7.0,1001.1,1,0,0,0
0.956,3,1.2,1.8,1.7,9,9.4,692.6,0,0,0,0
0.623,0,0.0,0.0,1.4,1,7.4,1531.2,0,0,0,0
0.735,2,1.5,1.1,1.7,2,8.3,363.4,0,0,0,0
0.875,3,0.3,0.0,0.0,1,4.3,474.0,0,0,0,0
0.828,1,0.0,0.0,0.0,4,6.2,362.6,1,0,0,0
1.034,2,2.8,2.3,2.7,1,8.5,1191.2,0,0,1,0
1.177,3,0.0,0.6,0.1,5,4.9,939.7,0,0,0,0
1.888,2,5.5,3.9,3.2,3,8.1,494.5,0,0,0,0
0.994,1,0.8,2.5,0.8,4,7.7,388.7,0,0,0,0
1.367,0,2.0,1.6,1.8,5,6.9,1132.4,0,0,0,0
0.793,3,1.5,3.5,0.0,4,5.8,794.0,0,0,0,0
0.626,1,1.1,0.2,0.6,7,4.7,1140.8,0,0,0,0
0.906,2,4.4,4.5,2.4,1,9.4,654.5,0,0,0,0
0.639,0,0.8,1.3,0.9,8,7.5,843.6,0,0,0,0
1.004,2,1.4,1.4,0.6,5,7.0,773.7,1,0,0,0
0.804,3,2.9,2.1,1.3,1,5.7,468.0,0,0,1,0
0.579,2,0.0,0.0,0.0,4,6.5,626.7,0,0,0,0
1.626,3,6.3,4.9,5.6,5,6.7,282.8,0,0,1,0
0.86,1,0.8,2.1,1.8,3,7.1,837.8,0,0,0,0
0.632,2,3.4,4.3,2.1,2,7.7,926.1,0,0,0,0
1.286,3,0.7,0.2,1.2,2,5.0,1001.8,0,0,0,0
0.815,2,0.0,0.0,0.0,1,3.9,894.8,0,0,0,0
1.357,1,2.8,4.2,2.1,4,6.5,632.0,0,0,0,0
0.814,3,1.1,0.7,0.6,1,3.4,1187.6,0,0,0,0
0.859,2,1.1,0.6,0.0,9,5.8,969.5,1,0,0,0
1.101,2,0.5,0.4,0.0,10,5.5,1133.6,0,0,0,0
1.181,3,2.8,1.7,0.8,4,7.2,1154.3,0,0,1,0
1.24,1,2.4,2.1,0.2,4,9.8,632.9,0,0,0,0
0.975,1,0.6,0.0,1.8,2,3.0,802.7,0,0,0,0
1.16,0,2.2,2.0,0.2,1,10.0,930.6,1,0,0,0
1.232,2,0.0,0.0,0.0,8,6.0,294.4,0,0,0,0
1.058,1,1.6,0.0,0.9,1,7.0,301.7,0,0,0,0
0.961,3,0.4,1.1,1.5,1,3.9,244.7,0,0,1,0
0.667,1,2.7,4.6,1.9,8,8.1,638.7,0,0,0,0
1.183,3,5.3,2.9,1.0,7,6.5,564.2,1,0,1,0
1.012,1,2.2,2.5,3.4,1,6.3,199.7,0,0,0,0
0.891,2,0.7,1.8,0.4,5,3.0,723.8,1,0,0,0
1.43,2,3.3,2.5,2.8,4,6.5,642.8,0,0,0,0
0.67,3,4.9,5.4,3.8,5,7.8,1065.4,1,0,0,0
1.585,2,0.7,0.0,1.4,1,6.0,1340.1,0,0,0,0
0.994,2,1.3,1.7,0.6,3,8.4,825.4,0,0,0,1
1.093,3,1.8,2.0,0.7,5,8.3,444.0,1,0,0,0
0.895,3,2.1,2.4,0.0,1,5.3,888.3,0,0,1,0
0.627,1,0.0,0.8,0.0,3,9.1,677.5,0,0,0,0
0.962,3,2.2,1.6,1.6,3,6.5,595.0,1,0,0,0
1.098,2,1.3,2.8,1.1,5,6.5,389.5,0,0,0,0
1.208,0,4.7,2.0,1.2,1,6.6,520.9,1,0,0,0
0.946,2,2.7,1.1,1.6,9,6.5,615.6,0,0,0,0
0.541,1,0.4,0.0,1.2,1,1.8,940.3,1,0,0,0
0.649,1,0.0,0.2,0.0,1,6.1,843.4,1,0,0,0
1.776,3,2.5,4.7,1.4,2,4.0,1278.1,0,0,0,0
0.736,1,1.1,1.9,1.3,2,9.2,897.4,0,0,0,0
1.491,3,2.1,2.0,1.0,1,9.1,814.7,0,0,0,0
0.77,3,4.2,4.0,3.8,10,7.9,573.1,0,0,0,0
0.95,3,0.0,0.4,0.0,1,6.0,331.3,1,0,0,0
1.191,3,3.2,2.6,1.5,5,4.6,486.0,0,0,0,1
0.795,3,1.6,0.8,1.9,4,5.3,443.0,0,0,0,0
1.562,3,5.9,6.0,3.1,1,9.7,50.0,0,0,0,1
1.021,2,0.0,0.0,0.0,2,5.2,340.9,0,0,0,0
1.138,1,1.9,1.1,0.6,1,2.3,1204.2,1,0,0,0
0.928,2,0.5,1.3,1.0,1,8.2,796.3,0,0,0,0
1.203,2,3.3,1.8,3.5,5,9.0,549.9,0,0,0,0
1.556,1,4.0,3.2,1.8,4,9.2,806.2,1,0,0,0
0.964,3,2.8,2.4,1.3,1,8.2,50.0,1,0,0,0
1.623,0,4.1,5.7,2.7,4,8.5,767.7,0,0,0,0
0.843,3,1.3,1.0,0.6,1,6.5,1096.9,1,0,0,0
1.239,1,0.0,0.2,0.0,1,2.8,634.4,0,0,0,0
1.147,0,0.4,0.3,0.0,1,6.4,88.4,1,0,0,0
0.741,1,2.0,1.6,1.4,2,7.5,537.5,0,0,0,0
1.062,1,0.0,0.0,1.1,1,6.2,1097.4,0,0,0,0
1.002,1,1.3,0.9,0.6,1,6.1,759.9,0,0,0,0
0.787,0,3.7,4.3,3.0,3,4.7,205.4,0,0,0,0
1.105,1,1.5,1.3,2.6,4,4.7,1457.4,0,0,0,0
1.042,1,5.6,2.5,2.0,3,9.6,259.8,0,0,0,0
0.98,2,1.5,0.2,0.0,1,9.6,594.1,0,0,0,0
0.981,2,0.0,0.0,0.0,14,6.4,331.4,0,0,0,0
0.975,2,4.7,3.1,1.3,1,6.9,331.8,0,0,0,0
0.902,2,0.1,0.0,0.0,2,4.7,524.9,0,0,0,0
1.04,0,3.6,3.7,2.5,1,7.5,884.8,1,0,0,0
0.835,0,1.5,2.3,1.6,1,9.4,1101.2,1,0,0,0
2.104,1,8.4,8.4,6.0,3,3.7,546.7,0,0,0,0
0.674,3,0.0,0.0,0.1,8,7.2,340.4,0,0,0,0
0.849,3,2.3,1.1,1.4,9,7.3,832.7,0,0,0,0
0.868,3,0.0,0.0,0.0,2,7.3,842.4,0,0,0,0
1.771,2,7.0,7.2,4.6,1,9.2,753.9,1,0,0,0
0.691,2,2.4,3.4,2.2,2,9.9,765.6,0,0,0,0
1.127,1,0.2,0.0,0.0,3,6.0,637.2,0,0,0,0
1.072,3,1.5,1.3,2.2,1,7.5,706.9,0,0,0,0
1.098,3,4.8,1.9,1.6,7,6.5,614.3,0,0,1,0
1.414,3,5.0,4.1,1.9,1,5.3,1028.3,1,0,0,0
1.406,3,0.6,1.1,0.6,4,6.9,1411.3,0,0,0,0
0.881,2,0.0,2.0,0.9,14,7.5,733.8,0,0,0,0
1.056,3,5.1,2.9,3.7,2,6.8,672.2,0,0,0,0
0.593,3,0.0,0.0,0.0,5,4.9,759.0,1,0,0,0
1.028,1,0.1,1.5,0.5,5,5.6,456.8,0,0,0,0
0.801,3,2.3,0.6,1.4,2,5.6,927.4,1,0,0,1
0.949,0,0.0,0.0,0.0,1,4.9,820.3,1,0,0,0
0.624,3,0.0,0.0,0.0,2,6.9,535.4,0,0,0,0
1.12,3,1.8,0.4,1.1,2,7.1,972.7,1,0,0,1
0.622,0,2.3,2.8,1.5,2,8.1,680.7,0,0,0,0
1.042,3,2.9,1.4,1.4,8,4.9,353.6,1,0,1,0
0.709,0,2.0,2.2,0.0,1,5.4,790.7,0,0,0,0
0.788,3,1.3,1.7,1.7,4,9.1,752.8,0,0,0,0
1.382,3,3.2,3.5,3.1,3,6.1,992.0,0,0,0,0
1.179,3,0.5,0.6,0.0,2,6.4,949.4,0,0,0,0
1.38,3,3.9,3.5,2.9,11,6.1,638.3,0,0,0,0
1.548,0,4.2,6.2,3.5,5,8.3,518.3,0,0,0,0
0.805,1,4.4,3.5,2.1,9,8.4,675.0,0,0,0,0
1.522,2,4.2,3.2,1.7,7,8.3,794.6,0,0,0,0
0.663,0,0.0,0.0,0.0,3,6.4,834.4,0,0,0,0
1.232,2,3.2,4.6,1.6,3,4.9,774.1,1,0,0,0
0.871,1,5.1,2.8,2.4,9,9.7,644.4,1,0,0,0
0.771,2,0.0,1.4,1.6,2,7.9,1004.0,0,0,0,0
1.188,2,0.0,0.0,0.2,5,5.6,451.4,0,0,0,0
1.303,3,4.8,5.0,5.1,4,8.8,1494.3,0,0,0,0
1.292,1,0.4,0.0,0.0,1,5.5,926.7,1,0,0,0
1.062,3,1.2,0.1,0.4,1,8.8,301.6,0,0,0,0
1.038,2,1.9,1.4,0.7,2,8.9,735.7,1,0,0,0
1.159,2,0.6,2.0,0.7,5,4.8,929.9,0,0,0,0
1.089,2,1.1,1.1,0.1,8,7.4,558.9,0,0,0,0
1.164,2,1.2,1.7,2.2,1,7.7,180.0,1,0,0,0
1.059,1,3.4,3.7,2.2,3,10.0,330.8,0,0,0,0
1.266,2,0.7,0.4,0.8,3,5.1,853.7,1,0,0,0
0.634,1,5.1,4.2,3.1,7,8.9,94.2,0,0,0,0
0.964,2,2.8,2.9,0.9,3,6.4,195.1,0,0,0,0
0.679,3,0.3,0.5,0.4,13,4.2,851.9,0,0,0,0
1.081,2,0.0,0.0,0.0,3,6.2,600.8,0,0,0,0
1.584,3,0.3,1.1,1.4,13,6.4,444.3,0,0,0,0
0.876,1,0.5,0.6,0.3,1,4.6,510.8,0,0,0,0
1.036,3,4.7,4.5,3.2,2,6.9,188.0,0,0,0,0
1.236,3,0.7,1.2,0.6,2,8.0,834.6,1,0,0,0
0.56,3,0.4,0.0,1.0,3,6.8,407.7,0,0,0,0
0.864,3,0.0,0.0,0.0,4,5.5,497.2,0,0,0,0
1.107,1,1.5,0.0,0.4,1,6.1,789.1,1,0,0,0
0.444,2,0.0,0.0,0.0,1,6.4,589.5,0,0,0,0
0.761,1,0.0,0.9,0.2,1,6.8,441.4,1,0,0,0
1.361,3,0.2,1.5,0.6,2,8.3,50.0,0,0,0,0
1.324,3,1.6,0.0,0.0,1,6.9,795.9,0,0,1,0
1.11,1,0.0,0.0,0.0,6,4.0,700.5,1,0,0,0
1.28,3,2.4,2.5,1.8,2,5.4,503.3,0,0,1,0
1.062,1,2.4,3.0,1.5,4,6.7,331.4,0,0,0,0
1.168,3,3.6,2.8,2.2,5,8.3,678.6,1,0,0,0
0.915,3,1.0,0.0,0.4,2,8.6,833.3,0,0,0,0
1.033,0,4.7,3.9,3.7,2,9.4,706.7,1,0,0,0
0.838,3,3.1,2.3,1.0,1,6.6,1216.1,1,0,0,0
1.424,3,3.2,3.2,2.9,6,7.7,907.5,1,0,1,0
1.531,0,2.9,0.8,1.0,2,3.9,638.9,0,0,0,0
1.472,2,2.7,3.3,2.4,3,7.1,918.6,0,0,0,0
0.892,1,0.3,0.3,0.1,1,4.5,690.5,1,0,0,0
0.766,3,1.5,3.0,1.5,4,6.3,689.4,0,0,0,0
1.43,1,5.7,5.1,3.0,2,10.0,1103.1,0,0,0,0
1.165,3,2.7,2.4,1.0,4,6.9,377.4,0,0,0,0
1.096,3,1.0,2.1,0.5,1,4.9,682.1,0,0,0,0
0.837,1,0.0,0.0,0.6,3,7.1,1067.8,0,0,0,0
1.127,1,2.4,1.4,0.9,7,5.5,776.6,0,0,0,0
0.738,3,0.0,0.0,0.0,2,4.7,552.4,0,0,0,1
1.194,3,3.9,4.8,3.4,5,10.0,110.2,0,0,0,0
1.471,2,7.1,8.6,6.4,3,8.2,50.0,1,0,0,0
1.579,1,2.7,2.3,2.2,2,7.0,1361.0,0,0,0,0
1.219,1,5.3,5.9,5.0,3,5.7,776.4,0,0,0,0
0.679,3,0.0,0.5,0.4,4,5.8,481.3,0,0,1,0
1.057,2,2.7,3.1,0.8,7,9.0,790.0,0,0,0,0
1.82,3,3.4,2.2,3.4,2,6.9,361.0,1,0,0,1
0.784,2,3.4,1.0,2.7,3,1.1,564.9,1,0,0,0
0.984,3,4.0,3.0,2.9,1,10.0,363.3,0,0,0,0
1.486,0,2.4,1.5,2.2,3,6.7,207.1,0,0,0,0
1.189,1,2.0,2.7,1.9,13,7.0,50.0,0,0,0,0
2.003,3,5.4,4.5,2.9,3,8.3,146.1,0,0,0,0
0.814,3,1.3,0.5,0.6,1,7.2,1012.1,0,0,1,0
0.758,1,1.0,1.6,2.2,1,7.7,348.1,0,0,0,0
1.409,2,3.9,5.8,3.9,4,5.7,851.3,0,0,0,0
0.715,2,0.0,0.0,0.0,2,4.3,990.8,0,0,0,0
0.946,2,3.2,3.5,2.7,1,6.9,679.9,0,0,0,1
0.982,1,1.0,2.3,1.7,4,8.9,575.7,0,0,0,0
1.337,3,0.0,0.8,1.3,4,5.3,718.4,0,0,0,0
1.188,1,3.3,3.5,2.3,14,5.1,536.6,0,0,0,0
1.137,3,0.0,0.0,0.6,1,8.5,1072.5,0,0,0,0
0.893,0,0.0,0.0,0.0,3,5.6,1295.0,0,0,0,0
1.405,0,3.2,3.2,2.7,1,5.7,1153.8,0,0,0,0
2.5,3,5.5,5.3,4.8,3,5.7,50.0,0,0,0,0
1.214,2,0.0,0.5,0.0,2,6.3,529.9,1,0,0,0
1.028,3,0.0,0.0,0.0,2,3.7,675.8,1,0,1,0
0.695,0,3.4,3.8,3.0,4,5.5,827.5,0,0,0,0
0.837,3,1.5,2.1,1.0,5,6.8,103.2,0,0,0,0
0.942,3,1.2,1.2,0.0,1,6.8,97.9,1,0,0,0
0.861,3,5.1,5.0,2.7,1,8.4,1106.6,0,0,0,0
0.996,1,3.7,4.2,2.1,1,9.6,489.5,0,0,0,0
1.645,1,5.5,6.1,4.4,2,9.0,182.5,0,0,0,0
1.418,2,1.9,1.0,0.3,5,8.0,309.5,0,0,0,0
0.957,2,0.0,0.0,0.2,1,6.1,803.5,0,0,0,0
0.713,1,0.0,0.4,0.3,1,5.3,402.4,0,0,0,0
1.454,0,3.6,2.0,3.2,11,6.4,754.3,0,0,0,1
0.986,2,4.8,3.6,1.5,2,7.4,350.8,0,0,0,0
0.617,1,0.0,0.0,0.0,1,7.8,97.6,0,0,0,0
1.221,2,3.3,4.2,2.4,6,7.5,1145.4,0,0,0,0
1.333,1,3.4,4.0,3.1,1,6.2,806.1,0,0,0,0
0.507,1,2.9,2.3,2.0,6,7.7,564.0,0,0,0,0
0.794,3,1.7,1.6,0.1,3,8.6,502.0,0,0,0,0
0.97,2,1.7,2.5,2.5,3,7.9,1158.8,0,0,0,0
1.228,2,0.9,0.0,0.0,6,6.3,870.0,1,0,0,0
0.866,2,1.6,0.6,0.5,2,4.9,1053.6,0,0,0,0
0.792,3,0.0,0.0,0.0,1,4.9,481.4,0,0,1,0
1.226,2,0.2,0.0,0.5,2,5.2,691.2,0,0,0,1
0.877,3,1.0,0.0,1.3,1,6.8,807.4,1,0,0,0
1.164,3,0.8,3.3,1.6,3,7.3,492.5,1,0,0,0
0.733,2,0.0,0.0,0.0,5,3.9,642.8,1,0,0,0
0.685,3,0.0,0.0,0.0,6,5.5,481.4,0,0,0,0
1.235,3,3.9,4.4,4.1,4,6.8,806.4,0,0,0,0
1.073,0,0.0,0.0,0.5,2,4.8,237.4,0,0,0,0
1.295,2,3.3,3.3,2.2,6,7.1,863.6,0,0,0,0
0.861,3,0.0,0.0,0.0,8,5.9,777.2,0,0,1,0
0.8,3,2.3,1.3,2.4,1,5.1,607.2,0,0,0,0
1.464,2,3.3,3.1,3.1,7,6.5,823.1,0,0,0,0
0.653,0,0.0,0.0,0.0,4,7.1,553.7,1,0,0,0
1.42,3,0.7,2.0,1.0,2,4.9,452.8,0,0,1,0
1.447,1,3.9,3.7,3.0,9,6.0,854.2,0,0,0,0
1.272,3,0.0,0.0,0.0,1,7.2,868.5,0,0,0,0
0.825,2,0.0,0.0,0.0,3,5.1,506.7,1,0,0,0
0.796,3,0.0,0.0,0.0,3,3.5,478.3,1,0,1,0
0.943,3,0.0,0.0,0.1,1,3.7,613.9,0,0,0,0
0.696,3,4.3,4.3,2.6,3,5.7,491.9,1,0,0,0
0.764,3,0.0,0.0,0.0,1,4.1,1178.7,1,0,0,0
1.198,3,2.7,4.0,0.7,1,5.8,779.1,1,0,1,0
1.199,3,6.0,6.2,4.4,5,9.3,679.2,1,0,0,0
0.745,3,0.1,0.3,1.2,3,4.0,366.0,0,0,0,0
1.208,0,0.9,0.0,1.2,2,5.9,918.8,1,0,0,0
1.136,3,1.5,1.2,1.5,12,10.0,472.2,0,0,1,0
1.526,1,6.0,4.4,2.9,1,7.1,458.6,1,0,0,0
1.173,3,3.6,3.9,2.9,1,5.8,929.9,0,0,0,0
1.345,3,2.8,0.5,3.0,9,6.1,802.5,1,0,1,0
1.143,2,3.2,4.3,3.3,1,7.1,50.0,1,0,0,0
1.316,1,6.3,6.4,6.2,4,9.3,622.2,0,0,0,0
0.697,2,0.8,1.7,0.3,7,5.5,715.9,1,0,0,0
0.966,3,0.0,0.2,0.0,2,5.1,562.1,0,0,1,0
0.989,1,0.8,0.0,0.0,2,4.0,727.4,0,0,0,0
0.934,0,3.3,3.4,1.4,1,6.6,76.0,0,0,0,0
1.132,3,0.0,0.2,0.0,1,4.0,50.0,1,0,1,0
1.194,3,3.3,4.1,3.0,1,5.6,351.8,0,0,1,0
1.116,1,0.0,0.9,0.9,3,4.8,767.7,0,0,0,0
0.952,1,1.8,1.8,1.8,3,8.2,50.0,0,0,0,0
0.814,3,0.0,0.0,0.1,2,5.5,395.5,0,0,0,0
1.36,3,3.8,4.0,0.8,2,7.1,50.0,0,0,0,0
1.103,3,2.1,1.0,0.1,1,3.6,594.2,1,0,0,0
0.752,1,0.0,0.0,0.0,5,6.6,1321.9,1,0,0,0
0.947,1,0.0,0.0,0.0,1,4.3,602.6,1,0,0,0
0.614,0,0.0,0.0,0.0,9,5.7,638.9,0,0,0,0
1.01,3,2.2,1.3,0.7,1,10.0,951.9,1,0,0,0
0.946,0,0.0,0.5,0.0,4,8.0,681.5,0,0,0,0
0.851,0,3.0,2.6,2.4,1,6.2,603.3,0,0,0,0
1.558,3,6.1,6.8,4.3,1,10.0,980.8,0,0,0,0
0.723,3,1.4,2.7,1.2,1,4.8,830.5,0,0,0,0
1.219,3,0.1,1.0,0.4,3,8.4,769.9,0,0,1,0
1.845,2,1.4,1.9,1.7,6,3.7,628.5,1,0,0,0
1.352,2,0.4,0.0,0.4,11,6.0,560.0,0,0,0,0
0.991,2,0.0,0.0,0.0,8,4.1,977.7,0,0,0,0
0.728,1,2.3,0.9,0.5,4,6.8,563.1,0,0,0,0
0.683,2,0.0,0.0,0.0,13,6.5,1081.6,1,1,0,0
0.891,2,1.0,0.8,0.5,7,5.9,328.1,0,0,0,0
0.825,3,2.8,3.9,3.0,6,8.3,1148.5,0,0,0,0
0.818,3,0.3,0.7,1.4,4,5.4,830.5,0,0,0,0
0.913,3,1.0,0.5,0.0,4,6.9,354.1,0,0,0,0
0.972,0,3.3,1.6,0.7,3,7.8,842.7,0,0,0,0
1.146,2,2.4,2.8,2.1,6,3.8,459.4,0,0,0,0
0.707,1,0.0,0.0,0.0,1,5.1,685.5,0,0,0,0
0.826,2,1.1,1.2,0.0,1,6.5,513.5,0,0,0,0
0.956,1,2.7,0.0,0.0,6,7.5,630.5,0,0,0,0
0.947,1,0.1,0.0,0.0,4,8.8,985.7,0,0,0,0
1.672,3,3.4,4.0,2.2,2,6.0,845.9,1,0,1,0
1.067,2,0.0,0.0,0.0,4,5.8,302.3,0,0,0,0
0.636,3,0.0,0.1,0.5,2,4.9,321.2,0,0,0,0
1.124,0,0.0,0.0,0.0,1,7.0,764.0,0,0,0,0
1.165,0,0.0,0.5,0.3,2,5.9,787.9,0,0,0,0
0.966,2,0.0,0.7,2.0,3,5.9,451.4,1,0,0,0
0.712,0,0.3,1.3,1.5,4,6.2,1200.6,0,1,0,0
1.636,1,2.3,1.6,1.7,7,7.3,943.4,0,0,0,0
0.741,3,0.0,0.0,0.0,1,5.4,467.5,0,0,0,0
1.203,1,1.7,2.3,1.8,3,5.1,435.6,0,0,0,0
1.058,1,1.2,1.7,1.3,1,7.1,599.1,1,0,0,0
1.183,3,1.0,0.9,0.0,2,1.2,564.7,0,0,1,0
1.613,2,0.2,0.8,0.4,2,5.3,1089.8,0,0,0,0
1.17,3,1.2,1.4,0.3,13,4.4,1000.0,1,0,0,0
0.855,2,6.0,5.6,3.5,3,8.5,686.0,1,0,0,0
1.363,3,1.8,1.9,2.6,2,5.6,898.6,0,0,1,0
0.838,1,1.3,2.6,0.9,1,5.4,946.6,0,0,0,0
1.047,2,0.0,0.0,0.0,1,6.3,693.7,0,0,0,0
0.696,3,0.0,1.1,0.0,2,5.4,807.6,1,0,0,0
0.749,3,0.2,0.0,0.7,2,5.7,870.9,1,0,0,0
1.014,2,0.5,1.1,0.0,2,6.6,835.7,1,0,0,0
1.109,3,3.7,1.2,2.8,2,5.7,416.9,1,0,0,0
0.621,0,0.6,0.6,0.1,2,5.6,450.3,0,0,0,0
1.149,1,0.0,0.0,0.0,1,4.6,579.0,0,0,0,0
0.795,0,0.6,1.3,0.0,1,4.4,440.7,0,0,0,0
1.431,3,0.6,1.4,1.3,1,6.5,187.3,1,0,1,0
0.906,1,0.5,0.0,0.0,10,6.9,897.9,0,0,0,0
0.73,3,0.0,0.0,0.9,5,3.9,789.0,0,0,0,0
1.021,0,3.7,4.6,2.9,2,7.7,231.5,0,0,1,0
0.774,3,0.0,0.0,0.2,5,7.7,594.7,1,0,0,0
1.427,3,4.3,3.0,2.1,1,8.1,613.5,1,1,0,0
1.0,0,2.1,1.3,1.5,2,6.9,734.6,1,0,0,0
0.958,0,2.9,2.8,2.0,6,7.5,316.6,0,0,0,0
1.18,0,5.3,4.3,3.4,1,10.0,226.7,1,0,0,0
0.755,3,0.0,0.0,0.0,5,5.9,846.3,1,0,0,0
0.697,1,1.3,2.0,1.0,3,4.6,167.2,1,0,0,0
1.121,2,3.3,4.1,0.3,2,3.7,597.5,0,0,0,0
0.735,2,4.0,5.4,3.7,4,9.4,566.6,1,0,0,0
0.735,3,3.1,2.4,1.8,10,9.4,633.6,1,0,0,0
1.264,2,2.0,1.8,1.5,3,4.8,758.0,0,0,0,0
1.158,2,1.1,0.1,0.0,3,5.1,1203.0,0,0,0,0
0.704,3,0.0,0.0,0.0,5,5.8,145.5,0,0,0,0
0.841,1,1.8,1.8,0.4,2,8.5,964.3,1,0,0,0
0.776,3,0.0,0.0,0.4,3,4.2,50.0,0,0,0,0
1.644,0,1.6,1.9,0.3,2,3.0,1135.3,0,0,0,0
1.289,2,4.9,3.6,5.1,2,10.0,50.0,0,0,0,0
0.889,3,0.0,0.0,0.0,4,6.9,1480.1,1,0,1,0
1.175,3,2.6,1.5,0.4,2,7.2,545.5,1,0,0,0
0.684,3,2.9,3.9,2.0,1,6.0,1101.1,1,0,0,0
0.828,1,2.0,1.9,1.0,1,7.2,1032.9,0,0,0,0
1.03,2,0.0,0.5,0.0,9,3.8,530.1,1,0,0,0
1.135,2,1.3,2.6,1.9,3,4.9,555.4,1,0,0,0
0.973,2,1.0,0.1,0.8,4,6.6,397.6,0,1,0,1
1.072,2,0.0,0.0,0.0,6,2.5,934.8,0,0,0,0
1.022,2,0.6,0.9,2.2,3,5.9,534.4,1,0,0,0
0.955,1,0.0,0.0,0.0,1,5.8,403.6,0,0,0,0
0.92,1,0.0,0.8,0.0,5,5.9,852.1,0,0,0,0
0.887,2,0.3,0.0,0.9,4,5.4,377.7,0,0,0,0
1.067,1,0.0,0.0,0.0,6,4.7,565.6,1,0,0,0
1.122,3,3.8,4.0,2.1,10,3.2,709.8,0,0,1,0
1.057,3,4.2,5.2,2.9,1,6.6,462.0,1,0,0,0
0.719,1,2.2,1.6,1.0,1,5.9,511.9,0,0,0,0
0.756,3,0.0,0.0,0.0,13,4.0,1182.0,1,0,0,0
1.118,3,4.8,5.1,2.3,5,6.5,606.9,0,0,0,0
1.51,1,3.0,5.1,2.4,9,5.9,555.5,1,0,0,0
1.044,1,0.0,0.0,0.0,1,5.6,616.5,1,0,0,0
0.891,0,1.0,0.0,0.5,5,2.7,824.7,0,0,0,0
1.065,0,3.8,2.9,3.3,9,7.6,332.5,0,0,0,0
0.727,3,0.0,0.0,0.0,14,4.3,815.7,1,0,0,0
1.443,3,1.5,2.5,2.0,6,6.5,759.0,0,0,1,0
1.054,0,1.5,1.5,2.1,7,5.0,82.9,0,0,0,0
0.829,3,0.0,0.0,0.0,4,5.7,1267.7,0,0,0,0
0.954,0,0.9,1.4,0.7,1,8.4,1157.5,1,0,1,0
0.863,3,0.0,0.0,0.4,4,7.3,409.7,0,0,0,0
1.444,3,4.6,5.4,3.0,2,8.3,303.2,0,0,0,0
0.945,2,0.0,0.0,0.9,2,7.0,749.8,1,0,0,0
1.044,0,2.2,1.9,0.9,2,7.1,202.9,0,1,0,0
1.174,3,0.0,0.0,0.0,1,3.3,1125.6,0,0,0,0
0.813,3,0.0,0.0,0.0,5,5.8,519.5,0,0,0,0
1.056,1,0.0,0.0,0.0,1,6.0,1210.7,0,0,0,0
1.08,1,2.1,2.7,1.4,6,8.5,401.8,0,0,0,0
0.647,1,0.8,0.0,0.0,1,5.5,637.3,1,0,0,0
1.073,3,2.5,1.7,1.2,2,6.8,1093.5,0,0,0,0
0.987,3,0.0,0.0,0.0,2,6.8,567.5,1,0,0,0
1.037,3,0.1,3.2,0.6,5,8.4,764.4,0,0,0,0
1.01,3,0.4,0.0,0.5,5,6.2,1035.7,0,0,0,0
1.075,3,2.0,2.2,2.1,10,7.8,490.5,0,0,1,0
1.454,3,0.9,0.9,0.5,1,3.4,257.2,0,0,1,0
0.719,1,0.0,0.0,0.4,2,3.6,192.0,1,0,0,0
0.909,3,0.0,0.0,0.0,1,2.4,867.3,0,0,0,0
1.205,1,6.4,4.8,3.2,1,7.7,803.0,0,0,0,0
1.144,2,0.0,0.3,0.0,6,7.5,1025.5,0,0,0,0
1.137,3,0.5,1.7,1.2,2,7.9,583.8,1,0,0,0
2.162,3,4.6,4.2,3.6,5,5.2,201.3,0,0,1,0
1.188,3,1.1,0.0,0.0,1,5.4,50.0,1,0,0,0
1.373,2,0.1,1.2,1.4,1,6.2,1622.8,0,0,0,0
0.918,2,0.0,0.0,0.0,3,8.9,848.7,0,0,0,0
0.757,2,1.0,0.0,0.8,1,9.3,719.6,1,0,0,0
0.916,1,0.0,0.4,1.9,3,7.8,766.6,0,0,0,0
1.221,1,3.8,5.5,2.8,2,7.0,201.1,0,0,0,0
1.121,2,5.3,7.7,3.1,2,8.7,411.6,1,0,0,1
1.12,0,1.1,0.9,1.0,5,5.9,1250.9,0,0,0,0
0.942,3,0.0,0.0,0.0,3,5.7,892.1,0,0,0,0
0.901,1,1.6,2.3,2.0,1,6.2,421.9,0,0,0,0
0.951,1,0.0,0.4,0.0,2,4.7,268.7,0,0,0,0
1.225,3,2.7,2.1,0.0,2,6.1,503.9,1,0,0,0
1.265,0,0.0,0.0,0.0,3,4.5,570.1,0,0,0,0
0.754,3,0.0,0.3,0.0,13,8.2,1352.0,1,0,0,0
1.238,3,2.2,2.4,0.9,1,7.3,612.2,0,0,0,0
0.833,0,0.5,0.4,0.0,4,8.9,281.0,1,0,0,0
1.14,3,0.0,0.0,1.2,6,3.6,655.0,1,0,0,0
0.948,3,5.3,3.5,1.3,1,9.7,761.8,1,0,0,0
1.55,3,1.9,2.1,1.4,7,3.7,251.0,0,0,0,0
0.89,3,0.0,0.9,0.0,2,4.3,807.4,0,0,0,0
1.051,3,0.0,0.0,0.0,1,5.3,1074.2,0,0,0,0
1.185,3,3.6,5.1,2.4,7,8.6,720.3,1,0,1,0
0.783,1,0.7,0.4,0.6,5,6.8,410.8,0,1,0,0
0.98,3,3.4,2.0,2.7,1,6.0,499.5,1,0,0,0
0.928,3,0.0,1.4,0.3,2,5.0,125.9,0,0,0,0
0.866,3,0.0,0.0,0.4,1,4.0,630.2,1,0,0,0
0.884,3,0.0,0.0,0.0,4,8.3,777.2,0,0,0,0
1.365,2,5.8,7.3,5.4,3,7.8,377.9,1,1,0,0
0.846,3,2.8,2.8,1.9,1,8.7,1315.8,0,0,0,0
1.172,3,4.4,3.5,3.0,2,7.1,936.4,0,0,1,0
1.092,1,0.7,0.2,1.0,6,1.8,81.6,1,0,0,0
0.676,1,0.0,0.5,0.0,1,4.2,88.4,1,0,0,0
1.156,2,4.9,4.8,4.5,2,7.2,349.0,1,0,0,0
0.673,2,0.0,0.3,0.0,2,5.7,1194.6,1,0,0,0
1.192,3,3.0,1.7,1.4,8,5.4,969.0,0,0,0,0
0.868,0,0.0,0.0,0.0,1,4.5,1211.4,1,0,0,0
1.002,2,0.4,1.9,0.1,5,8.0,677.8,0,0,0,0
0.696,3,0.1,0.2,0.0,1,7.2,605.1,0,0,0,0
1.035,3,0.3,0.6,0.0,1,7.3,261.9,0,0,0,0
1.296,3,1.6,2.5,1.7,2,5.3,790.0,0,0,0,0
0.798,3,0.0,0.0,0.6,2,6.7,609.5,0,0,0,0
0.844,3,0.0,0.0,0.0,8,4.1,596.8,1,0,0,0
1.136,3,0.4,0.2,0.0,1,6.2,1209.5,0,0,0,0
1.144,3,0.0,0.0,0.4,12,2.0,632.6,1,0,0,0
0.506,2,0.0,0.2,1.3,4,3.7,1114.6,0,0,0,0
1.758,3,4.2,3.6,3.5,1,5.8,149.3,0,0,0,0
1.16,1,5.3,6.4,2.4,6,10.0,1563.3,0,0,0,1
1.215,1,0.5,1.5,1.9,3,3.3,551.0,0,0,0,0
0.961,2,0.0,0.0,1.0,10,4.2,908.3,0,0,0,0
0.595,3,0.8,0.4,0.0,1,6.8,960.9,1,0,0,0
1.208,3,4.2,3.3,2.6,8,9.4,509.9,0,0,0,0
0.854,0,2.7,0.9,1.3,1,6.7,945.3,0,0,0,0
1.165,3,1.4,2.4,1.3,2,7.6,962.4,1,1,0,0
0.941,1,0.5,0.0,0.0,1,5.8,438.6,0,0,0,0
1.069,3,1.2,1.5,1.1,9,5.5,442.5,1,0,0,0
0.805,3,0.4,1.5,1.8,3,6.5,689.4,1,0,0,0
1.274,3,0.3,0.0,0.9,3,5.3,636.2,0,0,1,0
0.717,3,2.8,1.0,0.0,1,7.6,1135.1,0,0,0,0
1.875,2,1.3,1.6,0.0,1,3.6,906.8,0,0,0,0
1.871,2,5.2,4.7,4.3,4,7.9,651.1,0,0,0,0
1.58,3,3.7,4.3,3.9,4,6.5,874.8,0,0,1,0
1.429,3,5.1,5.7,1.1,14,6.0,50.0,1,0,0,0
0.977,2,0.0,0.0,0.0,2,3.6,470.9,0,0,0,0
1.386,2,2.0,4.9,1.1,4,4.7,769.6,1,0,0,0
0.973,0,3.4,4.1,1.2,2,8.5,1043.2,0,0,0,0
0.647,1,0.0,0.0,0.6,3,6.0,740.5,0,0,0,0
1.523,1,0.9,2.0,1.2,4,6.9,1156.6,0,0,0,0
1.372,2,0.4,0.4,0.0,3,4.9,961.4,0,0,0,0
0.991,3,0.0,0.0,0.0,4,6.3,512.9,1,0,1,0
0.71,2,0.0,0.0,0.4,8,4.0,628.1,0,0,0,0
0.849,1,0.0,0.0,0.0,2,6.6,809.5,0,0,0,0
0.601,1,3.1,1.6,2.2,1,7.0,526.1,0,0,0,0
1.303,2,0.4,0.2,1.3,3,6.9,1180.8,0,0,0,0
0.638,3,0.0,0.0,0.0,4,4.8,307.8,1,0,0,0
1.084,2,1.1,1.4,2.8,1,5.8,778.9,1,0,0,0
0.79,3,1.1,0.0,0.5,2,7.3,917.6,1,0,0,0
0.671,3,0.0,1.3,1.6,4,6.0,570.8,0,0,0,0
1.069,1,3.8,3.5,2.8,3,5.9,496.2,0,0,0,0
0.911,3,2.1,1.6,1.1,4,9.7,649.3,1,0,0,0
1.265,3,0.5,2.9,0.0,1,4.7,942.9,0,0,0,0
0.701,2,0.4,1.6,0.0,3,8.2,509.1,1,0,0,0
0.809,0,2.6,2.1,0.0,3,4.4,320.9,0,0,0,0
0.512,3,2.8,3.2,2.8,5,7.5,1054.9,0,0,0,0
0.542,3,0.0,0.0,0.0,2,7.6,806.5,1,0,0,0
1.654,2,0.8,0.2,0.0,2,5.5,1007.7,0,0,1,0
1.792,3,4.5,3.4,2.4,4,4.3,925.5,1,0,1,0
1.026,1,1.6,1.9,2.1,4,3.0,1395.3,0,0,0,0
0.794,3,4.0,3.5,2.4,6,5.3,1043.1,0,0,0,0
0.92,2,2.0,2.2,1.2,4,7.3,435.0,0,0,0,0
1.277,0,5.3,4.2,2.4,3,4.5,829.9,0,0,0,0
0.866,3,3.5,3.1,4.0,1,6.6,490.1,0,0,0,0
1.069,3,3.4,2.5,2.3,1,3.8,524.2,0,0,1,0
0.996,3,2.0,1.5,1.3,4,6.0,207.3,0,0,0,0
0.853,1,0.0,0.0,0.0,5,4.4,579.8,1,0,0,0
0.863,0,1.1,2.4,0.9,1,6.3,854.6,0,0,0,0
1.086,3,0.8,0.8,0.7,1,5.5,652.6,0,0,1,0
0.761,3,0.0,0.0,0.0,3,4.3,310.9,0,0,0,0
1.135,2,0.9,0.7,0.7,3,5.2,170.8,1,0,0,0
0.876,3,3.4,0.7,3.0,1,4.8,1372.8,0,0,0,0
1.036,2,0.0,0.0,0.1,6,4.1,781.9,0,0,0,0
1.473,2,4.2,4.1,2.8,6,8.3,401.9,0,0,0,0
0.954,1,2.3,1.5,1.6,2,5.8,827.1,0,0,0,0
1.294,0,0.0,0.0,0.0,6,2.6,1398.3,0,0,0,0
0.605,1,0.0,0.0,0.0,3,5.3,879.6,0,0,0,0
0.877,3,0.0,0.0,0.0,2,8.0,50.0,1,0,0,0
1.008,1,0.7,0.7,0.0,1,5.1,1551.5,0,0,0,0
1.713,1,4.1,4.8,0.5,2,9.0,62.9,0,0,0,0
0.578,2,0.0,0.0,0.0,2,4.9,606.3,0,0,0,0
0.973,1,0.0,0.0,0.0,3,7.3,299.6,0,0,0,0
1.504,1,2.7,4.7,1.5,5,8.2,429.7,0,0,0,0
0.803,3,0.0,1.5,0.0,1,7.2,768.5,0,0,0,0
0.942,2,0.0,0.1,0.0,1,4.0,50.0,0,0,0,0
1.097,3,0.0,1.1,0.0,2,4.8,644.6,1,0,0,0
1.053,3,2.7,2.4,1.9,2,8.4,1053.8,0,0,0,0
1.55,1,3.0,3.4,2.4,1,5.0,395.6,1,0,0,0
1.134,3,1.7,2.6,0.5,3,8.1,214.7,0,0,0,0
1.45,3,0.6,0.0,0.9,1,5.6,628.3,0,0,1,0
0.904,3,0.2,0.0,1.1,6,6.6,562.5,1,0,0,0
0.813,3,1.3,0.8,0.8,4,4.0,477.6,1,0,0,0
0.939,3,0.0,1.6,0.5,3,5.3,281.4,0,0,0,0
0.723,3,0.9,0.0,0.5,1,4.9,846.1,1,0,0,0
1.145,3,0.4,1.6,0.3,3,6.8,871.3,0,0,0,1
0.898,0,0.0,0.0,0.6,5,6.5,322.0,0,0,0,0
0.829,3,0.0,0.0,0.2,4,7.2,367.8,1,0,0,0
1.15,3,0.0,0.0,0.0,2,5.5,719.5,1,0,0,0
0.726,3,1.2,1.7,2.3,2,4.8,355.3,0,0,0,0
1.241,2,5.1,2.4,0.9,3,6.7,733.5,0,0,0,0
0.875,0,0.2,1.6,0.0,2,4.6,1159.9,0,0,0,0
1.383,2,2.8,4.4,1.9,4,8.2,654.6,0,0,0,0
0.896,2,0.9,1.0,1.2,7,6.2,273.1,1,0,0,0
1.194,2,0.0,1.8,1.2,3,5.8,804.1,0,0,0,0
1.052,2,1.0,1.4,0.0,2,7.2,615.7,0,0,0,0
1.232,1,2.6,0.0,3.4,1,6.3,624.8,0,0,0,0
1.031,2,4.1,3.8,2.2,1,3.5,831.6,0,0,0,0
0.628,2,1.6,2.2,0.9,2,4.6,902.9,0,0,0,0
1.326,3,2.4,2.5,2.2,11,8.2,686.2,1,0,0,0
0.976,1,3.0,3.1,2.3,1,6.5,654.3,0,0,0,0
1.247,1,2.8,1.5,1.2,2,3.5,1356.8,1,0,0,0
1.213,1,0.0,0.0,0.8,1,7.0,1071.4,0,0,0,0
0.805,2,0.2,0.0,0.0,4,5.4,950.1,0,0,0,0
0.774,2,0.3,0.0,0.0,5,4.9,717.8,0,0,0,0
1.201,3,2.3,1.4,0.4,1,4.4,341.8,0,0,0,0
0.919,3,1.1,2.7,2.0,8,8.1,1047.2,0,0,1,0
1.3,1,1.4,0.5,1.4,3,3.0,722.1,1,0,0,0
0.951,3,0.0,0.3,0.0,6,4.9,483.6,1,0,0,0
1.332,0,3.5,4.7,3.3,1,6.6,594.0,0,0,0,0
1.126,1,1.6,0.0,0.0,8,9.1,354.9,0,0,0,0
1.084,2,0.2,0.5,0.8,3,7.3,1024.1,1,0,0,0
0.901,0,0.0,0.0,0.0,1,4.9,900.3,0,0,0,0
1.067,3,0.2,0.3,1.3,2,9.0,734.5,1,1,0,0
1.397,3,2.2,2.4,1.8,11,4.0,660.3,0,0,0,0
0.985,3,2.8,3.1,2.0,2,6.8,449.3,0,0,0,0
1.16,2,1.0,0.3,0.8,1,7.2,50.0,0,0,0,0
1.013,3,3.7,2.0,1.4,12,4.9,207.2,1,0,0,0
1.036,2,3.8,3.6,1.4,9,7.6,428.8,0,0,0,0
1.62,0,2.5,2.1,1.0,3,5.5,379.1,1,0,0,0
1.4,0,2.5,2.7,3.0,3,7.6,770.1,0,0,0,0
1.022,3,0.8,0.0,0.0,3,3.2,942.8,0,0,0,0
1.062,3,2.4,2.5,1.9,2,7.0,631.9,1,0,0,0
0.822,0,0.0,0.0,0.0,3,5.7,1140.3,0,0,0,0
0.953,3,6.5,5.3,2.1,8,8.4,415.5,0,0,0,0
1.09,3,3.4,3.1,2.7,3,6.3,629.6,0,0,1,0
1.269,3,1.6,1.9,0.0,1,8.5,657.6,1,0,0,0
1.233,2,2.4,0.6,1.9,1,7.3,1035.6,0,0,0,0
0.733,3,1.4,0.0,1.1,3,6.2,709.4,0,0,1,0
1.315,3,2.9,1.9,2.3,4,7.7,718.6,1,0,0,0
0.975,3,2.5,2.8,1.2,8,7.8,127.2,1,0,0,1
0.759,1,0.8,0.9,1.9,2,7.2,376.8,1,0,0,0
1.454,3,3.2,4.4,3.8,4,2.4,1036.8,1,0,0,0
1.506,0,2.0,2.2,1.8,2,4.7,50.0,1,0,0,0
1.077,3,6.1,6.6,5.1,3,8.8,1118.5,0,0,1,0
1.22,0,1.5,2.9,1.0,5,4.2,839.6,0,0,0,0
1.24,1,0.9,0.0,0.0,4,7.9,427.2,1,0,0,0
1.478,0,6.6,6.0,5.0,2,7.6,399.3,1,0,0,0
1.226,2,3.6,5.2,1.3,3,5.1,1301.4,1,0,0,0
0.69,2,0.0,0.1,0.6,3,2.9,1141.1,0,0,0,0
1.755,1,5.6,4.4,3.6,1,5.4,634.9,0,0,0,0
1.348,2,2.7,2.6,1.5,1,10.0,718.9,0,0,0,0
0.867,2,0.0,0.0,0.0,5,4.9,460.7,0,0,0,0
0.75,3,0.1,0.0,0.6,6,5.0,719.0,0,0,0,0
1.152,3,4.1,2.2,2.3,4,4.7,451.6,1,0,1,0
0.925,3,1.6,2.7,1.3,13,8.5,648.4,0,0,0,0
1.097,1,5.5,3.6,1.5,5,6.0,1273.1,0,0,0,0
1.231,1,2.8,3.5,3.1,1,5.3,642.8,0,0,0,0
0.853,3,2.4,1.5,1.5,9,8.8,327.8,0,0,1,0
0.732,0,2.5,1.2,4.0,5,7.4,222.6,1,0,0,1
1.114,2,3.1,3.9,2.1,1,4.8,716.4,0,0,0,0
0.861,3,0.0,0.0,0.1,2,4.3,422.8,0,0,1,0
1.042,3,2.5,1.2,1.5,2,8.4,756.0,0,0,0,0
0.687,2,0.0,0.0,0.8,1,6.4,138.9,0,0,0,0
0.932,3,0.0,0.0,0.0,10,3.7,902.7,0,0,0,0
1.222,2,1.9,1.2,0.6,1,3.3,323.8,1,0,0,0
1.185,3,3.5,3.0,2.1,3,4.5,689.7,1,0,0,0
0.802,0,0.0,0.0,0.0,1,4.2,562.5,0,0,0,0
0.721,1,0.2,0.0,0.2,2,2.9,1242.7,0,0,0,0
1.004,3,1.0,0.0,0.3,3,4.5,731.1,0,0,1,0
1.17,1,0.0,0.0,0.0,4,4.8,1317.8,0,0,0,0
1.12,3,4.8,3.8,3.5,6,5.6,859.8,0,0,1,0
0.866,2,1.2,2.0,0.8,1,9.3,1145.8,1,0,0,0
1.087,3,0.7,0.0,0.0,1,5.9,605.4,0,0,0,0
1.523,3,3.6,5.1,3.0,3,6.1,788.7,1,0,1,0
1.059,2,2.2,2.4,1.6,2,7.3,1077.4,0,0,0,0
0.633,3,1.2,0.0,0.0,9,6.0,973.7,0,0,0,0
1.059,1,3.2,2.8,1.9,4,7.1,850.0,0,0,0,0
1.772,2,1.8,2.4,1.5,1,6.9,566.0,0,0,0,0
0.697,1,1.7,0.1,1.0,1,6.6,621.9,0,0,0,0
1.008,3,6.1,3.7,2.3,7,10.0,1050.6,1,0,0,0
0.939,3,1.0,0.5,0.5,1,8.0,1119.5,0,0,0,0
1.027,3,0.0,0.0,0.2,5,4.5,478.4,0,0,0,0
1.056,3,1.6,2.2,0.7,9,7.0,428.5,0,0,1,0
1.376,3,1.2,2.7,1.7,2,5.0,375.4,0,0,0,0
1.024,1,2.6,3.3,3.0,5,7.2,948.8,0,0,0,0
1.43,3,0.0,0.0,0.0,8,4.0,367.0,0,0,0,0
0.968,3,0.0,0.0,0.0,5,4.5,944.8,0,0,0,0
0.907,2,0.7,1.7,2.7,3,7.0,854.9,0,0,0,0
0.829,3,0.0,1.1,0.0,3,8.1,494.2,1,0,0,0
0.601,2,0.0,0.0,0.7,5,7.3,1191.6,1,0,0,0
1.08,1,0.0,0.0,0.0,6,7.9,190.9,0,0,0,0
1.777,1,5.8,6.4,5.1,3,7.0,1223.2,0,0,0,0
1.137,0,1.6,1.6,2.0,1,6.7,779.9,0,0,0,0
1.212,2,1.0,2.0,2.8,13,5.5,50.0,0,0,0,0
0.891,3,1.8,1.0,1.5,1,7.8,1200.8,0,0,0,1
0.934,3,0.0,0.5,0.0,1,8.2,995.9,0,0,0,0
1.317,2,0.7,2.1,0.0,3,6.3,532.8,0,0,1,0
1.755,2,1.8,3.9,2.7,1,6.2,355.4,1,0,0,0
1.517,2,2.6,2.7,2.7,2,9.1,155.5,0,0,0,0
1.253,1,1.2,2.3,0.8,5,6.4,1473.2,1,0,0,0
1.01,3,1.6,1.6,2.6,3,6.5,369.1,0,0,0,0
1.06,1,4.5,4.1,1.9,11,7.2,256.6,0,0,0,0
0.81,3,0.0,0.0,0.0,7,6.2,763.0,0,0,0,0
0.667,3,0.0,0.9,0.1,6,5.0,132.8,1,0,0,0
0.729,3,1.2,1.3,0.1,6,7.0,349.8,1,0,0,0
1.014,3,0.0,0.0,0.0,4,6.3,1003.4,0,0,0,0
0.921,1,1.7,1.5,3.2,1,9.6,827.9,0,0,0,0
0.663,3,1.4,1.5,0.2,1,7.7,546.6,0,0,1,0
0.99,3,1.3,0.4,1.0,14,5.4,680.5,0,0,0,0
0.915,3,2.0,2.8,0.8,3,7.6,528.1,0,0,0,1
0.72,3,0.3,0.3,0.0,4,6.9,653.9,0,0,0,0
0.902,3,0.9,1.9,0.0,7,8.6,422.5,0,0,0,0
0.914,3,0.0,0.0,0.0,5,5.5,482.5,1,0,0,0
0.841,2,1.3,1.2,0.1,4,6.7,472.5,0,0,0,0
1.296,3,1.8,3.9,2.5,1,6.2,434.4,0,0,0,0
0.587,3,0.0,0.0,0.0,2,6.5,1019.6,0,0,0,0
0.573,2,2.3,1.9,0.2,2,4.9,929.1,0,0,0,0
1.001,3,3.0,3.4,2.8,6,7.4,366.1,0,0,0,0
1.027,2,0.8,0.0,0.0,1,7.1,279.4,1,0,0,0
1.12,3,2.1,0.7,1.1,2,8.6,622.4,1,0,1,0
0.86,1,0.0,0.0,0.0,3,6.4,1387.1,0,0,0,0
0.773,1,0.0,0.0,0.0,3,5.7,334.6,1,0,0,0
0.998,3,6.1,2.9,2.5,1,7.7,621.1,0,0,0,0
0.884,2,0.1,0.4,0.0,1,5.0,703.8,0,0,0,0
1.544,2,2.5,0.8,2.1,2,8.3,638.5,0,0,0,0
0.913,1,1.1,0.7,1.1,4,8.3,522.9,0,0,0,0
0.985,2,2.0,3.2,0.5,7,8.6,1056.4,0,0,0,0
2.0,3,3.3,2.7,1.4,1,7.0,824.7,1,0,1,0
0.947,3,2.0,3.1,1.7,1,5.5,954.1,0,0,1,0
1.169,0,0.0,0.0,0.0,7,6.6,869.3,1,0,0,0
1.198,3,0.7,0.3,0.1,2,7.0,970.0,1,0,0,0
1.227,2,2.8,1.3,0.7,14,5.4,1198.4,1,0,0,0
1.084,3,2.0,2.1,2.3,5,8.7,1114.6,0,0,0,0
1.056,2,2.8,2.3,1.1,6,7.4,1443.2,1,0,0,0
1.028,2,1.3,1.4,1.8,3,4.8,1077.0,0,0,0,0
0.851,2,3.0,0.9,0.0,1,9.6,453.0,0,0,0,1
1.095,3,1.6,2.4,0.0,1,6.6,954.6,0,0,0,0
1.765,2,2.1,0.0,1.4,3,4.5,909.3,1,0,0,0
1.404,2,0.0,0.0,0.0,4,5.0,1309.4,0,0,0,0
1.089,3,1.5,1.9,0.0,1,9.0,354.6,0,0,1,0
1.271,3,1.4,1.7,0.9,1,9.5,858.9,1,0,0,0
0.784,2,1.6,3.6,1.3,1,8.1,449.2,0,0,0,0
0.93,3,0.0,0.0,0.0,1,8.7,843.9,1,0,1,0
1.304,3,1.1,2.1,1.9,14,8.5,603.4,0,0,0,0
1.517,1,3.1,3.3,2.2,4,7.3,833.0,0,0,0,1
0.806,3,0.3,0.9,0.8,5,7.0,208.0,0,0,0,0
0.873,1,1.3,1.8,2.3,5,7.3,936.7,0,0,1,0
1.842,3,3.6,3.9,2.6,7,7.7,742.6,0,0,0,0
1.027,1,0.0,0.0,0.0,3,5.1,724.7,0,0,0,0
1.666,3,5.5,5.7,4.5,2,7.6,1319.3,0,0,0,0
1.06,1,3.3,1.5,1.7,5,8.9,547.9,1,0,0,0
1.071,2,3.9,1.8,1.6,9,6.0,787.6,1,0,0,0
0.918,3,1.9,1.1,0.1,5,5.8,707.6,0,0,0,0
1.302,2,2.0,1.9,2.0,1,7.2,739.9,0,0,1,1
1.463,3,2.5,2.0,0.9,1,5.3,1409.1,0,0,0,0
0.748,3,0.0,0.0,0.0,1,4.1,695.5,1,0,0,0
0.906,3,0.6,0.5,0.0,4,8.4,486.8,1,0,0,0
1.292,1,3.6,1.0,0.0,3,5.6,1293.1,0,0,0,0
0.964,3,2.7,4.1,2.0,9,6.4,572.7,0,0,0,0
0.871,0,0.1,2.9,1.4,1,5.3,143.6,1,0,0,0
1.327,2,4.0,4.6,2.3,11,8.6,429.4,1,0,0,0
1.362,3,0.0,0.4,1.7,1,7.9,262.2,0,0,0,0
0.882,3,0.0,0.0,0.0,1,6.0,79.2,1,0,0,0
1.061,2,0.2,1.5,1.3,5,4.4,554.4,0,0,0,0
0.713,2,1.2,0.7,1.2,6,5.8,651.2,0,0,0,0
0.778,3,0.0,0.0,1.8,3,7.4,1064.8,1,0,1,0
1.035,3,1.3,0.4,0.7,1,6.7,882.5,0,1,0,0
1.009,2,1.9,3.1,1.2,1,6.6,867.5,0,0,0,0
0.763,3,1.5,0.4,2.0,5,6.8,379.0,1,0,1,0
0.818,1,2.5,1.6,3.3,1,7.7,967.0,1,0,0,0
0.742,1,0.3,0.0,0.0,2,6.3,1134.5,0,0,0,0
1.136,3,1.4,0.6,1.3,4,7.2,804.9,0,0,1,0
0.576,3,1.6,1.0,1.1,1,4.7,814.1,1,0,0,0
0.753,1,1.2,1.6,0.9,1,10.0,256.2,0,0,0,0
0.594,1,0.0,0.0,0.0,1,5.9,1023.1,1,0,0,0
1.124,1,0.6,0.0,0.0,5,6.7,1263.3,1,0,0,0
0.604,3,0.4,0.0,0.0,2,7.4,781.2,0,0,0,0
1.009,1,2.9,2.7,2.8,6,5.7,477.9,0,0,0,0
1.583,2,0.9,0.1,0.4,1,6.4,620.8,1,0,0,0
1.598,3,4.1,4.8,2.4,3,6.4,535.4,1,0,0,0
0.603,0,0.0,0.0,0.0,1,4.8,555.2,0,0,0,0
1.087,3,1.7,0.7,1.2,2,7.1,888.7,0,0,0,0
0.758,2,0.7,0.0,0.0,1,3.5,766.8,1,0,0,0
0.716,3,1.0,0.6,0.2,5,9.4,1006.4,0,0,0,0
0.969,2,0.9,1.1,1.0,8,7.8,797.1,0,0,0,1
1.41,2,1.8,2.8,1.1,2,7.5,388.7,1,0,0,0
1.183,1,0.0,0.0,0.0,11,3.4,508.8,1,0,0,0
0.819,3,0.3,1.6,2.0,1,5.0,488.3,1,0,0,0
1.218,3,2.7,1.6,2.4,12,8.8,612.7,0,0,1,0
0.534,1,1.7,0.0,0.9,7,10.0,1267.9,0,0,0,0
0.81,2,0.0,0.7,0.0,3,8.4,1320.9,1,0,0,0
0.794,3,0.8,1.4,0.4,7,8.2,951.1,0,0,1,0
1.022,0,2.3,0.3,1.1,2,7.3,713.7,0,0,0,0
0.945,1,1.8,2.5,0.6,3,4.9,224.1,1,0,0,1
0.961,3,0.0,0.0,1.1,8,8.1,747.2,1,0,0,0
0.952,2,0.0,0.0,0.0,1,4.5,413.2,1,0,0,0
1.006,1,0.2,0.2,0.4,7,4.3,1213.6,0,0,0,0
1.163,2,0.0,1.6,0.3,2,4.2,143.3,1,0,0,0
1.043,1,1.2,1.2,1.6,3,8.1,801.6,0,0,0,0
0.923,2,2.0,0.8,0.8,2,6.3,385.3,1,1,0,0
1.119,3,0.0,0.0,0.0,6,6.6,671.3,1,0,0,0
1.26,3,3.4,5.8,1.9,4,6.4,894.7,0,0,0,0
0.856,0,1.3,1.3,0.6,2,4.4,1012.4,1,0,0,0
0.984,3,0.0,0.0,0.0,9,5.2,654.3,0,0,1,0
1.384,1,1.5,1.9,0.0,4,5.3,926.1,1,0,0,0
0.734,3,0.3,1.7,0.0,4,4.0,455.3,1,0,0,0
1.658,2,1.6,4.2,3.0,9,5.5,755.6,1,0,0,0
0.687,3,0.0,0.0,0.0,5,4.5,1005.8,0,0,0,0
0.908,1,0.0,0.0,0.0,8,7.4,784.2,0,0,0,0
0.766,1,4.8,4.4,1.6,1,7.5,499.4,1,0,0,0
1.845,2,4.8,3.5,2.9,3,4.2,582.1,1,0,0,0
0.869,0,1.0,1.8,0.6,4,5.9,1010.3,1,0,0,0
0.869,1,2.6,2.7,1.5,4,9.6,313.4,0,0,0,0
0.901,3,2.2,2.2,0.9,2,4.7,362.1,0,0,0,0
1.027,3,3.6,1.8,1.6,8,7.1,873.4,1,0,0,0
0.912,0,0.0,0.0,0.0,3,6.6,529.2,1,0,0,0
0.963,3,3.0,0.6,0.1,3,8.3,193.9,0,0,0,0
0.372,3,0.0,0.0,0.0,5,6.9,1121.1,0,0,1,0
1.016,3,0.0,1.8,0.0,1,5.6,310.8,0,0,0,0
1.005,3,2.4,1.2,1.8,1,6.5,608.5,0,0,0,0
1.337,3,0.0,0.0,1.1,2,6.5,469.5,0,0,0,0
1.443,2,0.0,1.1,1.2,3,6.2,576.0,0,0,0,0
0.949,3,0.0,0.0,0.0,4,4.1,381.9,0,0,0,0
1.257,3,3.3,3.9,2.3,4,8.5,910.6,1,0,0,0
0.735,0,2.3,1.7,1.5,3,8.2,711.1,1,0,0,0
1.24,1,3.0,3.6,1.8,2,4.6,999.7,1,0,0,1
0.852,0,0.1,0.6,0.0,1,5.9,473.0,0,0,0,0
0.718,3,1.5,1.6,1.4,3,6.0,1379.8,0,0,1,0
0.949,2,1.8,0.0,1.2,2,4.4,50.0,0,0,0,0
1.48,3,1.6,4.4,2.1,1,3.2,150.2,0,0,0,0
1.052,3,1.5,1.0,1.5,1,5.2,1254.1,0,0,1,0
1.52,3,1.0,0.8,1.2,3,5.8,831.2,1,0,0,0
0.811,1,0.0,0.0,0.0,6,3.9,787.3,1,0,0,0
1.341,3,2.0,0.9,0.0,5,6.7,817.0,1,0,1,0
0.833,3,1.2,2.8,3.2,5,8.4,863.3,0,0,0,0
1.065,0,1.3,2.6,1.0,3,7.8,773.5,0,0,0,0
1.063,3,0.0,0.5,1.0,7,6.2,355.0,0,0,0,0
1.203,2,0.8,0.1,0.7,1,3.2,945.0,0,0,0,0
1.073,3,1.7,1.9,0.7,1,7.6,892.9,1,0,0,0
0.813,2,0.0,0.0,0.0,1,6.6,1146.8,0,0,0,0
1.28,1,1.9,2.9,0.3,2,7.1,1257.8,1,0,0,0
1.624,1,5.3,5.0,1.9,1,9.7,783.7,0,0,0,0
0.849,1,0.0,0.0,0.0,3,5.0,268.5,1,0,0,0
0.598,1,0.0,0.0,0.0,2,1.4,1260.6,1,0,0,0
1.15,3,0.0,0.4,0.0,4,4.6,337.7,0,0,1,0
0.911,2,0.7,0.0,0.4,3,7.2,786.2,1,0,0,0
0.964,1,1.3,1.2,1.1,4,6.4,589.5,0,0,0,0
1.169,3,0.0,0.0,0.0,1,4.3,532.0,1,0,0,0
0.88,3,0.3,0.6,0.3,2,3.9,927.2,1,0,0,0
0.927,2,0.0,0.0,0.0,5,5.8,755.3,1,0,0,0
0.972,3,1.9,1.6,0.1,3,4.2,844.1,1,0,0,0
1.509,2,4.0,2.9,2.5,2,7.3,404.7,0,1,0,0
1.008,3,0.0,0.2,0.3,8,5.7,616.8,1,0,0,0
0.708,0,1.3,0.8,2.6,1,5.3,419.9,1,0,0,1
0.715,3,0.0,0.0,0.0,8,5.1,608.6,0,0,0,0
1.04,3,0.8,0.1,0.0,1,6.8,635.1,0,0,0,1
0.729,3,0.0,0.0,0.0,2,6.5,1284.3,1,0,0,0
0.646,3,3.3,2.2,3.1,1,6.7,588.6,0,0,1,0
1.195,3,5.1,5.1,3.0,6,6.7,50.0,0,0,1,0
1.211,2,0.6,0.0,0.0,1,6.3,1135.8,1,0,0,0
0.902,3,0.0,0.0,0.0,1,4.6,823.0,1,0,1,0
1.086,3,0.6,1.3,1.6,9,5.1,631.1,0,0,0,0
1.054,3,0.8,0.0,1.1,6,5.7,529.8,0,0,0,0
1.184,2,3.9,4.2,2.1,4,9.9,361.3,0,0,0,0
1.185,0,0.0,0.7,0.1,3,4.1,1315.3,1,0,1,0
0.482,3,0.0,0.0,0.0,4,5.7,691.6,0,0,0,0
0.935,1,0.0,0.0,0.0,4,6.6,99.8,0,0,0,0
1.156,1,1.9,0.9,1.3,2,5.9,782.8,1,0,0,0
0.891,2,1.1,0.7,0.0,11,8.2,1073.3,1,0,0,0
1.01,3,0.0,1.0,0.0,4,5.9,726.1,1,0,0,0
1.234,1,0.0,0.0,0.0,2,6.0,376.3,0,0,0,0
1.023,1,0.9,1.4,1.0,4,7.8,346.7,1,0,0,0
1.525,0,4.7,3.0,2.4,11,9.5,371.1,0,0,0,0
1.371,3,6.5,5.3,3.6,1,8.8,1177.6,0,0,1,0
0.967,3,1.2,1.3,0.0,1,6.2,650.7,1,0,0,0
0.946,0,1.9,1.7,1.1,3,6.3,119.3,1,0,0,0
0.45,0,0.2,0.0,0.0,1,6.5,801.4,0,0,0,0
0.913,3,0.0,0.0,0.0,5,6.6,721.1,1,0,0,0
0.685,1,0.0,0.0,0.0,5,4.9,526.0,0,0,0,0
1.064,3,0.7,2.8,2.0,5,8.0,337.0,0,0,0,0
1.044,2,1.7,2.7,2.5,1,6.7,322.6,0,0,0,0
1.215,3,2.3,2.7,1.1,6,6.3,1033.7,0,0,0,0
1.479,1,0.5,0.6,0.6,7,4.2,756.3,1,0,0,0
0.993,3,1.7,0.0,1.2,9,6.5,832.7,1,0,0,0
1.894,0,3.1,1.3,0.6,5,3.1,755.4,1,0,1,0
1.067,3,0.7,3.2,1.1,5,5.4,782.8,0,0,0,0
0.693,3,0.0,0.0,0.8,1,5.4,519.5,0,0,0,0
0.854,3,1.0,1.3,1.7,10,6.9,606.3,0,0,0,0
0.901,2,3.0,1.4,0.5,2,9.6,1059.6,1,0,0,0
1.18,1,2.7,4.1,3.1,4,7.4,1142.2,0,0,0,0
0.767,3,2.4,2.0,1.3,2,8.9,270.3,0,0,0,0
0.92,3,4.6,4.4,2.7,2,7.5,605.5,1,0,0,0
0.956,1,2.4,3.7,2.2,10,8.3,952.0,1,0,0,0
0.882,2,3.6,3.6,4.3,2,9.6,1296.8,0,0,0,0
1.255,2,0.4,0.0,0.1,1,5.1,1263.7,0,0,0,0
1.197,3,0.0,0.0,1.1,3,5.0,411.3,0,0,0,0
1.386,3,0.0,0.0,0.0,1,7.5,1096.1,0,0,0,0
0.911,3,1.3,0.9,0.4,1,6.4,693.8,0,0,0,0
1.4,3,2.8,3.0,1.4,3,6.8,1019.8,1,0,0,0
0.683,1,0.0,0.0,0.0,3,6.0,935.1,0,0,0,0
0.678,2,1.9,0.0,0.5,6,5.4,256.4,0,0,0,0
0.712,0,1.6,2.7,1.8,2,9.2,856.3,0,0,0,0
1.003,3,1.5,0.5,2.2,3,4.5,1007.0,0,0,0,0
1.4,2,1.5,0.9,2.4,7,7.6,667.7,0,0,0,0
0.845,2,2.2,3.3,1.4,7,7.3,593.0,0,0,0,0
0.875,1,0.3,0.0,0.0,1,3.7,154.7,0,0,0,0
0.941,1,1.6,2.9,1.8,3,5.0,900.5,0,0,0,0
1.174,3,0.3,0.5,1.7,3,5.2,743.4,1,0,1,0
0.875,1,2.2,1.9,1.6,2,7.4,369.5,1,0,0,0
0.861,0,1.7,3.2,2.1,2,5.8,566.7,0,0,0,0
0.686,3,1.2,1.1,0.3,1,6.2,725.5,0,0,0,0
0.852,2,0.5,0.5,0.0,7,3.9,489.7,1,0,0,0
1.391,2,5.1,5.1,3.0,1,10.0,675.3,1,0,0,0
1.026,2,1.4,0.5,0.7,1,6.5,95.7,1,0,0,0
0.813,3,0.0,0.0,0.0,1,7.2,1120.6,0,0,1,0
1.414,1,3.3,4.6,2.4,2,5.5,679.7,0,0,0,0
0.849,3,2.2,2.1,1.6,6,5.3,310.9,0,0,0,0
1.488,3,5.2,6.1,2.8,1,9.7,50.0,1,0,1,0
1.481,3,1.7,1.5,0.0,1,3.1,1014.7,0,0,0,0
1.016,2,0.0,0.0,0.0,3,6.9,859.0,0,0,0,0
0.657,3,0.0,0.0,0.0,1,4.3,744.1,0,0,0,0
1.898,2,2.4,2.4,1.7,2,5.7,960.0,0,0,0,0
1.115,2,0.6,0.9,0.3,2,5.3,959.1,0,0,0,0
0.913,2,3.1,1.6,1.2,2,4.7,738.7,0,0,0,0
1.307,1,0.0,0.4,0.0,1,6.4,590.3,0,0,0,0
1.217,1,2.5,4.7,3.2,1,2.0,536.5,1,0,0,0
1.443,2,1.6,1.0,1.0,5,5.8,813.6,1,0,0,0
0.831,1,0.0,0.1,0.1,4,6.2,1136.4,0,0,0,0
1.093,2,1.4,0.0,1.8,4,4.0,640.4,1,0,0,0
0.717,3,2.0,2.1,2.2,1,9.0,1162.7,1,0,0,0
1.205,3,2.0,0.8,2.3,1,5.4,797.8,0,0,1,0
0.994,0,0.0,0.8,0.0,1,6.0,800.3,0,0,0,0
1.082,3,1.3,2.5,2.3,10,5.4,1469.7,0,0,0,0
0.96,2,0.0,0.0,0.2,1,6.2,1220.9,0,0,0,0
0.932,0,2.4,0.9,1.2,4,8.6,1229.5,0,0,0,0
0.784,1,2.9,2.8,0.5,3,10.0,410.7,0,0,0,0
1.248,1,2.7,2.3,1.0,9,7.7,1399.3,0,0,0,0
1.518,1,4.6,4.7,2.1,8,8.3,647.2,0,0,0,0
0.856,1,2.4,0.0,1.8,1,9.3,599.2,0,0,0,0
1.168,2,1.7,0.8,0.5,2,6.8,50.0,0,0,0,0
1.129,2,2.1,1.9,0.5,3,9.1,782.3,1,0,0,0
1.002,0,3.6,5.0,1.2,14,7.8,316.2,0,0,0,0
0.652,1,0.0,0.0,0.0,14,6.6,809.4,0,0,0,0
0.695,0,2.8,1.7,1.3,1,7.0,290.3,0,0,0,0
0.804,2,1.3,2.8,2.1,1,3.2,1268.9,1,0,0,0
0.549,2,0.0,0.0,0.2,10,6.9,856.8,1,0,0,0
1.483,2,1.5,0.6,0.7,3,3.7,1428.3,0,0,0,0
1.108,1,0.4,0.0,0.0,1,3.6,336.1,0,0,0,0
0.992,0,2.3,2.9,0.0,2,6.7,1186.7,0,0,0,0
0.542,3,0.0,0.0,0.0,1,4.5,78.3,0,0,0,0
0.6,1,0.0,0.0,0.0,5,6.4,743.2,1,0,0,0
0.999,1,1.5,0.0,1.2,1,6.6,465.5,0,0,0,0
1.736,1,1.0,0.0,0.7,6,6.7,526.3,1,0,0,0
0.822,3,0.0,0.0,0.0,8,4.8,503.6,0,0,0,0
1.274,3,3.0,3.3,1.7,5,7.9,371.9,0,0,0,0
0.874,3,1.6,1.2,0.8,4,6.2,257.9,1,0,1,0
1.016,3,3.2,3.4,0.9,2,7.1,528.1,0,0,1,0
1.405,0,1.2,2.9,0.6,4,4.3,712.8,1,0,0,0
0.908,3,1.7,0.0,0.7,3,6.1,1059.2,0,0,0,0
0.824,1,0.1,0.0,0.0,5,8.3,772.1,1,0,0,1
1.487,3,3.7,2.1,2.2,1,8.1,1060.2,0,0,0,0
1.013,2,3.8,4.5,0.9,3,5.0,185.6,0,0,0,1
1.357,2,2.0,3.2,0.0,1,5.4,531.2,1,0,0,0
0.825,3,0.0,0.0,0.0,3,4.7,909.5,0,0,0,0
1.483,1,0.9,2.3,1.3,2,5.3,787.9,0,0,0,0
1.08,3,0.0,0.0,0.0,2,4.0,389.6,1,0,1,0
1.129,2,0.4,1.0,1.8,4,6.1,983.3,0,0,0,0
1.038,3,3.1,4.0,0.8,2,7.5,498.7,1,0,0,0
0.868,3,0.0,0.0,0.0,4,5.0,417.3,0,0,0,0
1.0,0,0.0,0.1,0.0,4,6.2,835.4,0,0,0,0
0.883,3,0.0,0.0,0.0,1,6.0,676.5,0,0,1,0
1.308,3,4.9,4.4,2.2,3,8.2,501.5,0,0,0,0
0.945,3,0.2,0.0,0.0,1,5.3,490.3,1,0,0,0
0.658,1,0.0,0.0,0.0,3,5.4,320.6,0,0,0,1
0.625,2,0.0,0.0,0.0,3,4.9,543.5,0,0,0,0
0.617,3,2.6,3.4,1.5,6,4.4,1038.2,0,0,0,0
1.189,2,3.6,4.6,3.1,2,7.3,755.3,0,0,0,1
0.724,1,2.1,2.5,1.6,2,6.2,991.4,0,0,0,1
1.088,1,0.0,0.0,0.0,5,6.5,845.1,1,0,0,0
1.039,3,3.0,1.9,1.2,4,8.6,472.0,1,0,0,0
0.982,0,1.4,0.2,0.1,7,8.7,129.1,1,0,0,0
1.131,3,1.2,1.0,0.1,3,3.5,367.9,0,0,1,0
1.045,3,4.0,3.1,1.9,1,7.5,452.4,0,0,0,0
0.468,0,0.2,0.0,0.2,1,6.8,426.9,0,0,0,0
0.913,1,0.0,0.0,0.0,2,5.6,998.8,1,0,0,0
1.126,3,0.9,0.0,1.3,7,7.0,995.4,0,0,1,0
1.583,0,3.1,0.1,1.9,5,3.4,1405.9,0,0,0,0
1.604,3,4.7,4.8,2.7,2,8.9,421.9,0,0,0,0
0.683,3,0.0,1.1,1.8,6,7.3,1202.7,1,0,0,0
0.907,3,1.2,0.0,0.4,1,4.9,1200.6,1,0,0,0
0.645,2,1.0,0.0,0.0,8,5.4,597.6,1,0,0,0
1.53,3,1.1,1.9,2.6,1,3.4,831.0,0,0,0,0
1.328,3,3.1,2.0,3.2,7,5.8,1084.7,1,0,0,0
1.103,1,1.7,1.7,0.7,1,5.6,654.9,0,0,0,0
1.048,3,1.1,1.3,0.0,5,4.1,629.3,0,0,0,0
1.472,3,3.2,2.2,1.7,1,7.7,467.0,0,0,0,0
1.404,3,5.8,3.2,0.7,2,8.6,50.0,0,0,0,0
1.383,2,0.9,1.4,1.0,1,6.3,697.7,0,0,0,0
1.136,1,1.4,0.0,0.8,8,5.9,439.7,0,0,0,0
0.907,0,3.3,2.8,1.9,1,7.1,318.8,0,0,0,0
1.24,1,1.2,1.1,0.6,2,6.4,814.0,1,0,0,0
1.257,0,2.4,2.2,2.4,1,4.5,194.5,1,0,1,0
0.948,3,0.6,2.4,0.0,3,5.3,941.0,1,0,0,0
0.906,1,1.9,2.7,2.8,14,5.9,834.3,0,0,0,0
1.373,3,4.3,2.0,1.8,2,6.8,542.1,0,0,0,0
1.594,1,3.5,3.9,2.4,14,6.4,653.5,1,0,0,0
0.811,1,0.0,2.0,0.0,3,6.7,280.8,0,0,0,0
0.929,2,0.3,0.0,0.0,2,3.8,922.5,0,0,0,0
1.103,1,1.6,3.1,2.0,4,7.5,736.4,0,0,0,0
1.146,3,0.0,0.3,0.0,1,6.4,761.0,1,0,0,0
0.864,3,5.6,5.3,3.4,5,10.0,840.4,0,0,0,0
1.694,3,5.9,7.0,3.8,3,5.7,462.0,0,0,1,0
1.125,1,4.0,3.7,2.3,2,6.9,172.1,0,0,0,0
1.16,3,3.0,4.3,2.1,4,10.0,991.0,0,0,0,0
1.636,1,4.1,3.4,3.4,2,6.7,902.2,0,0,0,0
0.882,3,0.2,0.6,0.8,4,6.3,497.4,0,0,0,0
0.976,2,0.3,0.0,0.2,7,4.7,809.7,0,0,0,0
0.704,2,2.8,2.4,1.4,1,9.0,1090.4,0,0,0,0
0.953,1,0.0,0.0,0.0,2,4.4,1051.0,0,0,0,0
0.659,0,0.0,0.0,0.0,5,7.1,487.7,0,0,0,0
1.233,1,0.9,2.3,0.7,1,5.6,182.1,1,0,0,0
1.125,3,3.5,2.6,1.6,1,6.1,238.8,0,0,0,0
0.925,3,0.0,0.0,1.1,2,3.9,571.3,0,0,1,0
0.972,3,3.5,0.2,0.2,1,8.7,1158.0,0,0,0,0
1.238,0,1.0,3.2,0.0,2,5.9,433.5,0,0,0,0
0.728,3,0.0,0.0,0.0,5,4.3,477.2,0,0,0,0
1.059,1,0.0,0.0,0.0,5,8.5,470.4,1,0,0,0
1.216,2,0.0,0.7,0.0,10,5.5,498.6,0,0,0,0
0.607,1,1.7,0.6,0.0,2,7.0,670.7,1,0,0,0
1.211,1,3.5,2.3,1.4,1,7.8,251.1,0,0,0,0
0.626,3,0.9,1.8,0.0,1,7.2,1033.0,0,0,0,0
0.968,1,1.6,0.0,1.1,2,2.6,626.5,1,0,0,0
0.722,2,0.0,0.0,0.0,2,7.6,1494.2,0,0,0,0
1.493,3,0.8,1.1,1.8,7,6.2,286.3,0,0,0,0
0.723,1,1.1,1.3,0.5,2,5.8,1200.2,0,0,0,0
0.63,3,0.3,1.4,0.5,1,6.2,1134.5,1,0,0,0
1.038,2,1.8,1.3,0.8,1,3.6,538.3,1,0,0,0
0.891,3,1.4,1.9,2.3,1,6.7,543.8,0,0,0,0
0.656,3,0.9,3.3,1.1,5,4.0,369.8,1,0,1,0
1.159,3,1.6,0.7,0.0,1,5.9,373.5,0,0,0,0
0.573,3,1.8,2.0,1.6,1,6.7,674.2,0,0,0,0
0.748,3,3.5,3.2,2.9,1,8.2,681.3,1,0,0,0
0.851,3,0.0,1.8,0.0,3,5.0,144.5,0,0,0,0
1.252,1,4.9,3.1,2.6,2,8.9,1432.8,0,0,0,0
1.437,0,1.1,1.9,1.8,3,8.0,588.6,1,0,0,0
1.362,3,3.5,3.5,0.6,2,5.6,696.1,0,0,0,0
0.958,0,3.0,2.0,1.1,2,4.5,467.3,1,0,0,0
0.507,1,0.0,0.0,0.0,3,3.9,586.1,0,0,0,0
1.116,0,2.0,2.8,2.0,5,6.9,556.1,0,0,0,0
1.509,2,1.8,4.0,0.9,1,5.1,673.4,0,0,0,0
1.413,1,5.3,5.6,0.8,2,8.5,669.6,1,0,0,0
1.138,3,1.5,2.2,3.0,1,5.2,940.6,0,0,0,0
0.717,3,0.0,0.1,0.2,6,4.8,749.6,0,0,0,0
0.863,3,1.0,0.1,1.7,2,6.8,907.3,1,0,0,0
1.719,1,3.9,6.2,3.5,3,5.2,671.2,1,0,0,0
0.673,2,2.3,1.9,0.7,2,6.4,750.9,1,0,0,0
0.725,3,0.0,1.1,0.0,1,8.1,594.6,0,0,0,0
1.302,2,2.0,2.7,1.1,1,6.6,1006.1,0,0,0,0
0.886,3,0.0,0.0,0.0,3,6.6,781.1,0,0,0,0
0.718,1,1.9,1.1,1.3,1,6.7,622.1,1,0,0,0
1.534,3,3.0,2.6,1.5,3,3.5,612.3,1,0,0,0
1.138,0,0.7,3.0,1.2,4,7.1,638.3,1,0,0,0
