start_time,end_time,exercise_type,calories,distance_m,mean_hr,max_hr,min_hr,mean_speed,session_id,duration_min
1970-02-19 00:00:00,,,0,,,2021-12-18 14:21:54.856,,com.sec.android.app.shealth,4bf64cb7ce3cc308,
1970-02-19 00:00:00,,,0,,30001.0,2024-09-23 11:00:47.765,,com.sec.android.app.shealth,feff532714e9b11b,
1970-02-19 00:00:00,,,0,,30001.0,2024-09-23 13:01:35.886,,com.sec.android.app.shealth,0a5ebfe887c9e054,
1970-02-19 00:00:00,,,0,,,2024-09-22 10:50:15.985,,com.sec.android.app.shealth,3fb61f1bede594c4,
1970-02-19 00:00:00,,,0,,30001.0,2024-09-23 08:21:14.201,,com.sec.android.app.shealth,3242fca71d4d9a1c,
1970-02-19 00:00:00,,,0,,30001.0,2024-09-23 14:02:38.683,,com.sec.android.app.shealth,05e300642513b2f6,
1970-02-19 00:00:00,,,0,,,2024-09-23 08:53:57.911,,com.sec.android.app.shealth,0ec84ff1f450e5d8,
1970-02-19 00:00:00,,,0,,30001.0,2024-09-23 09:14:16.735,,com.sec.android.app.shealth,4bf4f525504cc0a2,
1970-02-19 00:00:00,,,0,,30001.0,2024-09-23 10:04:40.122,,com.sec.android.app.shealth,f81b732a59389bd6,
1970-02-19 00:00:00,,,0,,30001.0,2024-09-23 17:03:35.454,,com.sec.android.app.shealth,ff33857db48c94bd,
1970-02-19 00:00:00,,,0,,30001.0,2024-09-25 13:18:19.556,,com.sec.android.app.shealth,64fc09bd5f88e4b6,
1970-02-19 00:00:00,,,0,,30001.0,2024-09-24 09:09:26.251,,com.sec.android.app.shealth,40b2ddd4fee0a477,
1970-02-19 00:00:00,,,0,,30001.0,2024-09-24 14:23:11.244,,com.sec.android.app.shealth,64ad95b5f35464a5,
1970-02-19 00:00:00,,,0,,30001.0,2024-09-24 17:10:38.868,,com.sec.android.app.shealth,dc371291bd7ac8a2,
1970-02-19 00:00:00,,,0,,30001.0,2024-09-25 18:03:08.908,,com.sec.android.app.shealth,dc371291bd7ac8a2,
1970-02-19 00:00:00,,,0,,30001.0,2024-09-24 18:25:35.428,,com.sec.android.app.shealth,64fc09bd5f88e4b6,
1970-02-19 00:00:00,,,0,,30001.0,2024-09-19 13:15:37.494,,com.sec.android.app.shealth,c83ba7181764d320,
1970-02-19 00:00:00,,,0,,30001.0,2024-09-19 12:38:37.998,,com.sec.android.app.shealth,c455af0db9fd47d4,
1970-02-19 00:00:00,,,0,,,2024-09-19 11:49:17.636,,com.sec.android.app.shealth,814ed67f994391ff,
1970-02-19 00:00:00,,,0,,,2024-09-19 09:40:39.057,,com.sec.android.app.shealth,5779268ddb390aa7,
1970-02-19 00:00:00,,,0,,30001.0,2024-09-13 13:10:14.069,,com.sec.android.app.shealth,c83ba7181764d320,
1970-02-19 00:00:00,,,0,,30001.0,2024-09-16 16:11:11.773,,com.sec.android.app.shealth,f81b732a59389bd6,
1970-02-19 00:00:00,,,0,,30001.0,2024-09-16 08:13:23.252,,com.sec.android.app.shealth,aae57dbd4a6b14eb,
1970-02-19 00:00:00,,,0,,30001.0,2024-09-16 08:34:10.116,,com.sec.android.app.shealth,71e38516075b70e6,
1970-02-19 00:00:00,,,0,,30001.0,2024-09-16 09:29:53.650,,com.sec.android.app.shealth,55d58fdcf9edbf86,
1970-02-19 00:00:00,,,0,,30001.0,2024-09-17 13:06:46.059,,com.sec.android.app.shealth,d411e0359eba8b3c,
1970-02-19 00:00:00,,,0,,30001.0,2024-09-17 17:35:38.482,,com.sec.android.app.shealth,257a85d35ed6a007,
1970-02-19 00:00:00,,,0,,30001.0,2024-09-26 07:58:45.812,,com.sec.android.app.shealth,d2b29be686765aaf,
1970-02-19 00:00:00,,,0,,,2024-09-17 18:31:02.051,,com.sec.android.app.shealth,6b8f9bbe2b292547,
1970-02-19 00:00:00,,,0,,30001.0,2024-09-18 13:11:26.872,,com.sec.android.app.shealth,92d81e059c410ad9,
1970-02-19 00:00:00,,,0,,30001.0,2024-09-17 19:14:59.599,,com.sec.android.app.shealth,feff532714e9b11b,
1970-02-19 00:00:00,,,0,,30001.0,2024-09-17 09:31:54.318,,com.sec.android.app.shealth,40b2ddd4fee0a477,
1970-02-19 00:00:00,,,0,,30001.0,2024-09-17 12:05:39.609,,com.sec.android.app.shealth,dc0ca0bbe9e0e5ef,
1970-02-19 00:00:00,,,0,,30001.0,2024-09-18 17:25:00.523,,com.sec.android.app.shealth,17e70b2fd0afd679,
1970-02-19 00:00:00,,,0,,30001.0,2024-09-19 15:11:31.853,,com.sec.android.app.shealth,17445e8d3ac69e93,
1970-02-19 00:00:00,,,0,,30001.0,2024-09-19 08:40:18.895,,com.sec.android.app.shealth,1ec3d7c9c06c9aec,
1970-02-19 00:00:00,,,0,,30001.0,2024-09-17 19:00:30.864,,com.sec.android.app.shealth,96b8cfdc108a20ce,
1970-02-19 00:00:00,,,0,,30001.0,2024-09-12 15:09:18.331,,com.sec.android.app.shealth,55d58fdcf9edbf86,
1970-02-19 00:00:00,,,0,,30001.0,2024-09-25 20:34:43.195,,com.sec.android.app.shealth,5aea77cbb233c22a,
1970-02-19 00:00:00,,,0,,30001.0,2024-09-26 10:17:21.724,,com.sec.android.app.shealth,7665a1519d9063ed,
1970-02-19 00:00:00,,,0,,,2024-10-06 18:57:19.433,,com.sec.android.app.shealth,3311663049fc19e9,
1970-02-19 00:00:00,,,0,,30001.0,2024-10-02 13:13:13.555,,com.sec.android.app.shealth,cce84368b6d089e0,
1970-02-19 00:00:00,,,0,,30001.0,2024-10-02 15:48:24.764,,com.sec.android.app.shealth,12845c8e1fe232c3,
1970-02-19 00:00:00,,,0,,30001.0,2024-10-04 15:13:22.638,,com.sec.android.app.shealth,257a85d35ed6a007,
1970-02-19 00:00:00,,,0,,30001.0,2024-10-02 23:40:50.256,,com.sec.android.app.shealth,0729c13ebd725201,
1970-02-19 00:00:00,,,0,,30001.0,2024-10-03 10:13:18.574,,com.sec.android.app.shealth,814ed67f994391ff,
1970-02-19 00:00:00,,,0,,30001.0,2024-10-04 09:03:08.433,,com.sec.android.app.shealth,db58b6c40698d737,
1970-02-19 00:00:00,,,0,,,2024-10-06 18:17:02.173,,com.sec.android.app.shealth,11a86311d39aaaf9,
1970-02-19 00:00:00,,,0,,30001.0,2024-10-04 09:58:01.159,,com.sec.android.app.shealth,dc0ca0bbe9e0e5ef,
1970-02-19 00:00:00,,,0,,,2024-10-07 08:50:33.376,,com.sec.android.app.shealth,587d1c7e747c7d1c,
1970-02-19 00:00:00,,,0,,30001.0,2024-10-07 08:19:45.610,,com.sec.android.app.shealth,b2c583a5fb821d2e,
1970-02-19 00:00:00,,,0,,30001.0,2024-10-07 15:19:53.162,,com.sec.android.app.shealth,dc371291bd7ac8a2,
1970-02-19 00:00:00,,,0,,30001.0,2024-10-07 11:10:14.170,,com.sec.android.app.shealth,f7ebd8cbe6eb3df8,
1970-02-19 00:00:00,,,0,,,2024-10-06 18:41:50.343,,com.sec.android.app.shealth,a1f14e18710c3e9a,
1970-02-19 00:00:00,,,0,,30001.0,2024-10-07 09:14:46.447,,com.sec.android.app.shealth,db58b6c40698d737,
1970-02-19 00:00:00,,,0,,,2024-10-06 17:49:26.968,,com.sec.android.app.shealth,257a85d35ed6a007,
1970-02-19 00:00:00,,,0,,30001.0,2024-10-03 15:09:36.977,,com.sec.android.app.shealth,d0436c33cdcd6e02,
1970-02-19 00:00:00,,,0,,30001.0,2024-10-03 14:03:30.970,,com.sec.android.app.shealth,94e634ac63620eab,
1970-02-19 00:00:00,,,0,,30001.0,2024-10-03 13:07:22.464,,com.sec.android.app.shealth,55d58fdcf9edbf86,
1970-02-19 00:00:00,,,1,,30001.0,2024-09-26 15:52:19.336,,com.sec.android.app.shealth,,
1970-02-19 00:00:00,,,0,,30001.0,2024-09-26 15:35:33.704,,com.sec.android.app.shealth,abca6c3d36b80c93,
1970-02-19 00:00:00,,,1,,30001.0,2024-09-26 17:02:59.041,,com.sec.android.app.shealth,,
1970-02-19 00:00:00,,,0,,,2024-09-26 08:42:02.079,,com.sec.android.app.shealth,2999c3fbf82ce40c,
1970-02-19 00:00:00,,,0,,30001.0,2024-09-27 14:39:17.229,,com.sec.android.app.shealth,025c7187d3c75c4a,
1970-02-19 00:00:00,,,0,,30001.0,2024-09-26 11:23:02.516,,com.sec.android.app.shealth,db58b6c40698d737,
1970-02-19 00:00:00,,,0,,30001.0,2024-09-30 09:39:45.173,,com.sec.android.app.shealth,f97a13577367c1d6,
1970-02-19 00:00:00,,,1,,30001.0,2024-09-25 13:20:31.268,,com.sec.android.app.shealth,,
1970-02-19 00:00:00,,,0,,30001.0,2024-09-26 16:56:48.940,,com.sec.android.app.shealth,64f5147f817f7ff8,
1970-02-19 00:00:00,,,0,,30001.0,2024-09-27 15:03:22.546,,com.sec.android.app.shealth,3311663049fc19e9,
1970-02-19 00:00:00,,,0,,30001.0,2024-09-30 08:30:36.159,,com.sec.android.app.shealth,ad5629c2dc54058f,
1970-02-19 00:00:00,,,0,,,2024-09-30 09:15:40.772,,com.sec.android.app.shealth,82ea01752160c93f,
1970-02-19 00:00:00,,,0,,30001.0,2024-10-01 14:13:51.282,,com.sec.android.app.shealth,b35c70042fb78628,
1970-02-19 00:00:00,,,0,,30001.0,2024-09-30 11:34:25.019,,com.sec.android.app.shealth,17445e8d3ac69e93,
1970-02-19 00:00:00,,,0,,30001.0,2024-10-01 18:12:35.886,,com.sec.android.app.shealth,db58b6c40698d737,
1970-02-19 00:00:00,,,0,,30001.0,2024-10-03 11:17:37.837,,com.sec.android.app.shealth,5afc581cc9ea399a,
1970-02-19 00:00:00,,,0,,30001.0,2024-09-28 14:57:43.844,,com.sec.android.app.shealth,db58b6c40698d737,
1970-02-19 00:00:00,,,0,,30001.0,2024-09-16 11:45:22.029,,com.sec.android.app.shealth,8aed642bf5118b9d,
1970-02-19 00:00:00,,,0,,30001.0,2024-09-12 13:30:12.324,,com.sec.android.app.shealth,dc0ca0bbe9e0e5ef,
1970-02-19 00:00:00,,,0,,,2024-09-16 09:04:30.917,,com.sec.android.app.shealth,4fd065a61bcf729b,
1970-02-19 00:00:00,,,0,,,2024-08-21 20:03:53.158,,com.sec.android.app.shealth,af759d32fe388d28,
1970-02-19 00:00:00,,,0,,,2024-08-22 12:59:31.933,,com.sec.android.app.shealth,64fc09bd5f88e4b6,
1970-02-19 00:00:00,,,0,,,2024-08-22 13:30:04.686,,com.sec.android.app.shealth,58928b600aad6f6a,
1970-02-19 00:00:00,,,0,,,2024-08-22 13:53:19.063,,com.sec.android.app.shealth,d411e0359eba8b3c,
1970-02-19 00:00:00,,,0,,,2024-08-22 14:08:59.231,,com.sec.android.app.shealth,6b8f9bbe2b292547,
1970-02-19 00:00:00,,,0,,,2024-08-23 10:34:21.035,,com.sec.android.app.shealth,78306f4c6df0c385,
1970-02-19 00:00:00,,,0,,,2024-08-23 12:49:38.448,,com.sec.android.app.shealth,6e5f8fa0684c4deb,
1970-02-19 00:00:00,,,0,,,2024-08-23 14:50:27.815,,com.sec.android.app.shealth,4cf04b118f5e7bc5,
1970-02-19 00:00:00,,,0,,,2024-08-22 12:30:38.527,,com.sec.android.app.shealth,c0faa5f07166b1df,
1970-02-19 00:00:00,,,0,,,2024-08-23 15:05:41.933,,com.sec.android.app.shealth,cce84368b6d089e0,
1970-02-19 00:00:00,,,0,,30001.0,2024-08-24 18:14:07.007,,com.sec.android.app.shealth,3311663049fc19e9,
1970-02-19 00:00:00,,,0,,,2024-08-27 10:44:58.540,,com.sec.android.app.shealth,ae965cbb8db9a8b3,
1970-02-19 00:00:00,,,0,,,2024-08-27 12:20:22.098,,com.sec.android.app.shealth,cce84368b6d089e0,
1970-02-19 00:00:00,,,0,,30001.0,2024-08-28 12:26:03.267,,com.sec.android.app.shealth,b690285b6e60662d,
1970-02-19 00:00:00,,,0,,30001.0,2024-08-28 13:23:41.852,,com.sec.android.app.shealth,2ab13293652b41c0,
1970-02-19 00:00:00,,,0,,,2024-08-21 18:59:32.261,,com.sec.android.app.shealth,3d6dd38612747d0c,
1970-02-19 00:00:00,,,0,,30001.0,2024-08-19 11:38:24.734,,com.sec.android.app.shealth,de64346f732f769b,
1970-02-19 00:00:00,,,0,,,2024-08-21 19:13:18.710,,com.sec.android.app.shealth,abd73f6b22b09723,
1970-02-19 00:00:00,,,0,,30001.0,2024-08-18 15:46:04.461,,com.sec.android.app.shealth,67826c54119ed3c0,
1970-02-19 00:00:00,,,0,,30001.0,2024-08-09 13:21:14.090,,com.sec.android.app.shealth,94e634ac63620eab,
1970-02-19 00:00:00,,,0,,30001.0,2024-08-15 11:41:10.807,,com.sec.android.app.shealth,dc371291bd7ac8a2,
1970-02-19 00:00:00,,,1,,30001.0,2024-08-16 13:35:52.061,,com.sec.android.app.shealth,,
1970-02-19 00:00:00,,,0,,30001.0,2024-08-15 11:53:37.915,,com.sec.android.app.shealth,b690285b6e60662d,
1970-02-19 00:00:00,,,1,,30001.0,2024-08-17 15:12:51.009,,com.sec.android.app.shealth,,
1970-02-19 00:00:00,,,0,,30001.0,2024-08-17 15:14:20.767,,com.sec.android.app.shealth,e056a8b596a1d7b7,
1970-02-19 00:00:00,,,0,,30001.0,2024-08-17 16:43:17.468,,com.sec.android.app.shealth,db58b6c40698d737,
1970-02-19 00:00:00,,,0,,,2024-08-28 14:23:53.349,,com.sec.android.app.shealth,42f3ac1577bcbc36,
1970-02-19 00:00:00,,,0,,30001.0,2024-08-15 20:09:30.206,,com.sec.android.app.shealth,c32642d8514a611c,
1970-02-19 00:00:00,,,0,,30001.0,2024-08-16 11:55:34.868,,com.sec.android.app.shealth,c830ce19ed5d2be2,
1970-02-19 00:00:00,,,0,,30001.0,2024-08-19 14:08:33.842,,com.sec.android.app.shealth,b5e37c01eea5930d,
1970-02-19 00:00:00,,,0,,,2024-08-16 13:18:59.269,,com.sec.android.app.shealth,27f0a3b0e82d3322,
1970-02-19 00:00:00,,,0,,,2024-08-17 15:29:01.084,,com.sec.android.app.shealth,17e70b2fd0afd679,
1970-02-19 00:00:00,,,0,,,2024-08-21 19:27:18.189,,com.sec.android.app.shealth,5acc91da07e7e27d,
1970-02-19 00:00:00,,,0,,30001.0,2024-08-17 15:43:18.317,,com.sec.android.app.shealth,dc0ca0bbe9e0e5ef,
1970-02-19 00:00:00,,,0,,30001.0,2024-08-16 13:48:00.820,,com.sec.android.app.shealth,a99479af5e9b150b,
1970-02-19 00:00:00,,,1,,30001.0,2024-08-18 16:06:35.515,,com.sec.android.app.shealth,,
1970-02-19 00:00:00,,,0,,,2024-08-24 14:28:21.395,,com.sec.android.app.shealth,21abb7c83b003f8a,
1970-02-19 00:00:00,,,0,,,2024-08-24 13:26:58.267,,com.sec.android.app.shealth,b35c70042fb78628,
1970-02-19 00:00:00,,,0,,30001.0,2024-08-28 18:15:23.504,,com.sec.android.app.shealth,64fc09bd5f88e4b6,
1970-02-19 00:00:00,,,0,,30001.0,2024-09-04 16:42:30.213,,com.sec.android.app.shealth,0729c13ebd725201,
1970-02-19 00:00:00,,,0,,,2024-09-09 08:59:09.089,,com.sec.android.app.shealth,b9fe8ce03e933fd2,
1970-02-19 00:00:00,,,0,,30001.0,2024-09-04 17:53:35.542,,com.sec.android.app.shealth,e3146c761347aaf3,
1970-02-19 00:00:00,,,0,,30001.0,2024-09-09 08:12:22.848,,com.sec.android.app.shealth,5ea2ed9b13224d64,
1970-02-19 00:00:00,,,0,,30001.0,2024-09-10 09:00:45.601,,com.sec.android.app.shealth,2e12c864ec5ae8d3,
1970-02-19 00:00:00,,,0,,30001.0,2024-09-10 12:07:06.982,,com.sec.android.app.shealth,6b8f9bbe2b292547,
1970-02-19 00:00:00,,,0,,30001.0,2024-09-09 08:42:54.757,,com.sec.android.app.shealth,feeed7e17f6e05ca,
1970-02-19 00:00:00,,,0,,30001.0,2024-09-09 17:16:24.745,,com.sec.android.app.shealth,7665a1519d9063ed,
1970-02-19 00:00:00,,,0,,30001.0,2024-09-10 15:49:04.207,,com.sec.android.app.shealth,7665a1519d9063ed,
1970-02-19 00:00:00,,,0,,30001.0,2024-09-11 17:11:50.056,,com.sec.android.app.shealth,dc371291bd7ac8a2,
1970-02-19 00:00:00,,,0,,30001.0,2024-09-11 14:04:01.407,,com.sec.android.app.shealth,f7ebd8cbe6eb3df8,
1970-02-19 00:00:00,,,0,,30001.0,2024-09-11 16:02:43.422,,com.sec.android.app.shealth,55d58fdcf9edbf86,
1970-02-19 00:00:00,,,0,,30001.0,2024-09-12 08:25:47.291,,com.sec.android.app.shealth,565961bf9d439dad,
1970-02-19 00:00:00,,,0,,30001.0,2024-09-12 08:01:33.896,,com.sec.android.app.shealth,53519e43db90bd08,
1970-02-19 00:00:00,,,0,,,2024-09-12 09:26:14.585,,com.sec.android.app.shealth,341e5b5bbbcd71f4,
1970-02-19 00:00:00,,,0,,30001.0,2024-09-12 12:32:04.985,,com.sec.android.app.shealth,c3848f1b7caa9d9c,
1970-02-19 00:00:00,,,0,,30001.0,2024-09-09 09:35:21.069,,com.sec.android.app.shealth,af759d32fe388d28,
1970-02-19 00:00:00,,,0,,,2024-10-06 19:20:19.652,,com.sec.android.app.shealth,2ab13293652b41c0,
1970-02-19 00:00:00,,,0,,30001.0,2024-09-02 21:28:55.623,,com.sec.android.app.shealth,4bf4f525504cc0a2,
1970-02-19 00:00:00,,,0,,30001.0,2024-09-10 13:01:01.196,,com.sec.android.app.shealth,f97a13577367c1d6,
1970-02-19 00:00:00,,,0,,,2024-08-28 19:32:13.107,,com.sec.android.app.shealth,3cc8944367d82b78,
1970-02-19 00:00:00,,,0,,30001.0,2024-08-30 12:33:34.563,,com.sec.android.app.shealth,babe1eb5b280cb37,
1970-02-19 00:00:00,,,0,,30001.0,2024-08-30 17:11:26.186,,com.sec.android.app.shealth,d6b4b7eabc574634,
1970-02-19 00:00:00,,,0,,30001.0,2024-08-30 20:17:46.346,,com.sec.android.app.shealth,7665a1519d9063ed,
1970-02-19 00:00:00,,,0,,30001.0,2024-08-30 22:42:58.589,,com.sec.android.app.shealth,a2e25df7ef5e574a,
1970-02-19 00:00:00,,,0,,,2024-08-31 13:56:13.875,,com.sec.android.app.shealth,af759d32fe388d28,
1970-02-19 00:00:00,,,1,,30001.0,2024-08-30 16:50:20.566,,com.sec.android.app.shealth,,
1970-02-19 00:00:00,,,0,,,2024-09-08 18:40:16.666,,com.sec.android.app.shealth,55d58fdcf9edbf86,
1970-02-19 00:00:00,,,0,,30001.0,2024-08-31 16:26:15.263,,com.sec.android.app.shealth,c83ba7181764d320,
1970-02-19 00:00:00,,,1,,30001.0,2024-09-02 20:53:57.840,,com.sec.android.app.shealth,,
1970-02-19 00:00:00,,,1,,30001.0,2024-09-04 18:06:46.679,,com.sec.android.app.shealth,,
1970-02-19 00:00:00,,,0,,30001.0,2024-09-02 11:40:14.193,,com.sec.android.app.shealth,03715ef183968748,
1970-02-19 00:00:00,,,0,,30001.0,2024-09-04 18:10:10.742,,com.sec.android.app.shealth,17445e8d3ac69e93,
1970-02-19 00:00:00,,,0,,,2024-09-04 20:05:49.227,,com.sec.android.app.shealth,23cca867f9c52933,
1970-02-19 00:00:00,,,0,,,2024-09-08 10:03:12.337,,com.sec.android.app.shealth,952ab82eac147d9f,
1970-02-19 00:00:00,,,0,,30001.0,2024-09-02 20:54:43.892,,com.sec.android.app.shealth,11a86311d39aaaf9,
1970-02-19 00:00:00,,,1,,30001.0,2024-08-30 17:23:29.606,,com.sec.android.app.shealth,,
1970-02-19 00:00:00,,,0,,30001.0,2024-10-09 15:08:17.673,,com.sec.android.app.shealth,6ae85ab2acc3965f,
1970-02-19 00:00:00,,,0,,30001.0,2024-10-10 09:06:33.105,,com.sec.android.app.shealth,3311663049fc19e9,
1970-02-19 00:00:00,,,0,,30001.0,2024-10-08 13:01:58.919,,com.sec.android.app.shealth,836ea26749e1e308,
1970-02-19 00:00:00,,,0,,,2024-12-13 11:32:11.981,,com.sec.android.app.shealth,d780378b671337a0,
1970-02-19 00:00:00,,,0,,30001.0,2024-12-24 14:09:58.375,,com.sec.android.app.shealth,40b2ddd4fee0a477,
1970-02-19 00:00:00,,,0,,30001.0,2024-12-07 18:14:14.705,,com.sec.android.app.shealth,0729c13ebd725201,
1970-02-19 00:00:00,,,0,,30001.0,2024-12-19 12:25:55.793,,com.sec.android.app.shealth,55d58fdcf9edbf86,
1970-02-19 00:00:00,,,0,,30001.0,2024-12-12 17:56:57.144,,com.sec.android.app.shealth,257a85d35ed6a007,
1970-02-19 00:00:00,,,0,,30001.0,2024-12-12 17:06:34.179,,com.sec.android.app.shealth,235d2855568abf81,
1970-02-19 00:00:00,,,0,,,2024-12-13 12:13:13.957,,com.sec.android.app.shealth,151a3ca54c4aa35b,
1970-02-19 00:00:00,,,0,,30001.0,2025-01-20 12:48:36.761,,com.sec.android.app.shealth,ab3dad69c70ea5b5,
1970-02-19 00:00:00,,,0,,30001.0,2024-12-17 13:37:31.512,,com.sec.android.app.shealth,f97a13577367c1d6,
1970-02-19 00:00:00,,,0,,30001.0,2025-01-20 16:40:33.998,,com.sec.android.app.shealth,191bc7df8b8697dc,
1970-02-19 00:00:00,,,0,,,2024-12-28 17:10:10.118,,com.sec.android.app.shealth,0b9d95512b4384db,
1970-02-19 00:00:00,,,0,,,2024-12-23 10:13:05.268,,com.sec.android.app.shealth,6d8441af8787e3cf,
1970-02-19 00:00:00,,,0,,30001.0,2024-12-22 16:30:44.628,,com.sec.android.app.shealth,af759d32fe388d28,
1970-02-19 00:00:00,,,0,,,2024-12-27 14:00:14.444,,com.sec.android.app.shealth,c455af0db9fd47d4,
1970-02-19 00:00:00,,,0,,30001.0,2024-12-19 13:12:34.565,,com.sec.android.app.shealth,01bb027f67d5a7c0,
1970-02-19 00:00:00,,,0,,30001.0,2024-12-02 11:13:57.041,,com.sec.android.app.shealth,0b9d95512b4384db,
1970-02-19 00:00:00,,,0,,30001.0,2024-12-07 12:46:10.914,,com.sec.android.app.shealth,c915025295d5f92b,
1970-02-19 00:00:00,,,0,,30001.0,2024-11-25 10:40:38.944,,com.sec.android.app.shealth,6b8f9bbe2b292547,
1970-02-19 00:00:00,,,0,,,2024-12-02 09:23:50.272,,com.sec.android.app.shealth,93da25684e4c59a6,
1970-02-19 00:00:00,,,0,,30001.0,2024-11-19 14:40:11.212,,com.sec.android.app.shealth,4cf04b118f5e7bc5,
1970-02-19 00:00:00,,,0,,30001.0,2024-11-25 10:24:31.507,,com.sec.android.app.shealth,a7edee2b6387207a,
1970-02-19 00:00:00,,,0,,30001.0,2024-11-25 18:54:43.352,,com.sec.android.app.shealth,c915025295d5f92b,
1970-02-19 00:00:00,,,0,,30001.0,2024-11-26 11:53:48.808,,com.sec.android.app.shealth,5afc581cc9ea399a,
1970-02-19 00:00:00,,,0,,30001.0,2024-11-22 19:27:49.347,,com.sec.android.app.shealth,ff33857db48c94bd,
1970-02-19 00:00:00,,,0,,,2024-11-26 13:46:27.097,,com.sec.android.app.shealth,05e300642513b2f6,
1970-02-19 00:00:00,,,0,,30001.0,2024-11-15 10:30:43.031,,com.sec.android.app.shealth,3c6e30c70bedfaf0,
1970-02-19 00:00:00,,,0,,30001.0,2025-01-20 14:20:33.399,,com.sec.android.app.shealth,64fc09bd5f88e4b6,
1970-02-19 00:00:00,,,0,,30001.0,2024-11-29 12:12:27.490,,com.sec.android.app.shealth,ff33857db48c94bd,
1970-02-19 00:00:00,,,0,,,2024-11-29 12:45:15.980,,com.sec.android.app.shealth,98f7b27b623938c7,
1970-02-19 00:00:00,,,0,,30001.0,2024-12-02 17:28:58.370,,com.sec.android.app.shealth,dc0ca0bbe9e0e5ef,
1970-02-19 00:00:00,,,0,,30001.0,2024-11-25 13:57:38.942,,com.sec.android.app.shealth,2ab13293652b41c0,
1970-02-19 00:00:00,,,0,,30001.0,2024-12-02 08:30:25.184,,com.sec.android.app.shealth,a80a71a18d805156,
1970-02-19 00:00:00,,,0,,30001.0,2024-11-29 09:02:00.278,,com.sec.android.app.shealth,94e634ac63620eab,
1970-02-19 00:00:00,,,0,,30001.0,2024-11-29 09:37:40.511,,com.sec.android.app.shealth,d2cad176974ffdbe,
1970-02-19 00:00:00,,,0,,30001.0,2024-12-09 19:29:37.143,,com.sec.android.app.shealth,a99479af5e9b150b,
1970-02-19 00:00:00,,,0,,30001.0,2024-11-25 17:42:30.539,,com.sec.android.app.shealth,98f7b27b623938c7,
1970-02-19 00:00:00,,,0,,30001.0,2024-12-26 12:19:45.986,,com.sec.android.app.shealth,8cf720933618c688,
1970-02-19 00:00:00,,,0,,30001.0,2025-01-22 15:10:50.794,,com.sec.android.app.shealth,dc0ca0bbe9e0e5ef,
1970-02-19 00:00:00,,,0,,30001.0,2024-12-28 16:59:45.970,,com.sec.android.app.shealth,58928b600aad6f6a,
1970-02-19 00:00:00,,,0,,30001.0,2025-01-28 12:18:16.696,,com.sec.android.app.shealth,d8a9eebad383359d,
1970-02-19 00:00:00,,,0,,30001.0,2025-01-23 17:10:20.973,,com.sec.android.app.shealth,feff532714e9b11b,
1970-02-19 00:00:00,,,0,,30001.0,2025-01-18 18:38:29.817,,com.sec.android.app.shealth,5ea2ed9b13224d64,
1970-02-19 00:00:00,,,1,,30001.0,2024-12-28 17:11:02.160,,com.sec.android.app.shealth,,
1970-02-19 00:00:00,,,0,,30001.0,2024-12-17 14:36:30.261,,com.sec.android.app.shealth,55d58fdcf9edbf86,
1970-02-19 00:00:00,,,0,,30001.0,2025-01-21 11:19:41.849,,com.sec.android.app.shealth,adba6045b102fef0,
1970-02-19 00:00:00,,,0,,30001.0,2025-01-20 14:59:20.016,,com.sec.android.app.shealth,025c7187d3c75c4a,
1970-02-19 00:00:00,,,0,,30001.0,2024-12-07 13:24:38.160,,com.sec.android.app.shealth,a99479af5e9b150b,
1970-02-19 00:00:00,,,0,,30001.0,2025-01-21 18:11:32.946,,com.sec.android.app.shealth,d0436c33cdcd6e02,
1970-02-19 00:00:00,,,0,,30001.0,2025-01-28 16:05:24.572,,com.sec.android.app.shealth,2ab13293652b41c0,
1970-02-19 00:00:00,,,0,,,2025-01-23 10:53:01.731,,com.sec.android.app.shealth,d6dad8bc2db32826,
1970-02-19 00:00:00,,,0,,,2025-01-28 10:22:48.745,,com.sec.android.app.shealth,dc9b61330913648c,
1970-02-19 00:00:00,,,0,,30001.0,2025-01-29 15:13:02.750,,com.sec.android.app.shealth,17445e8d3ac69e93,
1970-02-19 00:00:00,,,0,,30001.0,2025-01-29 18:15:52.254,,com.sec.android.app.shealth,af759d32fe388d28,
1970-02-19 00:00:00,,,0,,30001.0,2025-01-29 12:09:53.581,,com.sec.android.app.shealth,af759d32fe388d28,
1970-02-19 00:00:00,,,1,,30001.0,2025-01-29 15:15:21.945,,com.sec.android.app.shealth,,
1970-02-19 00:00:00,,,0,,30001.0,2025-01-27 09:24:23.768,,com.sec.android.app.shealth,a1f14e18710c3e9a,
1970-02-19 00:00:00,,,0,,30001.0,2024-11-14 18:38:52.921,,com.sec.android.app.shealth,de64346f732f769b,
1970-02-19 00:00:00,,,0,,30001.0,2025-01-21 13:32:06.777,,com.sec.android.app.shealth,f30bbbf5c3ee8001,
1970-02-19 00:00:00,,,0,,30001.0,2025-01-20 13:27:40.133,,com.sec.android.app.shealth,55d58fdcf9edbf86,
1970-02-19 00:00:00,,,0,,,2025-01-21 09:27:36.132,,com.sec.android.app.shealth,275c9af259b35288,
1970-02-19 00:00:00,,,0,,30001.0,2024-12-26 13:19:03.110,,com.sec.android.app.shealth,b690285b6e60662d,
1970-02-19 00:00:00,,,0,,30001.0,2025-01-21 11:46:25.763,,com.sec.android.app.shealth,c23682d6bdb6c318,
1970-02-19 00:00:00,,,0,,30001.0,2025-01-23 16:12:32.675,,com.sec.android.app.shealth,f7ebd8cbe6eb3df8,
1970-02-19 00:00:00,,,0,,30001.0,2025-01-21 15:14:42.539,,com.sec.android.app.shealth,feff532714e9b11b,
1970-02-19 00:00:00,,,0,,30001.0,2025-01-23 18:51:15.359,,com.sec.android.app.shealth,836ea26749e1e308,
1970-02-19 00:00:00,,,0,,30001.0,2025-01-20 19:24:16.192,,com.sec.android.app.shealth,7665a1519d9063ed,
1970-02-19 00:00:00,,,0,,30001.0,2024-11-29 10:34:01.708,,com.sec.android.app.shealth,40b2ddd4fee0a477,
1970-02-19 00:00:00,,,0,,30001.0,2025-01-27 12:18:31.049,,com.sec.android.app.shealth,a99479af5e9b150b,
1970-02-19 00:00:00,,,0,,30001.0,2025-01-28 10:47:53.270,,com.sec.android.app.shealth,3bf7cbff5f26353e,
1970-02-19 00:00:00,,,0,,30001.0,2025-01-22 15:58:22.664,,com.sec.android.app.shealth,a99479af5e9b150b,
1970-02-19 00:00:00,,,0,,30001.0,2025-01-27 14:02:02.519,,com.sec.android.app.shealth,f97a13577367c1d6,
1970-02-19 00:00:00,,,0,,30001.0,2025-01-27 18:08:47.254,,com.sec.android.app.shealth,d0436c33cdcd6e02,
1970-02-19 00:00:00,,,0,,30001.0,2025-01-23 09:52:19.589,,com.sec.android.app.shealth,409629c67a02285d,
1970-02-19 00:00:00,,,0,,30001.0,2025-01-28 18:19:49.501,,com.sec.android.app.shealth,3311663049fc19e9,
1970-02-19 00:00:00,,,0,,30001.0,2024-11-25 11:15:19.631,,com.sec.android.app.shealth,6e5f8fa0684c4deb,
1970-02-19 00:00:00,,,0,,30001.0,2025-01-28 14:21:42.757,,com.sec.android.app.shealth,55d58fdcf9edbf86,
1970-02-19 00:00:00,,,0,,30001.0,2024-08-08 17:33:53.928,,com.sec.android.app.shealth,76d25776003f4436,
1970-02-19 00:00:00,,,0,,30001.0,2024-11-23 13:41:34.415,,com.sec.android.app.shealth,feff532714e9b11b,
1970-02-19 00:00:00,,,1,,30001.0,2024-11-08 20:39:20.458,,com.sec.android.app.shealth,,
1970-02-19 00:00:00,,,0,,30001.0,2024-10-18 10:03:16.656,,com.sec.android.app.shealth,feff532714e9b11b,
1970-02-19 00:00:00,,,0,,30001.0,2024-10-14 09:51:39.634,,com.sec.android.app.shealth,98f7b27b623938c7,
1970-02-19 00:00:00,,,0,,30001.0,2024-10-25 11:30:49.912,,com.sec.android.app.shealth,64ad95b5f35464a5,
1970-02-19 00:00:00,,,0,,30001.0,2024-10-23 12:57:34.791,,com.sec.android.app.shealth,814ed67f994391ff,
1970-02-19 00:00:00,,,0,,30001.0,2024-10-17 08:54:27.878,,com.sec.android.app.shealth,05e300642513b2f6,
1970-02-19 00:00:00,,,0,,30001.0,2024-10-25 11:06:53.489,,com.sec.android.app.shealth,ee36dd09533bf8d7,
1970-02-19 00:00:00,,,0,,,2024-10-23 08:38:58.465,,com.sec.android.app.shealth,b28e802f3ff7dcae,
1970-02-19 00:00:00,,,0,,30001.0,2024-10-18 14:08:42.954,,com.sec.android.app.shealth,2e12c864ec5ae8d3,
1970-02-19 00:00:00,,,0,,30001.0,2024-10-25 17:08:24.296,,com.sec.android.app.shealth,b690285b6e60662d,
1970-02-19 00:00:00,,,0,,30001.0,2024-10-23 13:30:46.461,,com.sec.android.app.shealth,c0faa5f07166b1df,
1970-02-19 00:00:00,,,0,,30001.0,2024-10-23 08:12:07.709,,com.sec.android.app.shealth,2463ed22931e2587,
1970-02-19 00:00:00,,,0,,30001.0,2024-10-23 11:17:23.651,,com.sec.android.app.shealth,64ad95b5f35464a5,
1970-02-19 00:00:00,,,0,,30001.0,2024-10-18 16:23:46.929,,com.sec.android.app.shealth,058f823270cbf8e9,
1970-02-19 00:00:00,,,0,,30001.0,2024-10-25 09:48:19.179,,com.sec.android.app.shealth,201a3f7a64773bf3,
1970-02-19 00:00:00,,,0,,30001.0,2024-10-25 14:04:59.769,,com.sec.android.app.shealth,d411e0359eba8b3c,
1970-02-19 00:00:00,,,0,,30001.0,2024-10-14 10:21:28.646,,com.sec.android.app.shealth,814ed67f994391ff,
1970-02-19 00:00:00,,,0,,30001.0,2024-10-10 10:14:16.284,,com.sec.android.app.shealth,40b2ddd4fee0a477,
1970-02-19 00:00:00,,,0,,30001.0,2024-10-14 09:22:54.042,,com.sec.android.app.shealth,8300851567389a51,
1970-02-19 00:00:00,,,0,,30001.0,2024-10-14 18:10:51.741,,com.sec.android.app.shealth,b690285b6e60662d,
1970-02-19 00:00:00,,,0,,30001.0,2024-10-11 17:54:59.673,,com.sec.android.app.shealth,af759d32fe388d28,
1970-02-19 00:00:00,,,0,,30001.0,2024-10-08 14:13:03.465,,com.sec.android.app.shealth,64f5147f817f7ff8,
1970-02-19 00:00:00,,,0,,30001.0,2024-10-11 15:55:01.559,,com.sec.android.app.shealth,6b8f9bbe2b292547,
1970-02-19 00:00:00,,,0,,30001.0,2024-10-08 17:29:19.206,,com.sec.android.app.shealth,feff532714e9b11b,
1970-02-19 00:00:00,,,0,,30001.0,2024-10-08 18:36:05.400,,com.sec.android.app.shealth,f97a13577367c1d6,
1970-02-19 00:00:00,,,0,,,2024-10-10 09:59:33.138,,com.sec.android.app.shealth,8e3e073b357b06ba,
1970-02-19 00:00:00,,,0,,30001.0,2024-10-09 11:03:31.256,,com.sec.android.app.shealth,b690285b6e60662d,
1970-02-19 00:00:00,,,0,,30001.0,2024-10-25 08:05:25.785,,com.sec.android.app.shealth,ef62ad5b0120877e,
1970-02-19 00:00:00,,,0,,30001.0,2024-10-15 12:44:40.976,,com.sec.android.app.shealth,40b2ddd4fee0a477,
1970-02-19 00:00:00,,,0,,30001.0,2024-10-09 13:01:41.150,,com.sec.android.app.shealth,c915025295d5f92b,
1970-02-19 00:00:00,,,0,,30001.0,2024-10-15 11:06:58.087,,com.sec.android.app.shealth,b690285b6e60662d,
1970-02-19 00:00:00,,,0,,,2024-10-11 18:59:17.997,,com.sec.android.app.shealth,6d3d088095cb6ca3,
1970-02-19 00:00:00,,,0,,30001.0,2024-10-10 12:05:25.453,,com.sec.android.app.shealth,f97a13577367c1d6,
1970-02-19 00:00:00,,,0,,30001.0,2024-10-14 13:46:24.153,,com.sec.android.app.shealth,55d58fdcf9edbf86,
1970-02-19 00:00:00,,,0,,30001.0,2024-10-15 16:58:40.437,,com.sec.android.app.shealth,0729c13ebd725201,
1970-02-19 00:00:00,,,0,,30001.0,2024-10-17 11:45:09.888,,com.sec.android.app.shealth,836ea26749e1e308,
1970-02-19 00:00:00,,,0,,30001.0,2024-10-10 09:32:48.083,,com.sec.android.app.shealth,6eb691c9587632fd,
1970-02-19 00:00:00,,,0,,30001.0,2024-10-25 19:57:53.712,,com.sec.android.app.shealth,cce84368b6d089e0,
1970-02-19 00:00:00,,,0,,30001.0,2024-10-16 19:36:14.346,,com.sec.android.app.shealth,5afc581cc9ea399a,
1970-02-19 00:00:00,,,0,,30001.0,2024-10-23 10:59:49.390,,com.sec.android.app.shealth,f81b732a59389bd6,
1970-02-19 00:00:00,,,0,,30001.0,2024-11-06 14:55:27.608,,com.sec.android.app.shealth,2ab13293652b41c0,
1970-02-19 00:00:00,,,0,,30001.0,2024-11-06 15:41:35.498,,com.sec.android.app.shealth,feff532714e9b11b,
1970-02-19 00:00:00,,,0,,30001.0,2024-11-06 16:26:01.925,,com.sec.android.app.shealth,b690285b6e60662d,
1970-02-19 00:00:00,,,0,,30001.0,2024-11-06 19:06:18.371,,com.sec.android.app.shealth,12845c8e1fe232c3,
1970-02-19 00:00:00,,,0,,30001.0,2024-11-07 10:35:47.456,,com.sec.android.app.shealth,7261f7e649cad761,
1970-02-19 00:00:00,,,0,,30001.0,2024-11-11 11:16:35.784,,com.sec.android.app.shealth,1f15674048d8cf39,
1970-02-19 00:00:00,,,0,,,2024-11-07 11:06:00.965,,com.sec.android.app.shealth,1ed557a4ce969951,
1970-02-19 00:00:00,,,0,,30001.0,2024-11-06 13:53:31.701,,com.sec.android.app.shealth,6b8f9bbe2b292547,
1970-02-19 00:00:00,,,0,,30001.0,2024-11-11 09:16:21.995,,com.sec.android.app.shealth,ff33857db48c94bd,
1970-02-19 00:00:00,,,0,,30001.0,2024-11-08 20:34:26.163,,com.sec.android.app.shealth,40b2ddd4fee0a477,
1970-02-19 00:00:00,,,0,,30001.0,2024-11-12 14:59:53.526,,com.sec.android.app.shealth,e7883461c2ffe115,
1970-02-19 00:00:00,,,0,,30001.0,2024-11-11 19:49:36.116,,com.sec.android.app.shealth,40b2ddd4fee0a477,
1970-02-19 00:00:00,,,0,,30001.0,2024-11-07 20:42:37.107,,com.sec.android.app.shealth,a99479af5e9b150b,
1970-02-19 00:00:00,,,0,,30001.0,2024-11-15 15:24:55.861,,com.sec.android.app.shealth,aeac4a8d64b39b7a,
1970-02-19 00:00:00,,,0,,30001.0,2024-11-13 13:41:15.820,,com.sec.android.app.shealth,5ea2ed9b13224d64,
1970-02-19 00:00:00,,,0,,30001.0,2024-11-13 21:43:30.990,,com.sec.android.app.shealth,7b748182fb711845,
1970-02-19 00:00:00,,,0,,30001.0,2024-11-07 16:18:45.646,,com.sec.android.app.shealth,d0436c33cdcd6e02,
1970-02-19 00:00:00,,,0,,30001.0,2024-11-21 13:43:40.348,,com.sec.android.app.shealth,58928b600aad6f6a,
1970-02-19 00:00:00,,,0,,30001.0,2024-11-05 17:20:58.860,,com.sec.android.app.shealth,17445e8d3ac69e93,
1970-02-19 00:00:00,,,0,,30001.0,2024-11-05 11:16:28.431,,com.sec.android.app.shealth,af759d32fe388d28,
1970-02-19 00:00:00,,,0,,30001.0,2024-10-25 13:12:53.523,,com.sec.android.app.shealth,ff33857db48c94bd,
1970-02-19 00:00:00,,,0,,30001.0,2024-10-29 16:58:43.208,,com.sec.android.app.shealth,d288a6107681a7cd,
1970-02-19 00:00:00,,,0,,30001.0,2024-10-29 08:58:52.291,,com.sec.android.app.shealth,21a211d498ff2293,
1970-02-19 00:00:00,,,0,,,2024-10-29 10:07:41.167,,com.sec.android.app.shealth,358d4dd8d110f485,
1970-02-19 00:00:00,,,0,,30001.0,2024-10-29 13:12:21.484,,com.sec.android.app.shealth,b35c70042fb78628,
1970-02-19 00:00:00,,,0,,30001.0,2024-10-29 14:11:36.748,,com.sec.android.app.shealth,f97a13577367c1d6,
1970-02-19 00:00:00,,,0,,30001.0,2024-10-29 15:08:16.301,,com.sec.android.app.shealth,c23682d6bdb6c318,
1970-02-19 00:00:00,,,0,,30001.0,2024-11-05 15:56:06.150,,com.sec.android.app.shealth,7665a1519d9063ed,
1970-02-19 00:00:00,,,0,,30001.0,2024-10-31 09:17:50.883,,com.sec.android.app.shealth,4a9f11ca0bc47126,
1970-02-19 00:00:00,,,0,,,2024-10-31 10:18:29.877,,com.sec.android.app.shealth,23305a126c46b674,
1970-02-19 00:00:00,,,0,,,2024-11-01 23:12:26.055,,com.sec.android.app.shealth,abca6c3d36b80c93,
1970-02-19 00:00:00,,,0,,,2024-11-01 23:59:35.889,,com.sec.android.app.shealth,18b8c806d6c26bc5,
1970-02-19 00:00:00,,,0,,,2024-11-02 00:12:37.239,,com.sec.android.app.shealth,6380b14ebfde66df,
1970-02-19 00:00:00,,,0,,30001.0,2024-11-04 12:12:40.912,,com.sec.android.app.shealth,c83ba7181764d320,
1970-02-19 00:00:00,,,0,,30001.0,2024-11-04 16:32:19.700,,com.sec.android.app.shealth,7b748182fb711845,
1970-02-19 00:00:00,,,0,,30001.0,2024-11-05 10:06:02.008,,com.sec.android.app.shealth,5c27f6a2260e0e04,
1970-02-19 00:00:00,,,0,,30001.0,2024-10-31 08:47:41.033,,com.sec.android.app.shealth,7665a1519d9063ed,
1970-02-19 00:00:00,,,0,,30001.0,2025-02-01 01:58:37.827,,com.sec.android.app.shealth,05e300642513b2f6,
1970-02-19 00:00:00,,,0,,30001.0,2024-08-13 16:19:16.817,,com.sec.android.app.shealth,54cfda5a259f6dc2,
1970-02-19 00:00:00,,,0,,,2024-08-07 19:36:58.432,,com.sec.android.app.shealth,cce84368b6d089e0,
1970-02-19 00:00:00,,,0,,30001.0,2024-04-03 13:39:04.730,,com.sec.android.app.shealth,4bf4f525504cc0a2,
1970-02-19 00:00:00,,,0,,30001.0,2024-03-25 17:15:01.917,,com.sec.android.app.shealth,c915025295d5f92b,
1970-02-19 00:00:00,,,0,,30001.0,2024-04-03 17:22:20.268,,com.sec.android.app.shealth,c455af0db9fd47d4,
1970-02-19 00:00:00,,,0,,30001.0,2024-04-05 14:02:35.190,,com.sec.android.app.shealth,a99479af5e9b150b,
1970-02-19 00:00:00,,,0,,30001.0,2024-04-09 09:31:46.485,,com.sec.android.app.shealth,6ae85ab2acc3965f,
1970-02-19 00:00:00,,,0,,30001.0,2024-04-04 17:06:39.622,,com.sec.android.app.shealth,b690285b6e60662d,
1970-02-19 00:00:00,,,0,,30001.0,2024-04-03 14:01:39.626,,com.sec.android.app.shealth,b35c70042fb78628,
1970-02-19 00:00:00,,,0,,30001.0,2024-04-09 16:12:52.160,,com.sec.android.app.shealth,17e70b2fd0afd679,
1970-02-19 00:00:00,,,0,,30001.0,2024-04-08 11:23:48.112,,com.sec.android.app.shealth,dc0ca0bbe9e0e5ef,
1970-02-19 00:00:00,,,0,,30001.0,2024-04-03 20:46:35.287,,com.sec.android.app.shealth,4bf4f525504cc0a2,
1970-02-19 00:00:00,,,0,,30001.0,2024-04-05 13:20:56.774,,com.sec.android.app.shealth,5f09db90be47fa61,
1970-02-19 00:00:00,,,0,,30001.0,2024-04-10 12:59:46.305,,com.sec.android.app.shealth,d411e0359eba8b3c,
1970-02-19 00:00:00,,,0,,30001.0,2024-04-10 10:09:41.822,,com.sec.android.app.shealth,836ea26749e1e308,
1970-02-19 00:00:00,,,0,,30001.0,2024-03-25 18:26:21.295,,com.sec.android.app.shealth,329148c33e9f1229,
1970-02-19 00:00:00,,,0,,30001.0,2024-03-29 14:44:39.856,,com.sec.android.app.shealth,01bb027f67d5a7c0,
1970-02-19 00:00:00,,,0,,30001.0,2024-04-05 14:42:10.499,,com.sec.android.app.shealth,6e5f8fa0684c4deb,
1970-02-19 00:00:00,,,0,,30001.0,2024-03-29 18:42:27.534,,com.sec.android.app.shealth,c83ba7181764d320,
1970-02-19 00:00:00,,,0,,30001.0,2024-03-20 11:54:28.466,,com.sec.android.app.shealth,40b2ddd4fee0a477,
1970-02-19 00:00:00,,,0,,30001.0,2024-03-27 16:11:06.623,,com.sec.android.app.shealth,64ad95b5f35464a5,
1970-02-19 00:00:00,,,0,,30001.0,2024-03-12 13:05:01.213,,com.sec.android.app.shealth,17445e8d3ac69e93,
1970-02-19 00:00:00,,,0,,30001.0,2024-03-28 15:02:54.330,,com.sec.android.app.shealth,6380b14ebfde66df,
1970-02-19 00:00:00,,,0,,30001.0,2024-03-21 14:59:35.247,,com.sec.android.app.shealth,98f7b27b623938c7,
1970-02-19 00:00:00,,,0,,30001.0,2024-03-21 14:15:35.824,,com.sec.android.app.shealth,c83ba7181764d320,
1970-02-19 00:00:00,,,0,,30001.0,2024-04-02 13:06:39.598,,com.sec.android.app.shealth,af759d32fe388d28,
1970-02-19 00:00:00,,,0,,30001.0,2024-03-12 17:18:43.388,,com.sec.android.app.shealth,2e12c864ec5ae8d3,
1970-02-19 00:00:00,,,0,,30001.0,2024-03-05 17:34:07.550,,com.sec.android.app.shealth,f81b732a59389bd6,
1970-02-19 00:00:00,,,0,,30001.0,2024-04-10 09:09:33.679,,com.sec.android.app.shealth,dc0ca0bbe9e0e5ef,
1970-02-19 00:00:00,,,0,,,2024-03-22 14:33:55.688,,com.sec.android.app.shealth,56347a4b329901d1,
1970-02-19 00:00:00,,,0,,,2024-03-25 15:13:28.948,,com.sec.android.app.shealth,531066b01e9adf69,
1970-02-19 00:00:00,,,0,,30001.0,2024-04-03 10:10:31.686,,com.sec.android.app.shealth,feff532714e9b11b,
1970-02-19 00:00:00,,,0,,30001.0,2024-03-26 17:10:45.372,,com.sec.android.app.shealth,64f5147f817f7ff8,
1970-02-19 00:00:00,,,0,,30001.0,2024-04-05 10:09:26.395,,com.sec.android.app.shealth,af759d32fe388d28,
1970-02-19 00:00:00,,,0,,30001.0,2024-03-28 16:06:49.002,,com.sec.android.app.shealth,55d58fdcf9edbf86,
1970-02-19 00:00:00,,,0,,30001.0,2024-03-27 15:12:16.413,,com.sec.android.app.shealth,257a85d35ed6a007,
1970-02-19 00:00:00,,,0,,30001.0,2024-03-12 19:09:50.202,,com.sec.android.app.shealth,f7ebd8cbe6eb3df8,
1970-02-19 00:00:00,,,0,,30001.0,2024-03-19 17:00:19.196,,com.sec.android.app.shealth,b35c70042fb78628,
1970-02-19 00:00:00,,,0,,30001.0,2024-03-27 12:35:04.241,,com.sec.android.app.shealth,12845c8e1fe232c3,
1970-02-19 00:00:00,,,0,,30001.0,2024-04-11 16:45:04.664,,com.sec.android.app.shealth,a99479af5e9b150b,
1970-02-19 00:00:00,,,0,,30001.0,2024-04-04 15:09:23.173,,com.sec.android.app.shealth,21abb7c83b003f8a,
1970-02-19 00:00:00,,,0,,30001.0,2024-04-29 15:50:56.830,,com.sec.android.app.shealth,f97a13577367c1d6,
1970-02-19 00:00:00,,,0,,,2024-04-15 11:46:47.202,,com.sec.android.app.shealth,2e2f252a37b214da,
1970-02-19 00:00:00,,,1,,30001.0,2024-04-29 15:33:49.768,,com.sec.android.app.shealth,,
1970-02-19 00:00:00,,,1,,30001.0,2024-05-03 18:49:42.641,,com.sec.android.app.shealth,,
1970-02-19 00:00:00,,,0,,,2024-04-19 10:39:34.157,,com.sec.android.app.shealth,5d8085568daceac6,
1970-02-19 00:00:00,,,0,,30001.0,2024-04-10 17:10:32.949,,com.sec.android.app.shealth,c3848f1b7caa9d9c,
1970-02-19 00:00:00,,,0,,30001.0,2024-04-25 15:49:46.627,,com.sec.android.app.shealth,c23682d6bdb6c318,
1970-02-19 00:00:00,,,1,,30001.0,2024-05-18 00:28:08.791,,com.sec.android.app.shealth,,
1970-02-19 00:00:00,,,0,,30001.0,2024-04-19 12:25:41.735,,com.sec.android.app.shealth,f97a13577367c1d6,
1970-02-19 00:00:00,,,0,,30001.0,2024-04-26 19:33:25.597,,com.sec.android.app.shealth,f81b732a59389bd6,
1970-02-19 00:00:00,,,1,,30001.0,2024-05-13 16:17:00.808,,com.sec.android.app.shealth,,
1970-02-19 00:00:00,,,0,,30001.0,2024-04-19 09:37:08.063,,com.sec.android.app.shealth,c71b2a2bebb15926,
1970-02-19 00:00:00,,,0,,30001.0,2024-05-05 18:44:13.123,,com.sec.android.app.shealth,ce269049ff0c2921,
1970-02-19 00:00:00,,,0,,30001.0,2024-04-19 13:37:37.103,,com.sec.android.app.shealth,7b748182fb711845,
1970-02-19 00:00:00,,,1,,30001.0,2024-05-03 16:57:10.432,,com.sec.android.app.shealth,,
1970-02-19 00:00:00,,,1,,30001.0,2024-05-18 00:36:23.392,,com.sec.android.app.shealth,,
1970-02-19 00:00:00,,,0,,30001.0,2024-04-11 14:56:10.853,,com.sec.android.app.shealth,a7edee2b6387207a,
1970-02-19 00:00:00,,,1,,30001.0,2024-05-05 19:00:11.086,,com.sec.android.app.shealth,,
1970-02-19 00:00:00,,,0,,30001.0,2024-04-26 13:05:25.367,,com.sec.android.app.shealth,184999fc4112ff83,
1970-02-19 00:00:00,,,0,,30001.0,2024-04-11 15:09:27.529,,com.sec.android.app.shealth,4bf4f525504cc0a2,
1970-02-19 00:00:00,,,1,,30001.0,2024-04-19 13:37:04.331,,com.sec.android.app.shealth,,
1970-02-19 00:00:00,,,0,,30001.0,2024-04-12 12:46:43.823,,com.sec.android.app.shealth,ef252029c682871e,
1970-02-19 00:00:00,,,1,,30001.0,2024-05-05 17:36:30.956,,com.sec.android.app.shealth,,
1970-02-19 00:00:00,,,0,,30001.0,2024-04-04 14:04:39.485,,com.sec.android.app.shealth,814ed67f994391ff,
1970-02-19 00:00:00,,,0,,30001.0,2024-04-10 12:32:33.642,,com.sec.android.app.shealth,98fc1dac2acea5b1,
1970-02-19 00:00:00,,,0,,30001.0,2024-04-15 10:16:27.663,,com.sec.android.app.shealth,06fafec45d2678a0,
1970-02-19 00:00:00,,,0,,30001.0,2024-04-13 17:28:20.604,,com.sec.android.app.shealth,21a211d498ff2293,
1970-02-19 00:00:00,,,1,,30001.0,2024-04-26 13:14:24.635,,com.sec.android.app.shealth,,
1970-02-19 00:00:00,,,0,,30001.0,2024-04-08 16:57:06.787,,com.sec.android.app.shealth,55d58fdcf9edbf86,
1970-02-19 00:00:00,,,1,,30001.0,2024-04-23 13:45:02.082,,com.sec.android.app.shealth,,
1970-02-19 00:00:00,,,1,,30001.0,2024-04-24 12:05:40.643,,com.sec.android.app.shealth,,
1970-02-19 00:00:00,,,1,,30001.0,2024-05-15 14:09:53.654,,com.sec.android.app.shealth,,
1970-02-19 00:00:00,,,0,,30001.0,2024-04-12 13:48:53.475,,com.sec.android.app.shealth,836ea26749e1e308,
1970-02-19 00:00:00,,,0,,30001.0,2024-04-08 15:02:45.360,,com.sec.android.app.shealth,db58b6c40698d737,
1970-02-19 00:00:00,,,1,,30001.0,2024-04-25 15:53:49.065,,com.sec.android.app.shealth,,
1970-02-19 00:00:00,,,1,,30001.0,2024-05-05 18:32:00.995,,com.sec.android.app.shealth,,
1970-02-19 00:00:00,,,0,,30001.0,2024-03-13 09:08:16.852,,com.sec.android.app.shealth,17445e8d3ac69e93,
1970-02-19 00:00:00,,,0,,30001.0,2024-03-27 14:39:16.011,,com.sec.android.app.shealth,f97a13577367c1d6,
1970-02-19 00:00:00,,,0,,30001.0,2024-03-14 10:26:35.402,,com.sec.android.app.shealth,feff532714e9b11b,
1970-02-19 00:00:00,,,0,,30001.0,2024-02-20 11:49:10.551,,com.sec.android.app.shealth,98f7b27b623938c7,
1970-02-19 00:00:00,,,0,,30001.0,2024-02-27 12:07:37.783,,com.sec.android.app.shealth,257a85d35ed6a007,
1970-02-19 00:00:00,,,0,,30001.0,2024-02-22 15:13:37.165,,com.sec.android.app.shealth,98f7b27b623938c7,
1970-02-19 00:00:00,,,0,,30001.0,2024-02-10 08:56:32.585,,com.sec.android.app.shealth,0729c13ebd725201,
1970-02-19 00:00:00,,,0,,30001.0,2024-02-23 12:37:47.423,,com.sec.android.app.shealth,98fc1dac2acea5b1,
1970-02-19 00:00:00,,,0,,30001.0,2024-02-27 13:07:12.437,,com.sec.android.app.shealth,f7ebd8cbe6eb3df8,
1970-02-19 00:00:00,,,1,,30001.0,2024-03-03 22:44:19.444,,com.sec.android.app.shealth,,
1970-02-19 00:00:00,,,0,,30001.0,2024-02-27 17:10:29.059,,com.sec.android.app.shealth,64f5147f817f7ff8,
1970-02-19 00:00:00,,,0,,30001.0,2024-02-27 11:11:21.363,,com.sec.android.app.shealth,49cdcdd9821260a1,
1970-02-19 00:00:00,,,0,,30001.0,2024-03-03 00:24:19.436,,com.sec.android.app.shealth,836ea26749e1e308,
1970-02-19 00:00:00,,,0,,30001.0,2024-02-22 16:07:19.058,,com.sec.android.app.shealth,05e300642513b2f6,
1970-02-19 00:00:00,,,0,,30001.0,2024-03-02 12:45:08.494,,com.sec.android.app.shealth,b690285b6e60662d,
1970-02-19 00:00:00,,,0,,30001.0,2024-03-03 13:55:59.435,,com.sec.android.app.shealth,64f5147f817f7ff8,
1970-02-19 00:00:00,,,0,,30001.0,2024-02-29 15:02:28.493,,com.sec.android.app.shealth,21abb7c83b003f8a,
1970-02-19 00:00:00,,,0,,30001.0,2024-02-28 11:13:51.264,,com.sec.android.app.shealth,025c7187d3c75c4a,
1970-02-19 00:00:00,,,0,,30001.0,2024-02-10 08:21:43.334,,com.sec.android.app.shealth,94e634ac63620eab,
1970-02-19 00:00:00,,,0,,30001.0,2024-02-26 15:56:18.268,,com.sec.android.app.shealth,814ed67f994391ff,
1970-02-19 00:00:00,,,1,,30001.0,2024-02-21 17:03:51.187,,com.sec.android.app.shealth,,
1970-02-19 00:00:00,,,0,,30001.0,2024-02-17 15:48:22.584,,com.sec.android.app.shealth,cce84368b6d089e0,
1970-02-19 00:00:00,,,0,,30001.0,2024-01-24 14:36:53.356,,com.sec.android.app.shealth,9ff0e3599d4f6552,
1970-02-19 00:00:00,,,0,,30001.0,2024-01-26 11:09:14.936,,com.sec.android.app.shealth,ff33857db48c94bd,
1970-02-19 00:00:00,,,0,,30001.0,2024-01-29 17:52:16.945,,com.sec.android.app.shealth,af759d32fe388d28,
1970-02-19 00:00:00,,,0,,30001.0,2024-01-26 17:50:33.889,,com.sec.android.app.shealth,05e300642513b2f6,
1970-02-19 00:00:00,,,0,,,2024-01-30 08:20:14.792,,com.sec.android.app.shealth,de7ad459bb287b91,
1970-02-19 00:00:00,,,0,,30001.0,2024-02-01 11:16:36.012,,com.sec.android.app.shealth,96b8cfdc108a20ce,
1970-02-19 00:00:00,,,0,,30001.0,2024-02-01 12:44:08.990,,com.sec.android.app.shealth,feff532714e9b11b,
1970-02-19 00:00:00,,,0,,30001.0,2024-03-02 11:46:02.144,,com.sec.android.app.shealth,5afc581cc9ea399a,
1970-02-19 00:00:00,,,0,,30001.0,2024-02-01 13:12:44.280,,com.sec.android.app.shealth,b690285b6e60662d,
1970-02-19 00:00:00,,,1,,30001.0,2024-02-17 16:30:02.615,,com.sec.android.app.shealth,,
1970-02-19 00:00:00,,,0,,30001.0,2024-02-20 13:03:04.150,,com.sec.android.app.shealth,814ed67f994391ff,
1970-02-19 00:00:00,,,1,,30001.0,2024-02-19 20:19:45.615,,com.sec.android.app.shealth,,
1970-02-19 00:00:00,,,0,,30001.0,2024-02-21 17:04:25.935,,com.sec.android.app.shealth,ff33857db48c94bd,
1970-02-19 00:00:00,,,1,,30001.0,2024-02-20 11:46:54.444,,com.sec.android.app.shealth,,
1970-02-19 00:00:00,,,1,,30001.0,2024-02-20 13:09:09.022,,com.sec.android.app.shealth,,
1970-02-19 00:00:00,,,0,,30001.0,2024-02-21 12:40:59.899,,com.sec.android.app.shealth,f97a13577367c1d6,
1970-02-19 00:00:00,,,0,,30001.0,2024-02-06 13:38:58.245,,com.sec.android.app.shealth,5ea2ed9b13224d64,
1970-02-19 00:00:00,,,0,,30001.0,2024-03-03 11:23:04.646,,com.sec.android.app.shealth,6b8f9bbe2b292547,
1970-02-19 00:00:00,,,0,,30001.0,2024-03-03 02:45:00.408,,com.sec.android.app.shealth,836ea26749e1e308,
1970-02-19 00:00:00,,,0,,30001.0,2024-03-03 22:44:59.433,,com.sec.android.app.shealth,701a5f474c87a4c6,
1970-02-19 00:00:00,,,0,,30001.0,2024-03-04 15:37:43.381,,com.sec.android.app.shealth,64f5147f817f7ff8,
1970-02-19 00:00:00,,,0,,30001.0,2024-03-03 19:34:17.664,,com.sec.android.app.shealth,af759d32fe388d28,
1970-02-19 00:00:00,,,0,,30001.0,2024-03-05 11:45:18.086,,com.sec.android.app.shealth,96fbe862757b5038,
1970-02-19 00:00:00,,,0,,30001.0,2024-03-05 14:07:33.060,,com.sec.android.app.shealth,2e12c864ec5ae8d3,
1970-02-19 00:00:00,,,0,,30001.0,2024-03-04 12:13:31.804,,com.sec.android.app.shealth,d0436c33cdcd6e02,
1970-02-19 00:00:00,,,0,,30001.0,2024-03-12 14:17:15.858,,com.sec.android.app.shealth,025c7187d3c75c4a,
1970-02-19 00:00:00,,,0,,30001.0,2024-03-05 14:49:26.964,,com.sec.android.app.shealth,b35c70042fb78628,
1970-02-19 00:00:00,,,0,,30001.0,2024-03-11 12:37:24.702,,com.sec.android.app.shealth,c23682d6bdb6c318,
1970-02-19 00:00:00,,,1,,30001.0,2024-03-04 16:17:56.588,,com.sec.android.app.shealth,,
1970-02-19 00:00:00,,,0,,30001.0,2024-03-14 16:04:18.618,,com.sec.android.app.shealth,a99479af5e9b150b,
1970-02-19 00:00:00,,,0,,30001.0,2024-03-21 16:06:10.444,,com.sec.android.app.shealth,f81b732a59389bd6,
1970-02-19 00:00:00,,,0,,30001.0,2024-03-22 13:57:50.102,,com.sec.android.app.shealth,0cad412e2cb2edee,
1970-02-19 00:00:00,,,0,,30001.0,2024-03-19 13:06:22.293,,com.sec.android.app.shealth,6380b14ebfde66df,
1970-02-19 00:00:00,,,0,,30001.0,2024-03-19 11:59:26.710,,com.sec.android.app.shealth,af759d32fe388d28,
1970-02-19 00:00:00,,,0,,30001.0,2024-03-05 17:02:46.260,,com.sec.android.app.shealth,1b9ff5e22b88e0c5,
1970-02-19 00:00:00,,,0,,30001.0,2024-03-14 18:49:59.831,,com.sec.android.app.shealth,feff532714e9b11b,
1970-02-19 00:00:00,,,0,,30001.0,2024-03-12 12:08:49.901,,com.sec.android.app.shealth,05e300642513b2f6,
1970-02-19 00:00:00,,,1,,30001.0,2024-04-17 12:02:18.166,,com.sec.android.app.shealth,,
1970-02-19 00:00:00,,,1,,30001.0,2024-03-04 11:33:12.142,,com.sec.android.app.shealth,,
1970-02-19 00:00:00,,,0,,30001.0,2024-03-03 14:17:12.707,,com.sec.android.app.shealth,5ea2ed9b13224d64,
1970-02-19 00:00:00,,,1,,30001.0,2024-03-03 22:19:27.335,,com.sec.android.app.shealth,,
1970-02-19 00:00:00,,,0,,30001.0,2024-02-29 15:58:14.929,,com.sec.android.app.shealth,05e300642513b2f6,
1970-02-19 00:00:00,,,0,,30001.0,2024-03-03 19:49:58.332,,com.sec.android.app.shealth,ef200d24a60e6310,
1970-02-19 00:00:00,,,0,,30001.0,2024-03-03 12:21:26.652,,com.sec.android.app.shealth,c915025295d5f92b,
1970-02-19 00:00:00,,,0,,30001.0,2024-03-03 11:56:35.058,,com.sec.android.app.shealth,a99479af5e9b150b,
1970-02-19 00:00:00,,,0,,30001.0,2024-03-03 17:16:38.153,,com.sec.android.app.shealth,ff33857db48c94bd,
1970-02-19 00:00:00,,,0,,30001.0,2024-03-02 11:00:38.037,,com.sec.android.app.shealth,dc0ca0bbe9e0e5ef,
1970-02-19 00:00:00,,,1,,30001.0,2024-03-04 10:37:29.132,,com.sec.android.app.shealth,,
1970-02-19 00:00:00,,,0,,30001.0,2024-03-12 10:49:45.526,,com.sec.android.app.shealth,6380b14ebfde66df,
1970-02-19 00:00:00,,,0,,30001.0,2024-03-03 12:51:34.268,,com.sec.android.app.shealth,94e634ac63620eab,
1970-02-19 00:00:00,,,1,,30001.0,2024-03-03 20:41:43.888,,com.sec.android.app.shealth,,
1970-02-19 00:00:00,,,0,,30001.0,2024-03-03 18:23:26.216,,com.sec.android.app.shealth,40b2ddd4fee0a477,
1970-02-19 00:00:00,,,0,,30001.0,2024-03-03 20:36:33.892,,com.sec.android.app.shealth,184999fc4112ff83,
1970-02-19 00:00:00,,,1,,30001.0,2024-03-04 10:23:29.420,,com.sec.android.app.shealth,,
1970-02-19 00:00:00,,,0,,,2024-03-04 00:40:18.152,,com.sec.android.app.shealth,b14622a3c0c92ec9,
1970-02-19 00:00:00,,,0,,30001.0,2024-03-11 16:02:15.163,,com.sec.android.app.shealth,6b8f9bbe2b292547,
1970-02-19 00:00:00,,,0,,30001.0,2024-03-04 16:15:54.652,,com.sec.android.app.shealth,64fc09bd5f88e4b6,
1970-02-19 00:00:00,,,0,,30001.0,2024-05-05 17:52:46.035,,com.sec.android.app.shealth,632420b423a1bdbc,
1970-02-19 00:00:00,,,1,,30001.0,2024-05-15 15:51:50.932,,com.sec.android.app.shealth,,
1970-02-19 00:00:00,,,0,,30001.0,2024-05-09 16:14:00.442,,com.sec.android.app.shealth,64ad95b5f35464a5,
1970-02-19 00:00:00,,,0,,30001.0,2024-07-05 10:34:18.807,,com.sec.android.app.shealth,98fc1dac2acea5b1,
1970-02-19 00:00:00,,,0,,,2024-07-05 13:57:48.818,,com.sec.android.app.shealth,246aee644ccfc7a2,
1970-02-19 00:00:00,,,0,,30001.0,2024-07-05 20:41:03.795,,com.sec.android.app.shealth,7665a1519d9063ed,
1970-02-19 00:00:00,,,0,,30001.0,2024-07-06 14:13:53.030,,com.sec.android.app.shealth,f7ebd8cbe6eb3df8,
1970-02-19 00:00:00,,,0,,,2024-07-10 13:21:08.461,,com.sec.android.app.shealth,1b50cb1a87919973,
1970-02-19 00:00:00,,,0,,30001.0,2024-07-06 19:00:49.390,,com.sec.android.app.shealth,4b72795ae9acdab6,
1970-02-19 00:00:00,,,0,,,2024-07-08 11:52:00.429,,com.sec.android.app.shealth,f06663f8551c3612,
1970-02-19 00:00:00,,,0,,,2024-07-14 00:05:27.458,,com.sec.android.app.shealth,ef62ad5b0120877e,
1970-02-19 00:00:00,,,0,,30001.0,2024-07-10 11:03:37.621,,com.sec.android.app.shealth,64f5147f817f7ff8,
1970-02-19 00:00:00,,,0,,,2024-07-13 23:40:04.452,,com.sec.android.app.shealth,12845c8e1fe232c3,
1970-02-19 00:00:00,,,0,,,2024-07-13 22:18:08.061,,com.sec.android.app.shealth,6e5f8fa0684c4deb,
1970-02-19 00:00:00,,,1,,30001.0,2024-07-13 22:57:02.214,,com.sec.android.app.shealth,,
1970-02-19 00:00:00,,,0,,30001.0,2024-07-14 17:44:58.260,,com.sec.android.app.shealth,6b8f9bbe2b292547,
1970-02-19 00:00:00,,,0,,30001.0,2024-07-15 12:47:22.709,,com.sec.android.app.shealth,4cadfd4d65e733bf,
1970-02-19 00:00:00,,,0,,30001.0,2024-07-10 11:20:41.064,,com.sec.android.app.shealth,53f9411c63711810,
1970-02-19 00:00:00,,,0,,30001.0,2024-07-05 09:06:45.928,,com.sec.android.app.shealth,6d3d088095cb6ca3,
1970-02-19 00:00:00,,,0,,,2024-07-04 20:31:45.904,,com.sec.android.app.shealth,9c239aa64d95bdee,
1970-02-19 00:00:00,,,0,,,2024-07-04 16:15:06.896,,com.sec.android.app.shealth,f2bdc06b0cb72aa6,
1970-02-19 00:00:00,,,0,,30001.0,2024-07-01 14:56:40.010,,com.sec.android.app.shealth,7665a1519d9063ed,
1970-02-19 00:00:00,,,0,,30001.0,2024-06-23 19:10:48.755,,com.sec.android.app.shealth,0b9d95512b4384db,
1970-02-19 00:00:00,,,0,,,2024-06-19 09:59:06.715,,com.sec.android.app.shealth,7abd5a4a09b9b769,
1970-02-19 00:00:00,,,0,,30001.0,2024-07-01 12:20:32.781,,com.sec.android.app.shealth,c83ba7181764d320,
1970-02-19 00:00:00,,,0,,,2024-06-28 12:41:37.961,,com.sec.android.app.shealth,3731fd3d60e680f3,
1970-02-19 00:00:00,,,0,,,2024-07-01 13:51:24.575,,com.sec.android.app.shealth,3d0327f8a21419b7,
1970-02-19 00:00:00,,,0,,,2024-06-27 18:22:34.481,,com.sec.android.app.shealth,c0faa5f07166b1df,
1970-02-19 00:00:00,,,0,,30001.0,2024-06-24 11:48:37.264,,com.sec.android.app.shealth,c76b0741115e2e47,
1970-02-19 00:00:00,,,0,,30001.0,2024-07-15 12:18:47.449,,com.sec.android.app.shealth,64ad95b5f35464a5,
1970-02-19 00:00:00,,,0,,30001.0,2024-07-01 12:50:43.117,,com.sec.android.app.shealth,2547b9c396a8e473,
1970-02-19 00:00:00,,,0,,30001.0,2024-06-12 17:03:41.226,,com.sec.android.app.shealth,0729c13ebd725201,
1970-02-19 00:00:00,,,0,,30001.0,2024-06-14 19:43:18.937,,com.sec.android.app.shealth,6d3d088095cb6ca3,
1970-02-19 00:00:00,,,0,,,2024-06-21 13:23:09.816,,com.sec.android.app.shealth,d9dbe25186b35afc,
1970-02-19 00:00:00,,,0,,30001.0,2024-06-27 17:38:15.961,,com.sec.android.app.shealth,cce84368b6d089e0,
1970-02-19 00:00:00,,,0,,30001.0,2024-06-14 17:36:14.494,,com.sec.android.app.shealth,c3848f1b7caa9d9c,
1970-02-19 00:00:00,,,0,,30001.0,2024-06-21 12:06:03.048,,com.sec.android.app.shealth,a5823d57256d3115,
1970-02-19 00:00:00,,,0,,30001.0,2024-06-26 18:36:44.540,,com.sec.android.app.shealth,52ebab80b30e4922,
1970-02-19 00:00:00,,,0,,,2024-06-10 09:09:20.047,,com.sec.android.app.shealth,26b010852580c8fb,
1970-02-19 00:00:00,,,0,,,2024-07-15 13:47:43.528,,com.sec.android.app.shealth,76692f5e22017b72,
1970-02-19 00:00:00,,,1,,30001.0,2024-07-13 22:22:59.639,,com.sec.android.app.shealth,,
1970-02-19 00:00:00,,,0,,30001.0,2024-07-17 17:50:48.027,,com.sec.android.app.shealth,dc0ca0bbe9e0e5ef,
1970-02-19 00:00:00,,,0,,30001.0,2024-07-29 12:11:25.617,,com.sec.android.app.shealth,21abb7c83b003f8a,
1970-02-19 00:00:00,,,0,,,2024-07-29 14:16:29.940,,com.sec.android.app.shealth,cc6457cc1d15c763,
1970-02-19 00:00:00,,,0,,30001.0,2024-07-29 12:53:34.075,,com.sec.android.app.shealth,2bb81ba32b70f51f,
1970-02-19 00:00:00,,,0,,30001.0,2024-07-31 15:46:23.293,,com.sec.android.app.shealth,9a24c9fe82b760bb,
1970-02-19 00:00:00,,,0,,,2024-07-31 16:31:32.945,,com.sec.android.app.shealth,4c2072f22a7cd746,
1970-02-19 00:00:00,,,0,,30001.0,2024-07-31 16:51:27.176,,com.sec.android.app.shealth,db58b6c40698d737,
1970-02-19 00:00:00,,,0,,30001.0,2024-07-31 17:10:50.195,,com.sec.android.app.shealth,c23682d6bdb6c318,
1970-02-19 00:00:00,,,0,,30001.0,2024-08-01 17:19:43.758,,com.sec.android.app.shealth,52ebab80b30e4922,
1970-02-19 00:00:00,,,0,,,2024-08-03 16:39:43.315,,com.sec.android.app.shealth,3e0f8fc69b7fc051,
1970-02-19 00:00:00,,,0,,,2024-08-02 12:39:24.070,,com.sec.android.app.shealth,f4aa0d2803997f9b,
1970-02-19 00:00:00,,,0,,,2024-08-08 18:34:16.643,,com.sec.android.app.shealth,2a3ded681a16bd0e,
1970-02-19 00:00:00,,,0,,30001.0,2024-08-06 13:17:03.631,,com.sec.android.app.shealth,2e12c864ec5ae8d3,
1970-02-19 00:00:00,,,0,,30001.0,2024-08-06 13:49:45.844,,com.sec.android.app.shealth,765b3681c14400bb,
1970-02-19 00:00:00,,,0,,,2024-08-06 14:20:12.809,,com.sec.android.app.shealth,ec61c391bd2d09d9,
1970-02-19 00:00:00,,,0,,30001.0,2024-08-06 14:37:04.196,,com.sec.android.app.shealth,b690285b6e60662d,
1970-02-19 00:00:00,,,0,,,2024-08-13 16:56:17.266,,com.sec.android.app.shealth,9e8aa036db88e81d,
1970-02-19 00:00:00,,,0,,30001.0,2024-08-02 11:38:53.358,,com.sec.android.app.shealth,2a881a85184dd1d6,
1970-02-19 00:00:00,,,0,,,2024-06-17 13:23:23.015,,com.sec.android.app.shealth,05b198df0a82c082,
1970-02-19 00:00:00,,,0,,30001.0,2024-07-26 12:07:09.180,,com.sec.android.app.shealth,2277807ee4c4999b,
1970-02-19 00:00:00,,,0,,,2024-07-26 11:27:00.697,,com.sec.android.app.shealth,0d88397f1b488eca,
1970-02-19 00:00:00,,,0,,,2024-07-17 18:33:17.481,,com.sec.android.app.shealth,c83ba7181764d320,
1970-02-19 00:00:00,,,0,,,2024-07-17 19:54:57.316,,com.sec.android.app.shealth,041e391c69640edb,
1970-02-19 00:00:00,,,0,,,2024-07-17 18:58:20.981,,com.sec.android.app.shealth,b35c70042fb78628,
1970-02-19 00:00:00,,,0,,30001.0,2024-07-17 20:16:38.948,,com.sec.android.app.shealth,40b2ddd4fee0a477,
1970-02-19 00:00:00,,,0,,,2024-07-17 17:09:01.970,,com.sec.android.app.shealth,df636118a0126c11,
1970-02-19 00:00:00,,,0,,,2024-07-20 10:45:32.369,,com.sec.android.app.shealth,996173307b7f5589,
1970-02-19 00:00:00,,,0,,30001.0,2024-07-17 15:38:42.801,,com.sec.android.app.shealth,80ddbe73eb5a79b2,
1970-02-19 00:00:00,,,0,,30001.0,2024-07-26 12:54:10.121,,com.sec.android.app.shealth,7665a1519d9063ed,
1970-02-19 00:00:00,,,1,,30001.0,2024-07-20 20:35:06.378,,com.sec.android.app.shealth,,
1970-02-19 00:00:00,,,0,,30001.0,2024-07-20 21:25:30.841,,com.sec.android.app.shealth,f97a13577367c1d6,
1970-02-19 00:00:00,,,0,,,2024-07-22 14:23:44.854,,com.sec.android.app.shealth,74ed3ae6102c4542,
1970-02-19 00:00:00,,,0,,,2024-07-24 19:12:56.281,,com.sec.android.app.shealth,3842efc3ccf8ddc0,
1970-02-19 00:00:00,,,0,,,2024-07-24 19:49:52.145,,com.sec.android.app.shealth,cacf7ee2f94a27d5,
1970-02-19 00:00:00,,,0,,,2024-07-24 20:03:00.365,,com.sec.android.app.shealth,f7ebd8cbe6eb3df8,
1970-02-19 00:00:00,,,0,,,2024-07-27 15:38:41.615,,com.sec.android.app.shealth,5afc581cc9ea399a,
1970-02-19 00:00:00,,,0,,30001.0,2024-07-26 10:11:53.493,,com.sec.android.app.shealth,9bdff3bd2492a501,
1970-02-19 00:00:00,,,0,,30001.0,2024-07-20 20:28:01.086,,com.sec.android.app.shealth,21abb7c83b003f8a,
1970-02-19 00:00:00,,,0,,30001.0,2024-08-08 16:55:36.034,,com.sec.android.app.shealth,64f5147f817f7ff8,
1970-02-19 00:00:00,,,0,,,2024-06-24 13:19:13.098,,com.sec.android.app.shealth,0541f72a5ccdd571,
1970-02-19 00:00:00,,,0,,30001.0,2024-06-23 19:51:18.558,,com.sec.android.app.shealth,be2b775cb8cd43b8,
1970-02-19 00:00:00,,,0,,30001.0,2024-05-20 14:38:43.563,,com.sec.android.app.shealth,6428d3bd91f5e1d7,
1970-02-19 00:00:00,,,0,,30001.0,2024-05-02 15:09:19.557,,com.sec.android.app.shealth,431e73f1bdf9c293,
1970-02-19 00:00:00,,,0,,30001.0,2024-05-20 14:04:41.029,,com.sec.android.app.shealth,28ceb321bf88ce39,
1970-02-19 00:00:00,,,0,,30001.0,2024-05-24 12:30:06.836,,com.sec.android.app.shealth,1fd7e12824983914,
1970-02-19 00:00:00,,,1,,30001.0,2024-05-20 17:53:27.682,,com.sec.android.app.shealth,,
1970-02-19 00:00:00,,,0,,30001.0,2024-05-27 12:14:28.553,,com.sec.android.app.shealth,836ea26749e1e308,
1970-02-19 00:00:00,,,0,,,2024-05-20 13:31:24.971,,com.sec.android.app.shealth,ce9a4f9778627fd1,
1970-02-19 00:00:00,,,0,,30001.0,2024-05-13 12:45:18.467,,com.sec.android.app.shealth,de64346f732f769b,
1970-02-19 00:00:00,,,0,,,2024-05-22 12:17:33.218,,com.sec.android.app.shealth,5756ee1d3ef9b3fa,
1970-02-19 00:00:00,,,0,,30001.0,2024-05-18 14:30:51.978,,com.sec.android.app.shealth,3311663049fc19e9,
1970-02-19 00:00:00,,,0,,,2024-05-24 14:57:35.260,,com.sec.android.app.shealth,f2fc060b49e1d24a,
1970-02-19 00:00:00,,,0,,30001.0,2024-05-29 09:49:12.355,,com.sec.android.app.shealth,53519e43db90bd08,
1970-02-19 00:00:00,,,0,,30001.0,2024-05-13 15:55:24.354,,com.sec.android.app.shealth,f7ebd8cbe6eb3df8,
1970-02-19 00:00:00,,,0,,30001.0,2024-05-15 18:10:49.114,,com.sec.android.app.shealth,b34f1325af156000,
1970-02-19 00:00:00,,,0,,30001.0,2024-05-29 10:34:06.223,,com.sec.android.app.shealth,f51526ec2f9c2007,
1970-02-19 00:00:00,,,0,,30001.0,2024-05-13 12:00:15.771,,com.sec.android.app.shealth,ff33857db48c94bd,
1970-02-19 00:00:00,,,0,,30001.0,2024-05-18 00:53:18.525,,com.sec.android.app.shealth,5ea2ed9b13224d64,
1970-02-19 00:00:00,,,0,,30001.0,2024-05-15 14:10:28.983,,com.sec.android.app.shealth,5afc581cc9ea399a,
1970-02-19 00:00:00,,,0,,30001.0,2024-05-17 22:57:12.287,,com.sec.android.app.shealth,64fc09bd5f88e4b6,
1970-02-19 00:00:00,,,0,,30001.0,2024-05-03 16:55:29.185,,com.sec.android.app.shealth,abca6c3d36b80c93,
1970-02-19 00:00:00,,,0,,30001.0,2024-05-02 13:34:59.655,,com.sec.android.app.shealth,92d81e059c410ad9,
1970-02-19 00:00:00,,,0,,30001.0,2024-05-13 17:16:55.257,,com.sec.android.app.shealth,6380b14ebfde66df,
1970-02-19 00:00:00,,,0,,,2024-05-08 12:23:42.423,,com.sec.android.app.shealth,9ba1ef4ef1c863de,
1970-02-19 00:00:00,,,1,,30001.0,2024-05-17 22:54:51.710,,com.sec.android.app.shealth,,
1970-02-19 00:00:00,,,0,,30001.0,2024-04-24 12:01:30.835,,com.sec.android.app.shealth,c23682d6bdb6c318,
1970-02-19 00:00:00,,,0,,30001.0,2024-05-15 11:59:43.793,,com.sec.android.app.shealth,7b9811a718ac0b97,
1970-02-19 00:00:00,,,0,,30001.0,2024-05-20 12:07:21.242,,com.sec.android.app.shealth,10932303218f2a9b,
1970-02-19 00:00:00,,,0,,30001.0,2024-04-29 15:34:03.715,,com.sec.android.app.shealth,4bf4f525504cc0a2,
1970-02-19 00:00:00,,,1,,30001.0,2024-05-15 18:05:29.664,,com.sec.android.app.shealth,,
1970-02-19 00:00:00,,,0,,30001.0,2024-05-17 12:14:28.485,,com.sec.android.app.shealth,db7ac0932b747f4b,
1970-02-19 00:00:00,,,0,,30001.0,2024-05-15 14:27:37.571,,com.sec.android.app.shealth,814ed67f994391ff,
1970-02-19 00:00:00,,,0,,30001.0,2024-05-18 16:19:39.569,,com.sec.android.app.shealth,4cf04b118f5e7bc5,
1970-02-19 00:00:00,,,0,,30001.0,2024-04-23 13:45:04.889,,com.sec.android.app.shealth,257a85d35ed6a007,
1970-02-19 00:00:00,,,0,,30001.0,2024-05-15 15:56:35.776,,com.sec.android.app.shealth,0a5ebfe887c9e054,
1970-02-19 00:00:00,,,0,,30001.0,2024-05-03 13:49:20.529,,com.sec.android.app.shealth,77c5dafbc53ac9a6,
1970-02-19 00:00:00,,,0,,,2024-05-15 13:28:23.096,,com.sec.android.app.shealth,f74a4e8dbccecb8b,
1970-02-19 00:00:00,,,0,,,2024-05-20 15:34:38.357,,com.sec.android.app.shealth,4d4abddf789298a3,
1970-02-19 00:00:00,,,0,,30001.0,2024-05-18 16:52:33.480,,com.sec.android.app.shealth,40b2ddd4fee0a477,
1970-02-19 00:00:00,,,0,,30001.0,2024-05-15 17:06:15.205,,com.sec.android.app.shealth,4bf4f525504cc0a2,
1970-02-19 00:00:00,,,0,,30001.0,2024-06-10 19:44:41.993,,com.sec.android.app.shealth,a99479af5e9b150b,
1970-02-19 00:00:00,,,0,,30001.0,2024-06-12 12:34:47.990,,com.sec.android.app.shealth,4cf04b118f5e7bc5,
1970-02-19 00:00:00,,,0,,30001.0,2024-06-14 15:12:12.657,,com.sec.android.app.shealth,f97a13577367c1d6,
1970-02-19 00:00:00,,,0,,,2024-06-12 15:00:22.519,,com.sec.android.app.shealth,c6a95bf3582a892e,
1970-02-19 00:00:00,,,0,,30001.0,2024-06-10 21:24:31.302,,com.sec.android.app.shealth,17e70b2fd0afd679,
1970-02-19 00:00:00,,,0,,30001.0,2024-06-15 14:10:37.714,,com.sec.android.app.shealth,dc0ca0bbe9e0e5ef,
1970-02-19 00:00:00,,,0,,30001.0,2024-06-13 11:16:59.585,,com.sec.android.app.shealth,af759d32fe388d28,
1970-02-19 00:00:00,,,0,,30001.0,2024-06-11 17:17:09.393,,com.sec.android.app.shealth,814ed67f994391ff,
1970-02-19 00:00:00,,,0,,30001.0,2024-06-17 12:39:57.745,,com.sec.android.app.shealth,93a9619e705e002b,
1970-02-19 00:00:00,,,1,,30001.0,2024-06-23 19:50:33.515,,com.sec.android.app.shealth,,
1970-02-19 00:00:00,,,0,,30001.0,2024-06-14 10:37:20.194,,com.sec.android.app.shealth,52ebab80b30e4922,
1970-02-19 00:00:00,,,1,,30001.0,2024-06-13 11:52:37.537,,com.sec.android.app.shealth,,
1970-02-19 00:00:00,,,0,,30001.0,2024-06-28 11:41:11.311,,com.sec.android.app.shealth,3bc31e75fe56f310,
1970-02-19 00:00:00,,,1,,30001.0,2024-06-23 19:03:15.254,,com.sec.android.app.shealth,,
1970-02-19 00:00:00,,,0,,30001.0,2024-06-14 15:43:15.076,,com.sec.android.app.shealth,98f7b27b623938c7,
1970-02-19 00:00:00,,,1,,30001.0,2024-06-14 10:47:21.036,,com.sec.android.app.shealth,,
1970-02-19 00:00:00,,,0,,,2024-06-19 19:29:59.382,,com.sec.android.app.shealth,191bc7df8b8697dc,
1970-02-19 00:00:00,,,0,,30001.0,2024-06-17 12:14:23.323,,com.sec.android.app.shealth,4bf4f525504cc0a2,
1970-02-19 00:00:00,,,0,,,2024-06-04 11:35:16.111,,com.sec.android.app.shealth,4d929bdbedc22646,
1970-02-19 00:00:00,,,0,,30001.0,2024-06-03 18:11:25.213,,com.sec.android.app.shealth,6380b14ebfde66df,
1970-02-19 00:00:00,,,0,,30001.0,2024-05-22 11:47:08.825,,com.sec.android.app.shealth,5d7a7f3c9a409925,
1970-02-19 00:00:00,,,0,,30001.0,2024-05-20 17:50:30.616,,com.sec.android.app.shealth,4bf4f525504cc0a2,
1970-02-19 00:00:00,,,0,,30001.0,2024-05-18 17:06:50.346,,com.sec.android.app.shealth,40b2ddd4fee0a477,
1970-02-19 00:00:00,,,0,,30001.0,2024-05-27 12:48:41.400,,com.sec.android.app.shealth,02187df4d1834ecb,
1970-02-19 00:00:00,,,0,,30001.0,2024-05-20 19:09:46.506,,com.sec.android.app.shealth,05e300642513b2f6,
1970-02-19 00:00:00,,,0,,30001.0,2024-05-27 13:54:50.173,,com.sec.android.app.shealth,f81b732a59389bd6,
1970-02-19 00:00:00,,,0,,,2024-05-27 13:34:37.767,,com.sec.android.app.shealth,0579d9acf816db81,
1970-02-19 00:00:00,,,0,,30001.0,2024-06-10 19:29:24.281,,com.sec.android.app.shealth,aae57dbd4a6b14eb,
1970-02-19 00:00:00,,,0,,30001.0,2024-05-24 19:31:56.390,,com.sec.android.app.shealth,11a86311d39aaaf9,
1970-02-19 00:00:00,,,0,,30001.0,2024-05-31 13:11:19.228,,com.sec.android.app.shealth,b4f6a5aa11798d37,
1970-02-19 00:00:00,,,0,,30001.0,2024-05-31 13:26:06.410,,com.sec.android.app.shealth,c23682d6bdb6c318,
1970-02-19 00:00:00,,,0,,30001.0,2024-05-31 16:16:21.170,,com.sec.android.app.shealth,c83ba7181764d320,
1970-02-19 00:00:00,,,0,,30001.0,2024-05-31 16:32:42.501,,com.sec.android.app.shealth,feff532714e9b11b,
1970-02-19 00:00:00,,,0,,30001.0,2024-06-11 15:35:08.021,,com.sec.android.app.shealth,4bf4f525504cc0a2,
1970-02-19 00:00:00,,,0,,30001.0,2024-06-06 19:00:51.343,,com.sec.android.app.shealth,814ed67f994391ff,
1970-02-19 00:00:00,,,0,,30001.0,2024-06-03 16:11:18.414,,com.sec.android.app.shealth,feff532714e9b11b,
1970-02-19 00:00:00,,,0,,30001.0,2024-05-30 15:51:40.395,,com.sec.android.app.shealth,d0436c33cdcd6e02,
1970-02-19 00:00:00,,,0,,30001.0,2024-01-26 12:04:27.530,,com.sec.android.app.shealth,6b8f9bbe2b292547,
1970-02-19 00:00:00,,,0,,30001.0,2025-01-30 09:19:15.118,,com.sec.android.app.shealth,b35c70042fb78628,
1970-02-19 00:00:00,,,0,,,2025-01-30 11:34:07.255,,com.sec.android.app.shealth,79363b205723ee7e,
1970-02-19 00:00:00,,,0,,30001.0,2025-09-15 17:54:29.382,,com.sec.android.app.shealth,db58b6c40698d737,
1970-02-19 00:00:00,,,0,,30001.0,2025-09-16 10:02:50.424,,com.sec.android.app.shealth,54bbd01d997e4989,
1970-02-19 00:00:00,,,0,,30001.0,2025-09-16 13:01:05.654,,com.sec.android.app.shealth,6b8f9bbe2b292547,
1970-02-19 00:00:00,,,0,,30001.0,2025-09-16 13:28:23.169,,com.sec.android.app.shealth,f81b732a59389bd6,
1970-02-19 00:00:00,,,0,,30001.0,2025-09-16 15:00:03.054,,com.sec.android.app.shealth,55d58fdcf9edbf86,
1970-02-19 00:00:00,,,0,,30001.0,2025-09-16 17:55:52.253,,com.sec.android.app.shealth,836ea26749e1e308,
1970-02-19 00:00:00,,,0,,30001.0,2025-09-17 11:16:06.833,,com.sec.android.app.shealth,64fc09bd5f88e4b6,
1970-02-19 00:00:00,,,0,,30001.0,2025-09-17 17:14:19.126,,com.sec.android.app.shealth,c23682d6bdb6c318,
1970-02-19 00:00:00,,,0,,30001.0,2025-09-17 18:28:39.054,,com.sec.android.app.shealth,3311663049fc19e9,
1970-02-19 00:00:00,,,1,,30001.0,2025-09-18 16:37:56.555,,com.sec.android.app.shealth,,
1970-02-19 00:00:00,,,1,,30001.0,2025-09-18 18:33:59.123,,com.sec.android.app.shealth,,
1970-02-19 00:00:00,,,1,,30001.0,2025-09-19 12:56:15.792,,com.sec.android.app.shealth,,
1970-02-19 00:00:00,,,1,,30001.0,2025-09-19 14:50:57.006,,com.sec.android.app.shealth,,
1970-02-19 00:00:00,,,1,,30001.0,2025-09-19 16:13:02.437,,com.sec.android.app.shealth,,
1970-02-19 00:00:00,,,0,,30001.0,2025-09-18 16:38:02.057,,com.sec.android.app.shealth,025c7187d3c75c4a,
1970-02-19 00:00:00,,,0,,30001.0,2025-09-15 14:16:50.633,,com.sec.android.app.shealth,ff33857db48c94bd,
1970-02-19 00:00:00,,,0,,30001.0,2025-09-15 12:06:35.342,,com.sec.android.app.shealth,21abb7c83b003f8a,
1970-02-19 00:00:00,,,0,,30001.0,2025-09-12 14:39:07.878,,com.sec.android.app.shealth,f81b732a59389bd6,
1970-02-19 00:00:00,,,0,,30001.0,2025-09-12 14:07:21.087,,com.sec.android.app.shealth,7665a1519d9063ed,
1970-02-19 00:00:00,,,0,,30001.0,2025-09-05 12:07:09.312,,com.sec.android.app.shealth,05e300642513b2f6,
1970-02-19 00:00:00,,,0,,30001.0,2025-09-05 15:57:16.900,,com.sec.android.app.shealth,3d6dd38612747d0c,
1970-02-19 00:00:00,,,0,,30001.0,2025-09-05 19:04:17.521,,com.sec.android.app.shealth,914b46ef57798ffa,
1970-02-19 00:00:00,,,0,,30001.0,2025-09-05 20:09:01.006,,com.sec.android.app.shealth,01910a3eadcc67c2,
1970-02-19 00:00:00,,,0,,30001.0,2025-09-07 16:12:49.449,,com.sec.android.app.shealth,3311663049fc19e9,
1970-02-19 00:00:00,,,0,,30001.0,2025-09-08 17:58:55.999,,com.sec.android.app.shealth,2ab13293652b41c0,
1970-02-19 00:00:00,,,0,,30001.0,2025-09-09 09:37:25.241,,com.sec.android.app.shealth,dc0ca0bbe9e0e5ef,
1970-02-19 00:00:00,,,0,,30001.0,2025-09-18 16:54:36.715,,com.sec.android.app.shealth,dc0ca0bbe9e0e5ef,
1970-02-19 00:00:00,,,0,,30001.0,2025-09-09 17:12:55.464,,com.sec.android.app.shealth,0589abecb964e139,
1970-02-19 00:00:00,,,0,,30001.0,2025-09-10 11:50:27.195,,com.sec.android.app.shealth,c455af0db9fd47d4,
1970-02-19 00:00:00,,,0,,30001.0,2025-09-10 12:35:11.676,,com.sec.android.app.shealth,6e5f8fa0684c4deb,
1970-02-19 00:00:00,,,0,,30001.0,2025-09-11 09:00:12.031,,com.sec.android.app.shealth,f81b732a59389bd6,
1970-02-19 00:00:00,,,0,,30001.0,2025-09-11 17:18:33.705,,com.sec.android.app.shealth,d6b4b7eabc574634,
1970-02-19 00:00:00,,,0,,30001.0,2025-09-11 20:18:49.984,,com.sec.android.app.shealth,0e97c3445de8d887,
1970-02-19 00:00:00,,,0,,30001.0,2025-09-12 11:23:57.006,,com.sec.android.app.shealth,af759d32fe388d28,
1970-02-19 00:00:00,,,0,,30001.0,2025-09-12 13:14:08.741,,com.sec.android.app.shealth,ef252029c682871e,
1970-02-19 00:00:00,,,0,,30001.0,2025-09-09 17:14:33.193,,com.sec.android.app.shealth,b3cab9a9b20de842,
1970-02-19 00:00:00,,,0,,30001.0,2025-09-05 11:53:20.592,,com.sec.android.app.shealth,05e300642513b2f6,
1970-02-19 00:00:00,,,0,,30001.0,2025-09-18 18:31:19.807,,com.sec.android.app.shealth,cce84368b6d089e0,
1970-02-19 00:00:00,,,0,,30001.0,2025-09-19 12:55:51.488,,com.sec.android.app.shealth,cce84368b6d089e0,
1970-02-19 00:00:00,,,0,,30001.0,2025-09-30 11:10:40.934,,com.sec.android.app.shealth,f97a13577367c1d6,
1970-02-19 00:00:00,,,0,,30001.0,2025-09-30 14:15:34.545,,com.sec.android.app.shealth,f7ebd8cbe6eb3df8,
1970-02-19 00:00:00,,,0,,30001.0,2025-09-30 17:21:55.224,,com.sec.android.app.shealth,dc371291bd7ac8a2,
1970-02-19 00:00:00,,,0,,30001.0,2025-09-30 19:14:53.204,,com.sec.android.app.shealth,feff532714e9b11b,
1970-02-19 00:00:00,,,0,,30001.0,2025-10-01 09:18:00.987,,com.sec.android.app.shealth,05e300642513b2f6,
1970-02-19 00:00:00,,,0,,30001.0,2025-10-01 14:06:51.809,,com.sec.android.app.shealth,64ad95b5f35464a5,
1970-02-19 00:00:00,,,0,,30001.0,2025-10-01 17:05:22.875,,com.sec.android.app.shealth,64ad95b5f35464a5,
1970-02-19 00:00:00,,,0,,30001.0,2025-10-02 09:18:57.176,,com.sec.android.app.shealth,db58b6c40698d737,
1970-02-19 00:00:00,,,0,,30001.0,2025-10-02 15:34:02.415,,com.sec.android.app.shealth,f8aa7c4aac45462c,
1970-02-19 00:00:00,,,0,,30001.0,2025-10-02 17:21:58.951,,com.sec.android.app.shealth,de64346f732f769b,
1970-02-19 00:00:00,,,0,,30001.0,2025-10-03 14:49:29.939,,com.sec.android.app.shealth,64f5147f817f7ff8,
1970-02-19 00:00:00,,,0,,30001.0,2025-10-03 15:10:08.332,,com.sec.android.app.shealth,836ea26749e1e308,
1970-02-19 00:00:00,,,0,,30001.0,2025-10-03 17:40:02.610,,com.sec.android.app.shealth,b690285b6e60662d,
1970-02-19 00:00:00,,,0,,,2025-10-04 20:57:02.922,,com.sec.android.app.shealth,e7883461c2ffe115,
1970-02-19 00:00:00,,,0,,,2025-10-04 21:29:22.082,,com.sec.android.app.shealth,c5237c7c19cc06e4,
1970-02-19 00:00:00,,,0,,30001.0,2025-09-29 17:24:23.856,,com.sec.android.app.shealth,9687744815f62f21,
1970-02-19 00:00:00,,,0,,30001.0,2025-09-29 10:06:28.310,,com.sec.android.app.shealth,836ea26749e1e308,
1970-02-19 00:00:00,,,0,,,2025-09-28 21:26:37.467,,com.sec.android.app.shealth,12845c8e1fe232c3,
1970-02-19 00:00:00,,,0,,,2025-09-28 21:09:33.464,,com.sec.android.app.shealth,f2eb224e92ec4f95,
1970-02-19 00:00:00,,,0,,30001.0,2025-09-19 14:50:58.540,,com.sec.android.app.shealth,43b87f618caab482,
1970-02-19 00:00:00,,,0,,30001.0,2025-09-19 16:03:51.514,,com.sec.android.app.shealth,2ab13293652b41c0,
1970-02-19 00:00:00,,,0,,30001.0,2025-09-19 18:11:01.125,,com.sec.android.app.shealth,dc0ca0bbe9e0e5ef,
1970-02-19 00:00:00,,,0,,30001.0,2025-09-22 12:12:20.627,,com.sec.android.app.shealth,3bce3002c4bd1ac8,
1970-02-19 00:00:00,,,0,,30001.0,2025-09-23 14:16:48.137,,com.sec.android.app.shealth,7b748182fb711845,
1970-02-19 00:00:00,,,1,,30001.0,2025-09-24 10:44:43.780,,com.sec.android.app.shealth,43063911a23821ac,
1970-02-19 00:00:00,,,0,,30001.0,2025-09-24 12:11:22.166,,com.sec.android.app.shealth,a99479af5e9b150b,
1970-02-19 00:00:00,,,0,,30001.0,2025-09-19 09:09:18.525,,com.sec.android.app.shealth,836ea26749e1e308,
1970-02-19 00:00:00,,,0,,30001.0,2025-09-24 13:51:16.319,,com.sec.android.app.shealth,db58b6c40698d737,
1970-02-19 00:00:00,,,0,,30001.0,2025-09-25 09:25:52.717,,com.sec.android.app.shealth,8835383a0b916665,
1970-02-19 00:00:00,,,1,,30001.0,2025-09-25 14:04:26.814,,com.sec.android.app.shealth,,
1970-02-19 00:00:00,,,0,,30001.0,2025-09-26 09:41:43.110,,com.sec.android.app.shealth,17445e8d3ac69e93,
1970-02-19 00:00:00,,,0,,30001.0,2025-09-26 13:11:36.650,,com.sec.android.app.shealth,f7ebd8cbe6eb3df8,
1970-02-19 00:00:00,,,0,,30001.0,2025-09-26 15:10:09.888,,com.sec.android.app.shealth,12845c8e1fe232c3,
1970-02-19 00:00:00,,,0,,30001.0,2025-09-28 20:48:34.536,,com.sec.android.app.shealth,af759d32fe388d28,
1970-02-19 00:00:00,,,0,,,2025-09-28 20:56:02.919,,com.sec.android.app.shealth,98fc1dac2acea5b1,
1970-02-19 00:00:00,,,0,,30001.0,2025-09-24 16:04:53.746,,com.sec.android.app.shealth,257a85d35ed6a007,
1970-02-19 00:00:00,,,0,,30001.0,2025-09-03 17:59:37.552,,com.sec.android.app.shealth,21abb7c83b003f8a,
1970-02-19 00:00:00,,,0,,30001.0,2025-09-03 13:48:20.022,,com.sec.android.app.shealth,f7ebd8cbe6eb3df8,
1970-02-19 00:00:00,,,0,,30001.0,2025-09-03 13:02:02.387,,com.sec.android.app.shealth,ff33857db48c94bd,
1970-02-19 00:00:00,,,1,,30001.0,2025-08-08 12:27:26.245,,com.sec.android.app.shealth,,
1970-02-19 00:00:00,,,0,,30001.0,2025-08-06 04:54:35.081,,com.sec.android.app.shealth,40b2ddd4fee0a477,
1970-02-19 00:00:00,,,0,,30001.0,2025-08-06 12:37:24.782,,com.sec.android.app.shealth,4bf4f525504cc0a2,
1970-02-19 00:00:00,,,0,,30001.0,2025-08-07 09:17:51.938,,com.sec.android.app.shealth,de64346f732f769b,
1970-02-19 00:00:00,,,0,,30001.0,2025-08-08 12:27:20.576,,com.sec.android.app.shealth,1f3d64284bf97fbb,
1970-02-19 00:00:00,,,0,,30001.0,2025-08-08 15:47:01.066,,com.sec.android.app.shealth,21abb7c83b003f8a,
1970-02-19 00:00:00,,,0,,30001.0,2025-08-08 16:03:36.866,,com.sec.android.app.shealth,98f7b27b623938c7,
1970-02-19 00:00:00,,,0,,30001.0,2025-08-08 16:34:27.298,,com.sec.android.app.shealth,17445e8d3ac69e93,
1970-02-19 00:00:00,,,1,,30001.0,2025-08-11 16:45:30.225,,com.sec.android.app.shealth,,
1970-02-19 00:00:00,,,0,,30001.0,2025-08-11 18:52:32.916,,com.sec.android.app.shealth,42489eb6dca94885,
1970-02-19 00:00:00,,,0,,30001.0,2025-08-12 12:31:46.665,,com.sec.android.app.shealth,d411e0359eba8b3c,
1970-02-19 00:00:00,,,0,,30001.0,2025-08-12 12:53:10.759,,com.sec.android.app.shealth,ff33857db48c94bd,
1970-02-19 00:00:00,,,0,,30001.0,2025-08-12 17:18:08.417,,com.sec.android.app.shealth,55d58fdcf9edbf86,
1970-02-19 00:00:00,,,0,,30001.0,2025-08-13 09:05:44.942,,com.sec.android.app.shealth,4bf4f525504cc0a2,
1970-02-19 00:00:00,,,1,,30001.0,2025-08-13 17:51:41.580,,com.sec.android.app.shealth,,
1970-02-19 00:00:00,,,0,,30001.0,2025-08-05 14:23:45.462,,com.sec.android.app.shealth,f81b732a59389bd6,
1970-02-19 00:00:00,,,0,,,2025-08-05 13:46:17.450,,com.sec.android.app.shealth,6380b14ebfde66df,
1970-02-19 00:00:00,,,0,,30001.0,2025-08-05 10:33:59.212,,com.sec.android.app.shealth,d411e0359eba8b3c,
1970-02-19 00:00:00,,,0,,30001.0,2025-08-04 17:12:47.656,,com.sec.android.app.shealth,6e5f8fa0684c4deb,
1970-02-19 00:00:00,,,0,,30001.0,2025-07-28 17:08:26.357,,com.sec.android.app.shealth,2d260a611cf2195a,
1970-02-19 00:00:00,,,0,,30001.0,2025-07-28 19:43:33.203,,com.sec.android.app.shealth,9dd8463b809c97a8,
1970-02-19 00:00:00,,,0,,30001.0,2025-07-29 08:48:12.802,,com.sec.android.app.shealth,40b2ddd4fee0a477,
1970-02-19 00:00:00,,,0,,30001.0,2025-07-29 12:02:45.091,,com.sec.android.app.shealth,c455af0db9fd47d4,
1970-02-19 00:00:00,,,0,,30001.0,2025-07-29 13:14:27.509,,com.sec.android.app.shealth,ff2927a85a6b929a,
1970-02-19 00:00:00,,,0,,30001.0,2025-07-30 08:50:57.537,,com.sec.android.app.shealth,e0310ebb1fc1268f,
1970-02-19 00:00:00,,,0,,30001.0,2025-07-30 08:52:15.106,,com.sec.android.app.shealth,51997fabf4a2a798,
1970-02-19 00:00:00,,,0,,30001.0,2025-08-13 18:35:12.425,,com.sec.android.app.shealth,7b748182fb711845,
1970-02-19 00:00:00,,,0,,30001.0,2025-07-30 17:38:50.255,,com.sec.android.app.shealth,0b0675a8ffe068f7,
1970-02-19 00:00:00,,,0,,30001.0,2025-07-31 16:33:56.382,,com.sec.android.app.shealth,f30bbbf5c3ee8001,
1970-02-19 00:00:00,,,0,,30001.0,2025-07-31 17:02:11.481,,com.sec.android.app.shealth,18b8c806d6c26bc5,
1970-02-19 00:00:00,,,0,,30001.0,2025-08-01 20:46:45.514,,com.sec.android.app.shealth,40b2ddd4fee0a477,
1970-02-19 00:00:00,,,0,,30001.0,2025-08-03 11:50:13.189,,com.sec.android.app.shealth,05e300642513b2f6,
1970-02-19 00:00:00,,,0,,30001.0,2025-08-03 12:05:02.222,,com.sec.android.app.shealth,4bf4f525504cc0a2,
1970-02-19 00:00:00,,,0,,30001.0,2025-08-03 13:40:14.216,,com.sec.android.app.shealth,e1b1b8a0c864da5b,
1970-02-19 00:00:00,,,0,,30001.0,2025-08-03 18:10:25.082,,com.sec.android.app.shealth,66878467e390f206,
1970-02-19 00:00:00,,,0,,30001.0,2025-07-30 20:48:23.166,,com.sec.android.app.shealth,524f2d1faf8ba601,
1970-02-19 00:00:00,,,0,,30001.0,2025-08-14 08:25:50.989,,com.sec.android.app.shealth,4bf4f525504cc0a2,
1970-02-19 00:00:00,,,0,,30001.0,2025-08-14 17:54:15.061,,com.sec.android.app.shealth,b35c70042fb78628,
1970-02-19 00:00:00,,,0,,30001.0,2025-08-14 20:30:20.830,,com.sec.android.app.shealth,f37ecaa14348de6f,
1970-02-19 00:00:00,,,0,,30001.0,2025-08-25 13:01:13.087,,com.sec.android.app.shealth,abca6c3d36b80c93,
1970-02-19 00:00:00,,,0,,30001.0,2025-08-25 16:52:38.656,,com.sec.android.app.shealth,c32642d8514a611c,
1970-02-19 00:00:00,,,0,,30001.0,2025-08-25 18:48:17.363,,com.sec.android.app.shealth,8b4fbab93a03b25a,
1970-02-19 00:00:00,,,0,,30001.0,2025-08-26 11:44:42.813,,com.sec.android.app.shealth,6b8f9bbe2b292547,
1970-02-19 00:00:00,,,0,,30001.0,2025-08-26 17:09:35.612,,com.sec.android.app.shealth,17445e8d3ac69e93,
1970-02-19 00:00:00,,,0,,30001.0,2025-08-27 09:12:33.578,,com.sec.android.app.shealth,c23682d6bdb6c318,
1970-02-19 00:00:00,,,0,,30001.0,2025-08-27 18:16:18.940,,com.sec.android.app.shealth,a1f14e18710c3e9a,
1970-02-19 00:00:00,,,0,,30001.0,2025-08-25 11:54:14.434,,com.sec.android.app.shealth,d0436c33cdcd6e02,
1970-02-19 00:00:00,,,0,,30001.0,2025-08-27 20:43:14.300,,com.sec.android.app.shealth,12e829ae3cca4ac5,
1970-02-19 00:00:00,,,0,,30001.0,2025-08-29 18:35:45.073,,com.sec.android.app.shealth,d3e043eb6c9839b5,
1970-02-19 00:00:00,,,0,,30001.0,2025-08-31 21:29:55.016,,com.sec.android.app.shealth,877376d199fb306a,
1970-02-19 00:00:00,,,0,,30001.0,2025-09-01 09:34:36.006,,com.sec.android.app.shealth,c23682d6bdb6c318,
1970-02-19 00:00:00,,,0,,30001.0,2025-09-01 19:19:52.172,,com.sec.android.app.shealth,6380b14ebfde66df,
1970-02-19 00:00:00,,,0,,30001.0,2025-09-02 12:02:59.816,,com.sec.android.app.shealth,836ea26749e1e308,
1970-02-19 00:00:00,,,0,,30001.0,2025-09-02 17:20:53.965,,com.sec.android.app.shealth,c455af0db9fd47d4,
1970-02-19 00:00:00,,,0,,30001.0,2025-09-02 20:03:42.471,,com.sec.android.app.shealth,c470df7e957a9623,
1970-02-19 00:00:00,,,0,,30001.0,2025-08-29 16:28:15.860,,com.sec.android.app.shealth,c5237c7c19cc06e4,
1970-02-19 00:00:00,,,0,,30001.0,2025-10-06 10:40:30.705,,com.sec.android.app.shealth,cbce07d8c6a4613f,
1970-02-19 00:00:00,,,0,,30001.0,2025-08-25 11:34:14.446,,com.sec.android.app.shealth,96898cc4137f6373,
1970-02-19 00:00:00,,,0,,30001.0,2025-08-22 18:55:43.859,,com.sec.android.app.shealth,ff7e658296b0b30d,
1970-02-19 00:00:00,,,0,,30001.0,2025-08-15 10:59:49.223,,com.sec.android.app.shealth,6b8f9bbe2b292547,
1970-02-19 00:00:00,,,0,,30001.0,2025-08-15 11:55:23.284,,com.sec.android.app.shealth,af759d32fe388d28,
1970-02-19 00:00:00,,,1,,30001.0,2025-08-15 17:15:43.665,,com.sec.android.app.shealth,,
1970-02-19 00:00:00,,,0,,30001.0,2025-08-15 17:24:01.073,,com.sec.android.app.shealth,43b87f618caab482,
1970-02-19 00:00:00,,,0,,30001.0,2025-08-15 20:31:10.060,,com.sec.android.app.shealth,c219672534f02fc8,
1970-02-19 00:00:00,,,1,,30001.0,2025-08-18 12:35:00.683,,com.sec.android.app.shealth,,
1970-02-19 00:00:00,,,1,,30001.0,2025-08-19 17:54:57.270,,com.sec.android.app.shealth,,
1970-02-19 00:00:00,,,0,,30001.0,2025-08-25 09:22:19.936,,com.sec.android.app.shealth,feff532714e9b11b,
1970-02-19 00:00:00,,,0,,,2025-08-16 20:38:00.148,,com.sec.android.app.shealth,43b87f618caab482,
1970-02-19 00:00:00,,,0,,30001.0,2025-08-18 12:31:17.033,,com.sec.android.app.shealth,ab3dad69c70ea5b5,
1970-02-19 00:00:00,,,0,,30001.0,2025-08-19 17:55:28.128,,com.sec.android.app.shealth,e7883461c2ffe115,
1970-02-19 00:00:00,,,0,,30001.0,2025-08-19 20:31:01.641,,com.sec.android.app.shealth,19bb51833bc563d5,
1970-02-19 00:00:00,,,0,,30001.0,2025-08-20 17:19:27.121,,com.sec.android.app.shealth,c23682d6bdb6c318,
1970-02-19 00:00:00,,,0,,30001.0,2025-08-21 18:03:38.974,,com.sec.android.app.shealth,58928b600aad6f6a,
1970-02-19 00:00:00,,,0,,30001.0,2025-08-21 20:48:15.617,,com.sec.android.app.shealth,94eac7097bce2601,
1970-02-19 00:00:00,,,0,,30001.0,2025-08-22 16:53:30.370,,com.sec.android.app.shealth,ec2454702ec740f5,
1970-02-19 00:00:00,,,0,,,2025-08-16 21:31:06.161,,com.sec.android.app.shealth,c23682d6bdb6c318,
1970-02-19 00:00:00,,,0,,30001.0,2025-10-06 15:11:49.611,,com.sec.android.app.shealth,2ab13293652b41c0,
1970-02-19 00:00:00,,,0,,30001.0,2025-10-07 15:00:30.299,,com.sec.android.app.shealth,923a961e8b4ab2d7,
1970-02-19 00:00:00,,,0,,30001.0,2025-10-08 16:05:55.596,,com.sec.android.app.shealth,f7ebd8cbe6eb3df8,
1970-02-19 00:00:00,,,1,,30001.0,2026-01-19 10:07:47.737,,com.sec.android.app.shealth,,
1970-02-19 00:00:00,,,0,,30001.0,2026-01-19 11:49:52.982,,com.sec.android.app.shealth,21abb7c83b003f8a,
1970-02-19 00:00:00,,,0,,30001.0,2026-01-19 20:12:41.408,,com.sec.android.app.shealth,a2e4faf67bcdb6ba,
1970-02-19 00:00:00,,,0,,30001.0,2026-01-20 09:00:26.326,,com.sec.android.app.shealth,dc0ca0bbe9e0e5ef,
1970-02-19 00:00:00,,,0,,30001.0,2026-01-20 13:10:11.811,,com.sec.android.app.shealth,11a86311d39aaaf9,
1970-02-19 00:00:00,,,0,,30001.0,2026-01-20 14:20:31.212,,com.sec.android.app.shealth,40b2ddd4fee0a477,
1970-02-19 00:00:00,,,0,,30001.0,2026-01-20 14:41:07.713,,com.sec.android.app.shealth,6ae85ab2acc3965f,
1970-02-19 00:00:00,,,0,,30001.0,2026-01-20 15:14:36.034,,com.sec.android.app.shealth,11a86311d39aaaf9,
1970-02-19 00:00:00,,,0,,30001.0,2026-01-21 17:36:34.902,,com.sec.android.app.shealth,ee36dd09533bf8d7,
1970-02-19 00:00:00,,,0,,30001.0,2026-01-22 11:09:24.857,,com.sec.android.app.shealth,f97a13577367c1d6,
1970-02-19 00:00:00,,,0,,30001.0,2026-01-22 18:26:02.912,,com.sec.android.app.shealth,40b2ddd4fee0a477,
1970-02-19 00:00:00,,,0,,30001.0,2026-01-23 09:14:25.955,,com.sec.android.app.shealth,17445e8d3ac69e93,
1970-02-19 00:00:00,,,0,,30001.0,2026-01-26 14:15:53.287,,com.sec.android.app.shealth,da31577046703d4f,
1970-02-19 00:00:00,,,0,,30001.0,2026-01-26 16:32:08.757,,com.sec.android.app.shealth,11a86311d39aaaf9,
1970-02-19 00:00:00,,,0,,30001.0,2026-01-27 15:15:39.528,,com.sec.android.app.shealth,7b748182fb711845,
1970-02-19 00:00:00,,,0,,30001.0,2026-01-14 19:17:45.908,,com.sec.android.app.shealth,c3848f1b7caa9d9c,
1970-02-19 00:00:00,,,0,,30001.0,2026-01-14 13:56:39.888,,com.sec.android.app.shealth,c23682d6bdb6c318,
1970-02-19 00:00:00,,,0,,30001.0,2026-01-11 08:21:32.806,,com.sec.android.app.shealth,4bf4f525504cc0a2,
1970-02-19 00:00:00,,,0,,,2026-01-10 15:54:51.232,,com.sec.android.app.shealth,59f01046c7dc109d,
1970-02-19 00:00:00,,,1,,30001.0,2026-01-03 18:12:12.325,,com.sec.android.app.shealth,,
1970-02-19 00:00:00,,,1,,30001.0,2026-01-04 05:43:05.877,,com.sec.android.app.shealth,,
1970-02-19 00:00:00,,,1,,30001.0,2026-01-04 16:18:24.469,,com.sec.android.app.shealth,,
1970-02-19 00:00:00,,,0,,30001.0,2026-01-03 17:30:45.863,,com.sec.android.app.shealth,1f3d64284bf97fbb,
1970-02-19 00:00:00,,,0,,30001.0,2026-01-03 18:13:11.461,,com.sec.android.app.shealth,5d6ba45ee1d5e169,
1970-02-19 00:00:00,,,0,,30001.0,2026-01-04 07:24:23.414,,com.sec.android.app.shealth,b690285b6e60662d,
1970-02-19 00:00:00,,,0,,30001.0,2026-01-04 17:39:00.862,,com.sec.android.app.shealth,648e5bca018ffe4b,
1970-02-19 00:00:00,,,0,,30001.0,2026-01-27 18:19:08.408,,com.sec.android.app.shealth,a99479af5e9b150b,
1970-02-19 00:00:00,,,0,,30001.0,2026-01-05 07:35:00.300,,com.sec.android.app.shealth,2e12c864ec5ae8d3,
1970-02-19 00:00:00,,,1,,30001.0,2026-01-06 06:00:47.021,,com.sec.android.app.shealth,,
1970-02-19 00:00:00,,,1,,30001.0,2026-01-06 06:34:36.581,,com.sec.android.app.shealth,,
1970-02-19 00:00:00,,,0,,30001.0,2026-01-06 05:56:32.005,,com.sec.android.app.shealth,e7883461c2ffe115,
1970-02-19 00:00:00,,,0,,30001.0,2026-01-06 06:24:18.939,,com.sec.android.app.shealth,b35c70042fb78628,
1970-02-19 00:00:00,,,0,,30001.0,2026-01-07 12:11:50.104,,com.sec.android.app.shealth,dc0ca0bbe9e0e5ef,
1970-02-19 00:00:00,,,0,,30001.0,2026-01-07 13:27:26.559,,com.sec.android.app.shealth,f97a13577367c1d6,
1970-02-19 00:00:00,,,0,,30001.0,2026-01-08 15:52:30.033,,com.sec.android.app.shealth,c23682d6bdb6c318,
1970-02-19 00:00:00,,,1,,30001.0,2026-01-05 15:14:43.019,,com.sec.android.app.shealth,,
1970-02-19 00:00:00,,,0,,30001.0,2026-01-27 20:12:54.850,,com.sec.android.app.shealth,257a85d35ed6a007,
1970-02-19 00:00:00,,,0,,30001.0,2026-01-28 09:51:16.444,,com.sec.android.app.shealth,8a5fce207078baec,
1970-02-19 00:00:00,,,0,,,2026-01-28 12:18:22.087,,com.sec.android.app.shealth,652b1b5987cf0982,
1970-02-19 00:00:00,,,0,,30001.0,2026-02-12 12:07:02.962,,com.sec.android.app.shealth,4bf4f525504cc0a2,
1970-02-19 00:00:00,,,0,,,2026-02-12 14:28:31.260,,com.sec.android.app.shealth,7c46a1228dc9ae06,
1970-02-19 00:00:00,,,0,,30001.0,2026-02-12 15:37:31.157,,com.sec.android.app.shealth,40b2ddd4fee0a477,
1970-02-19 00:00:00,,,0,,,2026-02-13 10:22:42.813,,com.sec.android.app.shealth,ab4290bd1287b004,
1970-02-19 00:00:00,,,0,,,2026-02-13 11:04:45.838,,com.sec.android.app.shealth,5bae28d306e64715,
1970-02-19 00:00:00,,,0,,30001.0,2026-02-14 14:02:55.027,,com.sec.android.app.shealth,c23682d6bdb6c318,
1970-02-19 00:00:00,,,0,,,2026-02-14 19:58:59.265,,com.sec.android.app.shealth,43b87f618caab482,
1970-02-19 00:00:00,,,0,,30001.0,2026-02-11 17:56:58.308,,com.sec.android.app.shealth,a7edee2b6387207a,
1970-02-19 00:00:00,,,0,,30001.0,2026-02-14 20:19:50.808,,com.sec.android.app.shealth,c455af0db9fd47d4,
1970-02-19 00:00:00,,,0,,30001.0,2026-02-16 18:03:30.900,,com.sec.android.app.shealth,af2ed71d9f731460,
1970-02-19 00:00:00,,,0,,30001.0,2026-02-18 15:00:11.954,,com.sec.android.app.shealth,a99479af5e9b150b,
1970-02-19 00:00:00,,,0,,30001.0,2026-02-18 15:14:22.221,,com.sec.android.app.shealth,6b8f9bbe2b292547,
1970-02-19 00:00:00,,,0,,30001.0,2026-02-18 19:28:37.971,,com.sec.android.app.shealth,025c7187d3c75c4a,
1970-02-19 00:00:00,,,1,,30001.0,2026-02-19 11:27:45.662,,com.sec.android.app.shealth,,
1970-02-19 00:00:00,,,1,,30001.0,2026-02-19 12:12:15.231,,com.sec.android.app.shealth,,
1970-02-19 00:00:00,,,0,,30001.0,2026-02-19 12:45:54.453,,com.sec.android.app.shealth,66b68a0f6d60aeb6,
1970-02-19 00:00:00,,,0,,30001.0,2026-02-14 21:03:13.764,,com.sec.android.app.shealth,257a85d35ed6a007,
1970-02-19 00:00:00,,,0,,,2026-01-01 09:20:10.308,,com.sec.android.app.shealth,64f5147f817f7ff8,
1970-02-19 00:00:00,,,0,,,2026-02-11 12:57:52.153,,com.sec.android.app.shealth,abca6c3d36b80c93,
1970-02-19 00:00:00,,,0,,30001.0,2026-02-10 22:26:46.085,,com.sec.android.app.shealth,b6ba2b4c0052ec78,
1970-02-19 00:00:00,,,0,,30001.0,2026-01-28 18:00:25.522,,com.sec.android.app.shealth,af759d32fe388d28,
1970-02-19 00:00:00,,,0,,30001.0,2026-01-28 18:48:32.466,,com.sec.android.app.shealth,e7883461c2ffe115,
1970-02-19 00:00:00,,,0,,30001.0,2026-01-30 09:31:29.969,,com.sec.android.app.shealth,e7883461c2ffe115,
1970-02-19 00:00:00,,,0,,30001.0,2026-01-30 21:49:57.191,,com.sec.android.app.shealth,d66c790218a5b3ab,
1970-02-19 00:00:00,,,0,,30001.0,2026-02-03 14:05:00.840,,com.sec.android.app.shealth,2ab13293652b41c0,
1970-02-19 00:00:00,,,0,,30001.0,2026-02-03 17:46:52.757,,com.sec.android.app.shealth,1602b25d2c3d94e3,
1970-02-19 00:00:00,,,0,,30001.0,2026-02-04 19:08:39.078,,com.sec.android.app.shealth,7b748182fb711845,
1970-02-19 00:00:00,,,0,,30001.0,2026-02-11 12:17:18.257,,com.sec.android.app.shealth,aa6011c2837aee81,
1970-02-19 00:00:00,,,0,,30001.0,2026-02-06 11:20:13.572,,com.sec.android.app.shealth,f8aa7c4aac45462c,
1970-02-19 00:00:00,,,0,,,2026-02-06 16:41:32.287,,com.sec.android.app.shealth,836ea26749e1e308,
1970-02-19 00:00:00,,,0,,30001.0,2026-02-08 00:52:56.158,,com.sec.android.app.shealth,d463400985c35501,
1970-02-19 00:00:00,,,0,,30001.0,2026-02-09 14:13:38.849,,com.sec.android.app.shealth,aeaf1c3710cef6c0,
1970-02-19 00:00:00,,,0,,30001.0,2026-02-09 17:33:44.636,,com.sec.android.app.shealth,0277775ef47aabfd,
1970-02-19 00:00:00,,,0,,30001.0,2026-02-09 18:03:31.243,,com.sec.android.app.shealth,98f7b27b623938c7,
1970-02-19 00:00:00,,,1,,30001.0,2026-02-10 18:40:00.972,,com.sec.android.app.shealth,,
1970-02-19 00:00:00,,,0,,30001.0,2026-02-10 18:26:29.477,,com.sec.android.app.shealth,5afc581cc9ea399a,
1970-02-19 00:00:00,,,0,,30001.0,2026-02-06 15:05:47.859,,com.sec.android.app.shealth,b427d978ccdd416e,
1970-02-19 00:00:00,,,0,,,2025-07-25 19:19:34.855,,com.sec.android.app.shealth,05dc715fa1217f50,
1970-02-19 00:00:00,,,0,,,2025-12-31 17:42:14.786,,com.sec.android.app.shealth,ef62ad5b0120877e,
1970-02-19 00:00:00,,,0,,30001.0,2025-12-30 07:41:45.830,,com.sec.android.app.shealth,db58b6c40698d737,
1970-02-19 00:00:00,,,0,,30001.0,2025-10-25 18:38:13.415,,com.sec.android.app.shealth,257a85d35ed6a007,
1970-02-19 00:00:00,,,0,,30001.0,2025-10-27 09:46:55.538,,com.sec.android.app.shealth,f97a13577367c1d6,
1970-02-19 00:00:00,,,0,,30001.0,2025-10-29 12:56:24.255,,com.sec.android.app.shealth,f7442a56777a64d2,
1970-02-19 00:00:00,,,0,,,2025-10-29 22:07:37.494,,com.sec.android.app.shealth,abca6c3d36b80c93,
1970-02-19 00:00:00,,,0,,30001.0,2025-11-04 15:19:43.113,,com.sec.android.app.shealth,db58b6c40698d737,
1970-02-19 00:00:00,,,0,,30001.0,2025-11-04 16:36:14.515,,com.sec.android.app.shealth,4996f6ddbd9d1471,
1970-02-19 00:00:00,,,0,,30001.0,2025-11-05 17:05:46.034,,com.sec.android.app.shealth,7b748182fb711845,
1970-02-19 00:00:00,,,0,,30001.0,2025-11-05 18:06:05.079,,com.sec.android.app.shealth,05e300642513b2f6,
1970-02-19 00:00:00,,,0,,30001.0,2025-11-06 19:29:24.999,,com.sec.android.app.shealth,ebd321275d4b0948,
1970-02-19 00:00:00,,,0,,30001.0,2025-11-07 10:56:30.103,,com.sec.android.app.shealth,64ad95b5f35464a5,
1970-02-19 00:00:00,,,1,,30001.0,2025-11-07 18:28:00.617,,com.sec.android.app.shealth,31e4c1531c0c0b82,
1970-02-19 00:00:00,,,1,,30001.0,2025-11-09 10:35:01.242,,com.sec.android.app.shealth,,
1970-02-19 00:00:00,,,1,,30001.0,2025-11-09 13:18:41.731,,com.sec.android.app.shealth,,
1970-02-19 00:00:00,,,0,,30001.0,2025-11-09 10:40:54.055,,com.sec.android.app.shealth,e1b1b8a0c864da5b,
1970-02-19 00:00:00,,,0,,30001.0,2025-11-09 12:29:07.786,,com.sec.android.app.shealth,aad18c32ecbddd8e,
1970-02-19 00:00:00,,,0,,30001.0,2025-10-24 15:25:51.039,,com.sec.android.app.shealth,ff33857db48c94bd,
1970-02-19 00:00:00,,,1,,30001.0,2025-10-24 15:22:50.837,,com.sec.android.app.shealth,,
1970-02-19 00:00:00,,,0,,30001.0,2025-10-24 13:10:38.696,,com.sec.android.app.shealth,836ea26749e1e308,
1970-02-19 00:00:00,,,0,,30001.0,2025-10-23 17:36:57.926,,com.sec.android.app.shealth,96b8102edcc2f53b,
1970-02-19 00:00:00,,,0,,30001.0,2025-10-08 17:06:30.650,,com.sec.android.app.shealth,7b748182fb711845,
1970-02-19 00:00:00,,,0,,30001.0,2025-10-09 19:19:34.879,,com.sec.android.app.shealth,a99479af5e9b150b,
1970-02-19 00:00:00,,,1,,30001.0,2025-10-10 20:33:28.508,,com.sec.android.app.shealth,,
1970-02-19 00:00:00,,,0,,30001.0,2025-10-09 22:16:34.154,,com.sec.android.app.shealth,d79434f4278fa661,
1970-02-19 00:00:00,,,0,,30001.0,2025-10-13 15:42:28.451,,com.sec.android.app.shealth,afa4c2a309b4ce06,
1970-02-19 00:00:00,,,0,,30001.0,2025-10-15 12:09:09.950,,com.sec.android.app.shealth,c23682d6bdb6c318,
1970-02-19 00:00:00,,,0,,30001.0,2025-10-15 15:01:21.163,,com.sec.android.app.shealth,64ad95b5f35464a5,
1970-02-19 00:00:00,,,0,,30001.0,2025-11-11 12:40:47.934,,com.sec.android.app.shealth,c5237c7c19cc06e4,
1970-02-19 00:00:00,,,0,,30001.0,2025-10-15 18:00:49.246,,com.sec.android.app.shealth,4bf4f525504cc0a2,
1970-02-19 00:00:00,,,0,,30001.0,2025-10-16 21:11:41.156,,com.sec.android.app.shealth,f7ebd8cbe6eb3df8,
1970-02-19 00:00:00,,,0,,30001.0,2025-10-17 11:31:52.546,,com.sec.android.app.shealth,9ff0e3599d4f6552,
1970-02-19 00:00:00,,,0,,30001.0,2025-10-17 13:57:44.562,,com.sec.android.app.shealth,05e300642513b2f6,
1970-02-19 00:00:00,,,0,,30001.0,2025-10-22 10:55:44.030,,com.sec.android.app.shealth,17445e8d3ac69e93,
1970-02-19 00:00:00,,,0,,30001.0,2025-10-22 15:01:56.898,,com.sec.android.app.shealth,feff532714e9b11b,
1970-02-19 00:00:00,,,0,,30001.0,2025-10-22 16:13:52.885,,com.sec.android.app.shealth,11a86311d39aaaf9,
1970-02-19 00:00:00,,,0,,30001.0,2025-10-22 17:04:22.342,,com.sec.android.app.shealth,40b2ddd4fee0a477,
1970-02-19 00:00:00,,,0,,30001.0,2025-10-16 17:43:54.359,,com.sec.android.app.shealth,c3848f1b7caa9d9c,
1970-02-19 00:00:00,,,0,,30001.0,2025-11-11 15:15:24.294,,com.sec.android.app.shealth,2e12c864ec5ae8d3,
1970-02-19 00:00:00,,,0,,30001.0,2025-11-12 09:02:46.536,,com.sec.android.app.shealth,17445e8d3ac69e93,
1970-02-19 00:00:00,,,0,,30001.0,2025-11-12 15:08:16.362,,com.sec.android.app.shealth,3c402a1614ae8443,
1970-02-19 00:00:00,,,0,,30001.0,2025-12-01 17:53:27.449,,com.sec.android.app.shealth,c83ba7181764d320,
1970-02-19 00:00:00,,,1,,30001.0,2025-12-01 21:13:17.216,,com.sec.android.app.shealth,6dec509006670bda,
1970-02-19 00:00:00,,,0,,30001.0,2025-12-02 08:57:47.389,,com.sec.android.app.shealth,4bf4f525504cc0a2,
1970-02-19 00:00:00,,,0,,30001.0,2025-12-02 19:47:17.102,,com.sec.android.app.shealth,12845c8e1fe232c3,
1970-02-19 00:00:00,,,0,,30001.0,2025-12-03 20:03:24.063,,com.sec.android.app.shealth,2ab13293652b41c0,
1970-02-19 00:00:00,,,0,,30001.0,2025-12-05 17:09:17.944,,com.sec.android.app.shealth,dc0ca0bbe9e0e5ef,
1970-02-19 00:00:00,,,0,,30001.0,2025-12-11 19:34:58.776,,com.sec.android.app.shealth,05e300642513b2f6,
1970-02-19 00:00:00,,,0,,30001.0,2025-12-01 17:25:11.783,,com.sec.android.app.shealth,ef200d24a60e6310,
1970-02-19 00:00:00,,,0,,30001.0,2025-12-17 17:40:52.064,,com.sec.android.app.shealth,92d81e059c410ad9,
1970-02-19 00:00:00,,,0,,30001.0,2025-12-18 14:42:22.570,,com.sec.android.app.shealth,4bf4f525504cc0a2,
1970-02-19 00:00:00,,,0,,30001.0,2025-12-18 15:16:13.196,,com.sec.android.app.shealth,184999fc4112ff83,
1970-02-19 00:00:00,,,0,,30001.0,2025-12-19 19:16:27.681,,com.sec.android.app.shealth,c83ba7181764d320,
1970-02-19 00:00:00,,,0,,30001.0,2025-12-22 15:17:47.409,,com.sec.android.app.shealth,6ae85ab2acc3965f,
1970-02-19 00:00:00,,,0,,30001.0,2025-12-22 20:31:30.547,,com.sec.android.app.shealth,40b2ddd4fee0a477,
1970-02-19 00:00:00,,,1,,30001.0,2025-12-27 17:44:50.207,,com.sec.android.app.shealth,,
1970-02-19 00:00:00,,,0,,30001.0,2025-12-27 17:42:37.359,,com.sec.android.app.shealth,0589abecb964e139,
1970-02-19 00:00:00,,,0,,30001.0,2025-12-18 13:04:37.934,,com.sec.android.app.shealth,4cf04b118f5e7bc5,
1970-02-19 00:00:00,,,0,,30001.0,2025-12-30 14:17:26.204,,com.sec.android.app.shealth,2ab13293652b41c0,
1970-02-19 00:00:00,,,0,,30001.0,2025-12-01 16:33:43.904,,com.sec.android.app.shealth,0b9d95512b4384db,
1970-02-19 00:00:00,,,1,,30001.0,2025-12-01 14:21:27.409,,com.sec.android.app.shealth,,
1970-02-19 00:00:00,,,1,,30001.0,2025-11-16 13:32:14.349,,com.sec.android.app.shealth,,
1970-02-19 00:00:00,,,0,,30001.0,2025-11-16 11:52:39.147,,com.sec.android.app.shealth,c455af0db9fd47d4,
1970-02-19 00:00:00,,,0,,30001.0,2025-11-16 13:34:03.067,,com.sec.android.app.shealth,c3848f1b7caa9d9c,
1970-02-19 00:00:00,,,0,,30001.0,2025-11-16 17:44:50.289,,com.sec.android.app.shealth,b35c70042fb78628,
1970-02-19 00:00:00,,,0,,30001.0,2025-11-17 11:30:20.265,,com.sec.android.app.shealth,98f7b27b623938c7,
1970-02-19 00:00:00,,,0,,30001.0,2025-11-18 12:06:41.481,,com.sec.android.app.shealth,6b8f9bbe2b292547,
1970-02-19 00:00:00,,,0,,30001.0,2025-11-18 15:11:39.929,,com.sec.android.app.shealth,b29984841e527bb2,
1970-02-19 00:00:00,,,0,,30001.0,2025-12-01 14:18:50.431,,com.sec.android.app.shealth,814ed67f994391ff,
1970-02-19 00:00:00,,,0,,30001.0,2025-11-18 15:42:42.310,,com.sec.android.app.shealth,f8441a1423474474,
1970-02-19 00:00:00,,,0,,30001.0,2025-11-20 17:42:06.509,,com.sec.android.app.shealth,17445e8d3ac69e93,
1970-02-19 00:00:00,,,0,,30001.0,2025-11-20 19:34:03.040,,com.sec.android.app.shealth,17445e8d3ac69e93,
1970-02-19 00:00:00,,,0,,30001.0,2025-11-21 11:44:07.275,,com.sec.android.app.shealth,af759d32fe388d28,
1970-02-19 00:00:00,,,0,,30001.0,2025-11-21 12:36:51.951,,com.sec.android.app.shealth,fd91ce9f7f9b8567,
1970-02-19 00:00:00,,,0,,30001.0,2025-11-21 17:14:22.242,,com.sec.android.app.shealth,f81b732a59389bd6,
1970-02-19 00:00:00,,,0,,30001.0,2025-11-21 17:56:16.554,,com.sec.android.app.shealth,2e12c864ec5ae8d3,
1970-02-19 00:00:00,,,0,,30001.0,2025-11-28 20:23:16.058,,com.sec.android.app.shealth,6b8f9bbe2b292547,
1970-02-19 00:00:00,,,0,,30001.0,2025-11-20 17:06:17.387,,com.sec.android.app.shealth,4bf4f525504cc0a2,
1970-02-19 00:00:00,,,0,,30001.0,2025-01-30 10:03:27.278,,com.sec.android.app.shealth,9f3afa190f42eb61,
1970-02-19 00:00:00,,,0,,,2025-07-25 18:42:22.817,,com.sec.android.app.shealth,fcfca1b44b72c725,
1970-02-19 00:00:00,,,0,,30001.0,2025-07-25 18:16:12.603,,com.sec.android.app.shealth,c23682d6bdb6c318,
1970-02-19 00:00:00,,,0,,30001.0,2025-03-06 19:30:57.248,,com.sec.android.app.shealth,4bf4f525504cc0a2,
1970-02-19 00:00:00,,,0,,30001.0,2025-03-07 10:25:02.391,,com.sec.android.app.shealth,db58b6c40698d737,
1970-02-19 00:00:00,,,0,,30001.0,2025-03-06 13:20:26.522,,com.sec.android.app.shealth,db58b6c40698d737,
1970-02-19 00:00:00,,,0,,30001.0,2025-03-06 19:00:47.954,,com.sec.android.app.shealth,a99479af5e9b150b,
1970-02-19 00:00:00,,,0,,30001.0,2025-03-06 13:54:30.866,,com.sec.android.app.shealth,c0faa5f07166b1df,
1970-02-19 00:00:00,,,0,,30001.0,2025-03-06 16:35:56.879,,com.sec.android.app.shealth,836ea26749e1e308,
1970-02-19 00:00:00,,,0,,30001.0,2025-03-10 11:05:50.028,,com.sec.android.app.shealth,feff532714e9b11b,
1970-02-19 00:00:00,,,0,,30001.0,2025-03-07 14:01:32.860,,com.sec.android.app.shealth,a99479af5e9b150b,
1970-02-19 00:00:00,,,0,,30001.0,2025-03-07 12:13:34.068,,com.sec.android.app.shealth,6ae85ab2acc3965f,
1970-02-19 00:00:00,,,0,,30001.0,2025-03-13 15:43:10.849,,com.sec.android.app.shealth,c23682d6bdb6c318,
1970-02-19 00:00:00,,,0,,30001.0,2025-03-07 15:58:34.340,,com.sec.android.app.shealth,025c7187d3c75c4a,
1970-02-19 00:00:00,,,0,,30001.0,2025-03-07 02:13:40.510,,com.sec.android.app.shealth,2e12c864ec5ae8d3,
1970-02-19 00:00:00,,,0,,,2025-03-11 12:03:59.102,,com.sec.android.app.shealth,781ec2634e8627ee,
1970-02-19 00:00:00,,,0,,30001.0,2025-03-07 13:46:10.505,,com.sec.android.app.shealth,3311663049fc19e9,
1970-02-19 00:00:00,,,0,,30001.0,2025-03-11 13:59:07.815,,com.sec.android.app.shealth,64f5147f817f7ff8,
1970-02-19 00:00:00,,,1,,30001.0,2025-03-06 19:31:02.246,,com.sec.android.app.shealth,,
1970-02-19 00:00:00,,,0,,30001.0,2025-03-06 18:42:01.381,,com.sec.android.app.shealth,c5237c7c19cc06e4,
1970-02-19 00:00:00,,,1,,30001.0,2025-03-06 13:50:04.097,,com.sec.android.app.shealth,,
1970-02-19 00:00:00,,,0,,30001.0,2025-03-06 17:42:08.627,,com.sec.android.app.shealth,2e12c864ec5ae8d3,
1970-02-19 00:00:00,,,0,,30001.0,2025-03-03 12:47:33.548,,com.sec.android.app.shealth,870695b2cff02240,
1970-02-19 00:00:00,,,0,,30001.0,2025-02-28 19:07:25.885,,com.sec.android.app.shealth,10932303218f2a9b,
1970-02-19 00:00:00,,,0,,30001.0,2025-02-28 18:24:37.682,,com.sec.android.app.shealth,c3848f1b7caa9d9c,
1970-02-19 00:00:00,,,0,,30001.0,2025-03-03 13:43:17.111,,com.sec.android.app.shealth,4bf4f525504cc0a2,
1970-02-19 00:00:00,,,0,,30001.0,2025-03-03 16:21:52.329,,com.sec.android.app.shealth,64ad95b5f35464a5,
1970-02-19 00:00:00,,,0,,30001.0,2025-03-03 13:02:04.849,,com.sec.android.app.shealth,a99479af5e9b150b,
1970-02-19 00:00:00,,,0,,30001.0,2025-03-01 13:48:39.644,,com.sec.android.app.shealth,55d58fdcf9edbf86,
1970-02-19 00:00:00,,,0,,30001.0,2025-03-07 16:31:15.058,,com.sec.android.app.shealth,abca6c3d36b80c93,
1970-02-19 00:00:00,,,1,,30001.0,2025-03-04 17:31:15.304,,com.sec.android.app.shealth,,
1970-02-19 00:00:00,,,0,,30001.0,2025-03-04 13:01:31.619,,com.sec.android.app.shealth,6ae85ab2acc3965f,
1970-02-19 00:00:00,,,0,,30001.0,2025-03-04 19:45:18.158,,com.sec.android.app.shealth,cce84368b6d089e0,
1970-02-19 00:00:00,,,0,,30001.0,2025-03-04 20:41:12.104,,com.sec.android.app.shealth,5ea2ed9b13224d64,
1970-02-19 00:00:00,,,0,,30001.0,2025-03-05 09:18:49.994,,com.sec.android.app.shealth,feff532714e9b11b,
1970-02-19 00:00:00,,,0,,30001.0,2025-03-05 11:09:30.316,,com.sec.android.app.shealth,7665a1519d9063ed,
1970-02-19 00:00:00,,,0,,30001.0,2025-03-05 14:06:15.033,,com.sec.android.app.shealth,dc0ca0bbe9e0e5ef,
1970-02-19 00:00:00,,,0,,30001.0,2025-03-06 00:54:58.513,,com.sec.android.app.shealth,4bf4f525504cc0a2,
1970-02-19 00:00:00,,,0,,30001.0,2025-03-04 10:10:03.555,,com.sec.android.app.shealth,17445e8d3ac69e93,
1970-02-19 00:00:00,,,0,,30001.0,2025-02-28 17:25:51.132,,com.sec.android.app.shealth,5afc581cc9ea399a,
1970-02-19 00:00:00,,,0,,30001.0,2025-03-15 14:25:13.461,,com.sec.android.app.shealth,c23682d6bdb6c318,
1970-02-19 00:00:00,,,1,,30001.0,2025-03-18 13:53:47.044,,com.sec.android.app.shealth,,
1970-02-19 00:00:00,,,0,,30001.0,2025-03-20 09:57:04.876,,com.sec.android.app.shealth,55d58fdcf9edbf86,
1970-02-19 00:00:00,,,0,,30001.0,2025-03-22 16:33:30.021,,com.sec.android.app.shealth,814ed67f994391ff,
1970-02-19 00:00:00,,,0,,30001.0,2025-03-24 16:06:48.112,,com.sec.android.app.shealth,2d260a611cf2195a,
1970-02-19 00:00:00,,,0,,30001.0,2025-03-24 13:08:22.551,,com.sec.android.app.shealth,a99479af5e9b150b,
1970-02-19 00:00:00,,,0,,,2025-03-22 23:50:06.068,,com.sec.android.app.shealth,6d75239298a7971d,
1970-02-19 00:00:00,,,0,,30001.0,2025-03-22 17:00:57.038,,com.sec.android.app.shealth,f30bbbf5c3ee8001,
1970-02-19 00:00:00,,,0,,30001.0,2025-03-24 17:35:48.918,,com.sec.android.app.shealth,c915025295d5f92b,
1970-02-19 00:00:00,,,0,,30001.0,2025-03-15 19:16:18.721,,com.sec.android.app.shealth,329148c33e9f1229,
1970-02-19 00:00:00,,,0,,30001.0,2025-03-21 17:49:47.982,,com.sec.android.app.shealth,f97a13577367c1d6,
1970-02-19 00:00:00,,,0,,30001.0,2025-03-19 19:01:36.916,,com.sec.android.app.shealth,7b167d6e26f48768,
1970-02-19 00:00:00,,,0,,30001.0,2025-03-24 17:58:50.894,,com.sec.android.app.shealth,836ea26749e1e308,
1970-02-19 00:00:00,,,0,,,2025-03-22 23:39:33.367,,com.sec.android.app.shealth,12845c8e1fe232c3,
1970-02-19 00:00:00,,,0,,30001.0,2025-03-25 11:41:12.172,,com.sec.android.app.shealth,b690285b6e60662d,
1970-02-19 00:00:00,,,0,,30001.0,2025-03-25 15:54:10.443,,com.sec.android.app.shealth,6d3d088095cb6ca3,
1970-02-19 00:00:00,,,0,,30001.0,2025-03-26 13:45:11.295,,com.sec.android.app.shealth,7fdc049991fc57b1,
1970-02-19 00:00:00,,,0,,30001.0,2025-03-21 16:55:46.500,,com.sec.android.app.shealth,538ee5ac721a1c2e,
1970-02-19 00:00:00,,,0,,30001.0,2025-03-19 21:42:29.664,,com.sec.android.app.shealth,257a85d35ed6a007,
1970-02-19 00:00:00,,,0,,30001.0,2025-03-21 16:10:17.883,,com.sec.android.app.shealth,b35c70042fb78628,
1970-02-19 00:00:00,,,1,,30001.0,2025-03-18 13:29:28.684,,com.sec.android.app.shealth,,
1970-02-19 00:00:00,,,0,,30001.0,2025-03-15 12:48:24.239,,com.sec.android.app.shealth,52ebab80b30e4922,
1970-02-19 00:00:00,,,0,,30001.0,2025-03-08 00:09:05.655,,com.sec.android.app.shealth,a99479af5e9b150b,
1970-02-19 00:00:00,,,0,,,2025-03-14 14:32:18.212,,com.sec.android.app.shealth,5afc581cc9ea399a,
1970-02-19 00:00:00,,,0,,30001.0,2025-03-11 10:06:09.178,,com.sec.android.app.shealth,0296b0393225e07f,
1970-02-19 00:00:00,,,0,,30001.0,2025-03-14 14:51:50.332,,com.sec.android.app.shealth,17445e8d3ac69e93,
1970-02-19 00:00:00,,,0,,30001.0,2025-03-14 15:52:31.102,,com.sec.android.app.shealth,40b2ddd4fee0a477,
1970-02-19 00:00:00,,,0,,30001.0,2025-03-20 12:11:35.853,,com.sec.android.app.shealth,64ad607d63368ebf,
1970-02-19 00:00:00,,,0,,30001.0,2025-03-14 11:25:46.859,,com.sec.android.app.shealth,72c12ad16033bab2,
1970-02-19 00:00:00,,,0,,,2025-03-14 13:33:50.079,,com.sec.android.app.shealth,9ccdcd4e67a4b435,
1970-02-19 00:00:00,,,0,,30001.0,2025-03-18 13:54:07.280,,com.sec.android.app.shealth,6e5f8fa0684c4deb,
1970-02-19 00:00:00,,,0,,30001.0,2025-03-20 18:02:33.202,,com.sec.android.app.shealth,d411e0359eba8b3c,
1970-02-19 00:00:00,,,0,,30001.0,2025-03-15 14:09:17.556,,com.sec.android.app.shealth,94e634ac63620eab,
1970-02-19 00:00:00,,,0,,30001.0,2025-03-18 11:11:07.856,,com.sec.android.app.shealth,521b2c97974b1cf0,
1970-02-19 00:00:00,,,0,,30001.0,2025-03-19 17:36:26.621,,com.sec.android.app.shealth,21abb7c83b003f8a,
1970-02-19 00:00:00,,,0,,,2025-03-19 12:10:48.067,,com.sec.android.app.shealth,5d6ba45ee1d5e169,
1970-02-19 00:00:00,,,0,,30001.0,2025-03-18 13:29:31.935,,com.sec.android.app.shealth,6e5f8fa0684c4deb,
1970-02-19 00:00:00,,,0,,30001.0,2025-03-21 17:09:48.443,,com.sec.android.app.shealth,0729c13ebd725201,
1970-02-19 00:00:00,,,0,,30001.0,2025-02-28 16:39:59.675,,com.sec.android.app.shealth,64ad95b5f35464a5,
1970-02-19 00:00:00,,,0,,30001.0,2025-03-03 15:02:27.413,,com.sec.android.app.shealth,836ea26749e1e308,
1970-02-19 00:00:00,,,0,,30001.0,2025-02-28 14:46:45.554,,com.sec.android.app.shealth,0b9d95512b4384db,
1970-02-19 00:00:00,,,0,,30001.0,2025-02-07 17:48:16.359,,com.sec.android.app.shealth,c0faa5f07166b1df,
1970-02-19 00:00:00,,,0,,30001.0,2025-02-10 20:54:27.762,,com.sec.android.app.shealth,b34f1325af156000,
1970-02-19 00:00:00,,,0,,30001.0,2025-02-07 20:23:38.102,,com.sec.android.app.shealth,64ad95b5f35464a5,
1970-02-19 00:00:00,,,0,,,2025-02-07 19:13:07.501,,com.sec.android.app.shealth,535157fe4dc09623,
1970-02-19 00:00:00,,,0,,30001.0,2025-02-10 11:04:52.267,,com.sec.android.app.shealth,6b8f9bbe2b292547,
1970-02-19 00:00:00,,,1,,30001.0,2025-02-11 17:30:15.134,,com.sec.android.app.shealth,,
1970-02-19 00:00:00,,,0,,,2025-02-12 19:41:59.290,,com.sec.android.app.shealth,701a5f474c87a4c6,
1970-02-19 00:00:00,,,0,,30001.0,2025-02-08 21:38:43.920,,com.sec.android.app.shealth,7665a1519d9063ed,
1970-02-19 00:00:00,,,0,,30001.0,2025-02-12 18:59:53.649,,com.sec.android.app.shealth,17445e8d3ac69e93,
1970-02-19 00:00:00,,,0,,30001.0,2025-02-10 18:31:46.217,,com.sec.android.app.shealth,05e300642513b2f6,
1970-02-19 00:00:00,,,0,,30001.0,2025-02-11 19:56:01.261,,com.sec.android.app.shealth,b690285b6e60662d,
1970-02-19 00:00:00,,,0,,30001.0,2025-02-11 12:14:26.838,,com.sec.android.app.shealth,3b8118c8bb2c7e61,
1970-02-19 00:00:00,,,0,,30001.0,2025-02-11 13:12:42.784,,com.sec.android.app.shealth,f97a13577367c1d6,
1970-02-19 00:00:00,,,0,,30001.0,2025-02-11 18:17:45.700,,com.sec.android.app.shealth,c455af0db9fd47d4,
1970-02-19 00:00:00,,,0,,30001.0,2025-02-11 17:06:29.269,,com.sec.android.app.shealth,af759d32fe388d28,
1970-02-19 00:00:00,,,0,,30001.0,2025-02-07 16:06:57.893,,com.sec.android.app.shealth,5afc581cc9ea399a,
1970-02-19 00:00:00,,,0,,30001.0,2025-02-08 23:40:05.778,,com.sec.android.app.shealth,452b38e356d5a2d4,
1970-02-19 00:00:00,,,0,,30001.0,2025-02-06 15:05:16.505,,com.sec.android.app.shealth,de64346f732f769b,
1970-02-19 00:00:00,,,0,,,2025-02-09 12:38:17.493,,com.sec.android.app.shealth,3e6abb22c248d9b6,
1970-02-19 00:00:00,,,0,,30001.0,2025-01-30 16:05:43.186,,com.sec.android.app.shealth,f97a13577367c1d6,
1970-02-19 00:00:00,,,0,,30001.0,2025-02-04 18:11:12.349,,com.sec.android.app.shealth,c915025295d5f92b,
1970-02-19 00:00:00,,,0,,30001.0,2025-01-30 17:17:58.045,,com.sec.android.app.shealth,f7ebd8cbe6eb3df8,
1970-02-19 00:00:00,,,0,,30001.0,2025-02-04 15:05:43.979,,com.sec.android.app.shealth,4bf4f525504cc0a2,
1970-02-19 00:00:00,,,0,,30001.0,2025-01-31 15:38:57.977,,com.sec.android.app.shealth,5ea2ed9b13224d64,
1970-02-19 00:00:00,,,0,,30001.0,2025-02-04 16:41:57.237,,com.sec.android.app.shealth,40b2ddd4fee0a477,
1970-02-19 00:00:00,,,0,,,2025-02-04 12:15:42.208,,com.sec.android.app.shealth,6038080f038c7388,
1970-02-19 00:00:00,,,0,,30001.0,2025-02-13 11:32:59.290,,com.sec.android.app.shealth,f072215ff77f32af,
1970-02-19 00:00:00,,,0,,30001.0,2025-01-31 23:14:25.267,,com.sec.android.app.shealth,2ab13293652b41c0,
1970-02-19 00:00:00,,,0,,30001.0,2025-02-05 18:02:10.695,,com.sec.android.app.shealth,b690285b6e60662d,
1970-02-19 00:00:00,,,0,,30001.0,2025-02-04 10:45:20.426,,com.sec.android.app.shealth,f326b23c1bac39d8,
1970-02-19 00:00:00,,,0,,30001.0,2025-02-07 20:06:47.193,,com.sec.android.app.shealth,836ea26749e1e308,
1970-02-19 00:00:00,,,0,,30001.0,2025-02-06 11:38:16.128,,com.sec.android.app.shealth,17445e8d3ac69e93,
1970-02-19 00:00:00,,,0,,30001.0,2025-02-08 20:33:45.599,,com.sec.android.app.shealth,adbb43e77461f12b,
1970-02-19 00:00:00,,,0,,30001.0,2025-02-08 22:14:52.410,,com.sec.android.app.shealth,836ea26749e1e308,
1970-02-19 00:00:00,,,0,,30001.0,2025-02-06 13:29:21.646,,com.sec.android.app.shealth,705c1b2706f47841,
1970-02-19 00:00:00,,,1,,30001.0,2025-02-04 16:30:01.671,,com.sec.android.app.shealth,,
1970-02-19 00:00:00,,,0,,30001.0,2025-02-11 17:29:03.853,,com.sec.android.app.shealth,5afc581cc9ea399a,
1970-02-19 00:00:00,,,0,,30001.0,2025-02-14 00:32:32.439,,com.sec.android.app.shealth,7c46a1228dc9ae06,
1970-02-19 00:00:00,,,0,,30001.0,2025-02-12 21:13:04.821,,com.sec.android.app.shealth,7665a1519d9063ed,
1970-02-19 00:00:00,,,0,,30001.0,2025-02-21 13:08:42.116,,com.sec.android.app.shealth,6ae85ab2acc3965f,
1970-02-19 00:00:00,,,0,,30001.0,2025-02-23 17:42:12.129,,com.sec.android.app.shealth,de64346f732f769b,
1970-02-19 00:00:00,,,0,,30001.0,2025-02-24 18:24:21.467,,com.sec.android.app.shealth,6e5f8fa0684c4deb,
1970-02-19 00:00:00,,,0,,30001.0,2025-02-25 14:39:36.165,,com.sec.android.app.shealth,7665a1519d9063ed,
1970-02-19 00:00:00,,,0,,30001.0,2025-02-24 19:03:42.350,,com.sec.android.app.shealth,e7883461c2ffe115,
1970-02-19 00:00:00,,,0,,30001.0,2025-02-25 13:26:33.519,,com.sec.android.app.shealth,2e12c864ec5ae8d3,
1970-02-19 00:00:00,,,0,,30001.0,2025-02-25 16:58:31.740,,com.sec.android.app.shealth,836ea26749e1e308,
1970-02-19 00:00:00,,,0,,30001.0,2025-02-21 12:38:56.791,,com.sec.android.app.shealth,64f5147f817f7ff8,
1970-02-19 00:00:00,,,0,,30001.0,2025-02-26 15:27:10.534,,com.sec.android.app.shealth,52ebab80b30e4922,
1970-02-19 00:00:00,,,0,,,2025-02-27 11:01:17.897,,com.sec.android.app.shealth,f6fd9cc561e779fb,
1970-02-19 00:00:00,,,0,,30001.0,2025-02-27 13:11:51.169,,com.sec.android.app.shealth,c455af0db9fd47d4,
1970-02-19 00:00:00,,,1,,30001.0,2025-02-28 14:51:51.170,,com.sec.android.app.shealth,,
1970-02-19 00:00:00,,,1,,30001.0,2025-02-28 17:48:36.517,,com.sec.android.app.shealth,,
1970-02-19 00:00:00,,,1,,30001.0,2025-02-28 18:39:50.911,,com.sec.android.app.shealth,,
1970-02-19 00:00:00,,,0,,30001.0,2025-03-03 10:29:33.566,,com.sec.android.app.shealth,db58b6c40698d737,
1970-02-19 00:00:00,,,1,,30001.0,2025-02-28 19:06:05.420,,com.sec.android.app.shealth,,
1970-02-19 00:00:00,,,0,,30001.0,2025-02-27 09:49:54.762,,com.sec.android.app.shealth,b9007af40cb18844,
1970-02-19 00:00:00,,,0,,,2025-04-11 21:55:58.479,,com.sec.android.app.shealth,c3848f1b7caa9d9c,
1970-02-19 00:00:00,,,1,,30001.0,2025-02-21 13:08:48.404,,com.sec.android.app.shealth,,
1970-02-19 00:00:00,,,0,,30001.0,2025-02-24 20:56:33.965,,com.sec.android.app.shealth,96898cc4137f6373,
1970-02-19 00:00:00,,,0,,,2025-02-12 20:06:26.972,,com.sec.android.app.shealth,329148c33e9f1229,
1970-02-19 00:00:00,,,0,,30001.0,2025-02-14 17:47:30.191,,com.sec.android.app.shealth,57a48d59d54db969,
1970-02-19 00:00:00,,,0,,30001.0,2025-02-15 18:47:53.238,,com.sec.android.app.shealth,c23682d6bdb6c318,
1970-02-19 00:00:00,,,0,,,2025-02-16 12:28:42.440,,com.sec.android.app.shealth,37aaf47e6de03c19,
1970-02-19 00:00:00,,,0,,30001.0,2025-02-17 10:48:21.718,,com.sec.android.app.shealth,fe0d1824a918c756,
1970-02-19 00:00:00,,,0,,30001.0,2025-02-17 11:09:04.253,,com.sec.android.app.shealth,b35c70042fb78628,
1970-02-19 00:00:00,,,0,,30001.0,2025-02-17 11:35:46.954,,com.sec.android.app.shealth,c3848f1b7caa9d9c,
1970-02-19 00:00:00,,,0,,30001.0,2025-02-25 11:52:01.570,,com.sec.android.app.shealth,db1c7b256c3b2042,
1970-02-19 00:00:00,,,0,,30001.0,2025-02-18 18:53:06.174,,com.sec.android.app.shealth,17e70b2fd0afd679,
1970-02-19 00:00:00,,,0,,30001.0,2025-02-14 14:04:45.478,,com.sec.android.app.shealth,7665a1519d9063ed,
1970-02-19 00:00:00,,,0,,30001.0,2025-02-19 15:11:27.127,,com.sec.android.app.shealth,7665a1519d9063ed,
1970-02-19 00:00:00,,,0,,30001.0,2025-02-18 19:10:24.878,,com.sec.android.app.shealth,05e300642513b2f6,
1970-02-19 00:00:00,,,0,,,2025-02-20 11:48:04.870,,com.sec.android.app.shealth,3ca92e22887339f4,
1970-02-19 00:00:00,,,0,,30001.0,2025-02-20 16:09:32.069,,com.sec.android.app.shealth,21abb7c83b003f8a,
1970-02-19 00:00:00,,,0,,30001.0,2025-02-19 13:51:37.950,,com.sec.android.app.shealth,b690285b6e60662d,
1970-02-19 00:00:00,,,0,,30001.0,2025-02-20 10:55:07.931,,com.sec.android.app.shealth,a54f6eccaa9cffc6,
1970-02-19 00:00:00,,,0,,30001.0,2025-02-19 17:48:31.110,,com.sec.android.app.shealth,f97a13577367c1d6,
1970-02-19 00:00:00,,,0,,30001.0,2025-04-11 22:26:38.279,,com.sec.android.app.shealth,abca6c3d36b80c93,
1970-02-19 00:00:00,,,0,,30001.0,2025-04-14 10:17:06.772,,com.sec.android.app.shealth,5d5db5f8e0abba3e,
1970-02-19 00:00:00,,,0,,,2025-04-14 13:25:41.729,,com.sec.android.app.shealth,fef44876eeb8cb3c,
1970-02-19 00:00:00,,,1,,30001.0,2025-07-02 21:10:25.898,,com.sec.android.app.shealth,,
1970-02-19 00:00:00,,,1,,30001.0,2025-07-03 12:56:13.794,,com.sec.android.app.shealth,,
1970-02-19 00:00:00,,,1,,30001.0,2025-07-03 16:33:42.263,,com.sec.android.app.shealth,,
1970-02-19 00:00:00,,,0,,30001.0,2025-07-03 18:42:55.344,,com.sec.android.app.shealth,d4d834848bbf1720,
1970-02-19 00:00:00,,,0,,30001.0,2025-07-04 21:13:52.684,,com.sec.android.app.shealth,3842efc3ccf8ddc0,
1970-02-19 00:00:00,,,0,,30001.0,2025-07-04 22:23:37.910,,com.sec.android.app.shealth,db58b6c40698d737,
1970-02-19 00:00:00,,,0,,30001.0,2025-07-05 15:23:54.014,,com.sec.android.app.shealth,dc0ca0bbe9e0e5ef,
1970-02-19 00:00:00,,,0,,30001.0,2025-07-07 08:47:44.446,,com.sec.android.app.shealth,5afc581cc9ea399a,
1970-02-19 00:00:00,,,0,,30001.0,2025-07-07 16:38:57.441,,com.sec.android.app.shealth,1ff4793933596abf,
1970-02-19 00:00:00,,,0,,30001.0,2025-07-07 18:44:22.115,,com.sec.android.app.shealth,1ecd651b96fc9841,
1970-02-19 00:00:00,,,1,,30001.0,2025-07-08 18:07:29.474,,com.sec.android.app.shealth,,
1970-02-19 00:00:00,,,1,,30001.0,2025-07-09 17:27:59.957,,com.sec.android.app.shealth,,
1970-02-19 00:00:00,,,1,,30001.0,2025-07-11 15:53:11.917,,com.sec.android.app.shealth,,
1970-02-19 00:00:00,,,0,,30001.0,2025-07-08 18:05:35.272,,com.sec.android.app.shealth,c23682d6bdb6c318,
1970-02-19 00:00:00,,,0,,30001.0,2025-07-09 17:26:32.782,,com.sec.android.app.shealth,abca6c3d36b80c93,
1970-02-19 00:00:00,,,1,,30001.0,2025-07-02 17:18:36.165,,com.sec.android.app.shealth,,
1970-02-19 00:00:00,,,1,,30001.0,2025-07-01 18:04:10.342,,com.sec.android.app.shealth,,
1970-02-19 00:00:00,,,1,,30001.0,2025-07-01 10:28:42.175,,com.sec.android.app.shealth,,
1970-02-19 00:00:00,,,1,,30001.0,2025-06-30 16:21:12.843,,com.sec.android.app.shealth,,
1970-02-19 00:00:00,,,1,,30001.0,2025-06-20 18:15:00.130,,com.sec.android.app.shealth,,
1970-02-19 00:00:00,,,0,,30001.0,2025-06-20 12:06:46.850,,com.sec.android.app.shealth,d411e0359eba8b3c,
1970-02-19 00:00:00,,,0,,30001.0,2025-06-20 12:42:15.325,,com.sec.android.app.shealth,ff33857db48c94bd,
1970-02-19 00:00:00,,,0,,30001.0,2025-06-20 08:26:40.693,,com.sec.android.app.shealth,21abb7c83b003f8a,
1970-02-19 00:00:00,,,0,,30001.0,2025-06-20 16:33:42.395,,com.sec.android.app.shealth,96898cc4137f6373,
1970-02-19 00:00:00,,,0,,30001.0,2025-06-20 17:03:55.515,,com.sec.android.app.shealth,942dc522ffcf0d85,
1970-02-19 00:00:00,,,1,,30001.0,2025-06-23 11:56:46.549,,com.sec.android.app.shealth,,
1970-02-19 00:00:00,,,0,,30001.0,2025-07-09 19:09:12.969,,com.sec.android.app.shealth,ab7c17ff3eda14ba,
1970-02-19 00:00:00,,,1,,30001.0,2025-06-23 13:20:51.392,,com.sec.android.app.shealth,,
1970-02-19 00:00:00,,,1,,30001.0,2025-06-25 16:33:51.489,,com.sec.android.app.shealth,,
1970-02-19 00:00:00,,,1,,30001.0,2025-06-26 13:06:38.555,,com.sec.android.app.shealth,,
1970-02-19 00:00:00,,,1,,30001.0,2025-06-26 15:47:30.082,,com.sec.android.app.shealth,,
1970-02-19 00:00:00,,,1,,30001.0,2025-06-27 13:34:21.066,,com.sec.android.app.shealth,,
1970-02-19 00:00:00,,,1,,30001.0,2025-06-27 15:34:12.371,,com.sec.android.app.shealth,,
1970-02-19 00:00:00,,,1,,30001.0,2025-06-27 18:24:46.635,,com.sec.android.app.shealth,,
1970-02-19 00:00:00,,,0,,,2025-06-20 18:24:30.035,,com.sec.android.app.shealth,11397f33be3b56fb,
1970-02-19 00:00:00,,,1,,30001.0,2025-06-23 16:30:52.794,,com.sec.android.app.shealth,,
1970-02-19 00:00:00,,,0,,30001.0,2025-07-09 19:24:37.409,,com.sec.android.app.shealth,2e12c864ec5ae8d3,
1970-02-19 00:00:00,,,0,,30001.0,2025-07-10 15:32:50.608,,com.sec.android.app.shealth,c455af0db9fd47d4,
1970-02-19 00:00:00,,,0,,30001.0,2025-07-10 17:43:30.128,,com.sec.android.app.shealth,c83ba7181764d320,
1970-02-19 00:00:00,,,0,,30001.0,2025-07-21 09:12:30.969,,com.sec.android.app.shealth,af759d32fe388d28,
1970-02-19 00:00:00,,,0,,30001.0,2025-07-21 13:24:15.079,,com.sec.android.app.shealth,feff532714e9b11b,
1970-02-19 00:00:00,,,0,,30001.0,2025-07-21 16:44:47.237,,com.sec.android.app.shealth,8835383a0b916665,
1970-02-19 00:00:00,,,0,,30001.0,2025-07-21 19:43:04.624,,com.sec.android.app.shealth,4f453dd0fbb3bdf2,
1970-02-19 00:00:00,,,0,,30001.0,2025-07-22 08:23:35.118,,com.sec.android.app.shealth,55d58fdcf9edbf86,
1970-02-19 00:00:00,,,0,,30001.0,2025-07-22 12:38:42.603,,com.sec.android.app.shealth,0589abecb964e139,
1970-02-19 00:00:00,,,0,,30001.0,2025-07-22 13:36:54.611,,com.sec.android.app.shealth,d0436c33cdcd6e02,
1970-02-19 00:00:00,,,0,,30001.0,2025-07-20 18:54:14.370,,com.sec.android.app.shealth,be2b775cb8cd43b8,
1970-02-19 00:00:00,,,1,,30001.0,2025-07-22 17:30:57.866,,com.sec.android.app.shealth,,
1970-02-19 00:00:00,,,0,,30001.0,2025-07-23 08:58:19.206,,com.sec.android.app.shealth,db58b6c40698d737,
1970-02-19 00:00:00,,,0,,30001.0,2025-07-23 11:24:45.199,,com.sec.android.app.shealth,7665a1519d9063ed,
1970-02-19 00:00:00,,,0,,30001.0,2025-07-25 08:49:56.240,,com.sec.android.app.shealth,40b2ddd4fee0a477,
1970-02-19 00:00:00,,,0,,30001.0,2025-07-25 15:14:31.453,,com.sec.android.app.shealth,af759d32fe388d28,
1970-02-19 00:00:00,,,0,,30001.0,2025-07-25 16:10:07.248,,com.sec.android.app.shealth,329148c33e9f1229,
1970-02-19 00:00:00,,,0,,30001.0,2025-07-25 16:45:11.757,,com.sec.android.app.shealth,cba358ad38a34ccc,
1970-02-19 00:00:00,,,0,,,2025-07-25 18:01:02.605,,com.sec.android.app.shealth,13c81550568b8170,
1970-02-19 00:00:00,,,0,,30001.0,2025-07-22 17:30:00.882,,com.sec.android.app.shealth,55d58fdcf9edbf86,
1970-02-19 00:00:00,,,0,,30001.0,2025-06-19 17:54:24.584,,com.sec.android.app.shealth,f81b732a59389bd6,
1970-02-19 00:00:00,,,0,,30001.0,2025-07-20 17:08:35.978,,com.sec.android.app.shealth,c455af0db9fd47d4,
1970-02-19 00:00:00,,,0,,30001.0,2025-07-19 21:20:19.860,,com.sec.android.app.shealth,c83ba7181764d320,
1970-02-19 00:00:00,,,0,,30001.0,2025-07-11 15:50:57.114,,com.sec.android.app.shealth,64fc09bd5f88e4b6,
1970-02-19 00:00:00,,,0,,30001.0,2025-07-11 18:31:42.143,,com.sec.android.app.shealth,576c32730d42703c,
1970-02-19 00:00:00,,,0,,30001.0,2025-07-11 21:46:03.721,,com.sec.android.app.shealth,64f5147f817f7ff8,
1970-02-19 00:00:00,,,1,,30001.0,2025-07-12 12:47:21.540,,com.sec.android.app.shealth,,
1970-02-19 00:00:00,,,0,,30001.0,2025-07-12 12:37:17.132,,com.sec.android.app.shealth,98fc1dac2acea5b1,
1970-02-19 00:00:00,,,0,,30001.0,2025-07-12 17:17:43.852,,com.sec.android.app.shealth,feff532714e9b11b,
1970-02-19 00:00:00,,,0,,30001.0,2025-07-15 16:14:13.650,,com.sec.android.app.shealth,64f5147f817f7ff8,
1970-02-19 00:00:00,,,0,,30001.0,2025-07-19 21:35:42.987,,com.sec.android.app.shealth,55d58fdcf9edbf86,
1970-02-19 00:00:00,,,0,,30001.0,2025-07-15 18:34:05.568,,com.sec.android.app.shealth,24f365475c6a1db4,
1970-02-19 00:00:00,,,0,,30001.0,2025-07-16 18:38:19.329,,com.sec.android.app.shealth,52ebab80b30e4922,
1970-02-19 00:00:00,,,0,,30001.0,2025-07-17 17:01:23.952,,com.sec.android.app.shealth,11a86311d39aaaf9,
1970-02-19 00:00:00,,,0,,30001.0,2025-07-17 19:04:41.380,,com.sec.android.app.shealth,e32f35814881b41d,
1970-02-19 00:00:00,,,0,,30001.0,2025-07-18 10:39:48.658,,com.sec.android.app.shealth,6b8f9bbe2b292547,
1970-02-19 00:00:00,,,0,,30001.0,2025-07-18 11:39:18.569,,com.sec.android.app.shealth,2ab13293652b41c0,
1970-02-19 00:00:00,,,0,,30001.0,2025-07-18 16:28:05.322,,com.sec.android.app.shealth,b34f1325af156000,
1970-02-19 00:00:00,,,0,,30001.0,2025-07-18 18:35:07.602,,com.sec.android.app.shealth,475215e21c2b7ecf,
1970-02-19 00:00:00,,,1,,30001.0,2025-07-16 18:38:32.560,,com.sec.android.app.shealth,,
1970-02-19 00:00:00,,,0,,30001.0,2025-07-25 18:39:17.912,,com.sec.android.app.shealth,6fb30f55b55d46b2,
1970-02-19 00:00:00,,,0,,30001.0,2025-06-18 18:50:04.486,,com.sec.android.app.shealth,64ad95b5f35464a5,
1970-02-19 00:00:00,,,0,,30001.0,2025-06-18 16:21:36.574,,com.sec.android.app.shealth,4bf4f525504cc0a2,
1970-02-19 00:00:00,,,0,,,2025-04-25 14:10:42.904,,com.sec.android.app.shealth,ae55dee431274211,
1970-02-19 00:00:00,,,0,,30001.0,2025-04-29 14:54:18.624,,com.sec.android.app.shealth,f81b732a59389bd6,
1970-02-19 00:00:00,,,0,,30001.0,2025-04-30 09:28:19.598,,com.sec.android.app.shealth,feff532714e9b11b,
1970-02-19 00:00:00,,,0,,30001.0,2025-04-30 15:24:48.834,,com.sec.android.app.shealth,dc371291bd7ac8a2,
1970-02-19 00:00:00,,,0,,30001.0,2025-05-01 12:13:05.209,,com.sec.android.app.shealth,cce84368b6d089e0,
1970-02-19 00:00:00,,,0,,30001.0,2025-05-01 13:06:57.013,,com.sec.android.app.shealth,55d58fdcf9edbf86,
1970-02-19 00:00:00,,,0,,,2025-05-01 13:43:38.044,,com.sec.android.app.shealth,05e300642513b2f6,
1970-02-19 00:00:00,,,0,,30001.0,2025-05-01 15:46:52.429,,com.sec.android.app.shealth,ef62ad5b0120877e,
1970-02-19 00:00:00,,,0,,,2025-05-01 16:59:00.168,,com.sec.android.app.shealth,b690285b6e60662d,
1970-02-19 00:00:00,,,0,,30001.0,2025-05-02 11:11:49.153,,com.sec.android.app.shealth,98f7b27b623938c7,
1970-02-19 00:00:00,,,0,,30001.0,2025-05-02 11:44:10.213,,com.sec.android.app.shealth,a7edee2b6387207a,
1970-02-19 00:00:00,,,0,,30001.0,2025-05-02 13:48:00.173,,com.sec.android.app.shealth,7ae77b1b2f78eca1,
1970-02-19 00:00:00,,,0,,,2025-05-02 15:28:33.458,,com.sec.android.app.shealth,d77e59f0d2efe06f,
1970-02-19 00:00:00,,,0,,30001.0,2025-05-02 15:59:33.375,,com.sec.android.app.shealth,c83ba7181764d320,
1970-02-19 00:00:00,,,0,,30001.0,2025-05-02 18:28:29.181,,com.sec.android.app.shealth,feff532714e9b11b,
1970-02-19 00:00:00,,,0,,30001.0,2025-04-25 12:31:39.002,,com.sec.android.app.shealth,9ec080a1a8216ca3,
1970-02-19 00:00:00,,,0,,30001.0,2025-04-25 09:36:20.102,,com.sec.android.app.shealth,05e300642513b2f6,
1970-02-19 00:00:00,,,1,,30001.0,2025-04-25 09:50:10.454,,com.sec.android.app.shealth,,
1970-02-19 00:00:00,,,0,,30001.0,2025-04-22 17:59:08.157,,com.sec.android.app.shealth,2e12c864ec5ae8d3,
1970-02-19 00:00:00,,,0,,30001.0,2025-04-14 17:31:57.083,,com.sec.android.app.shealth,2e12c864ec5ae8d3,
1970-02-19 00:00:00,,,0,,30001.0,2025-04-16 09:59:22.449,,com.sec.android.app.shealth,55d58fdcf9edbf86,
1970-02-19 00:00:00,,,0,,30001.0,2025-04-16 14:54:45.588,,com.sec.android.app.shealth,b35c70042fb78628,
1970-02-19 00:00:00,,,0,,30001.0,2025-04-16 15:13:16.418,,com.sec.android.app.shealth,c23682d6bdb6c318,
1970-02-19 00:00:00,,,0,,30001.0,2025-04-16 16:39:03.861,,com.sec.android.app.shealth,836ea26749e1e308,
1970-02-19 00:00:00,,,0,,30001.0,2025-04-17 09:51:09.396,,com.sec.android.app.shealth,7b748182fb711845,
1970-02-19 00:00:00,,,0,,30001.0,2025-04-17 19:06:56.970,,com.sec.android.app.shealth,a99479af5e9b150b,
1970-02-19 00:00:00,,,0,,30001.0,2025-05-02 19:28:49.223,,com.sec.android.app.shealth,c23682d6bdb6c318,
1970-02-19 00:00:00,,,0,,30001.0,2025-04-17 21:56:52.872,,com.sec.android.app.shealth,f81b732a59389bd6,
1970-02-19 00:00:00,,,0,,,2025-04-18 17:01:00.221,,com.sec.android.app.shealth,55d58fdcf9edbf86,
1970-02-19 00:00:00,,,0,,30001.0,2025-04-18 18:36:05.224,,com.sec.android.app.shealth,7665a1519d9063ed,
1970-02-19 00:00:00,,,0,,30001.0,2025-04-20 17:56:03.772,,com.sec.android.app.shealth,43b87f618caab482,
1970-02-19 00:00:00,,,0,,30001.0,2025-04-22 09:19:05.844,,com.sec.android.app.shealth,db58b6c40698d737,
1970-02-19 00:00:00,,,0,,30001.0,2025-04-22 13:28:52.811,,com.sec.android.app.shealth,9fca37a688809977,
1970-02-19 00:00:00,,,0,,,2025-04-22 14:45:50.151,,com.sec.android.app.shealth,f79e19c59e0ed252,
1970-02-19 00:00:00,,,0,,30001.0,2025-04-22 15:51:23.689,,com.sec.android.app.shealth,de64346f732f769b,
1970-02-19 00:00:00,,,0,,30001.0,2025-04-18 15:52:42.198,,com.sec.android.app.shealth,6b8f9bbe2b292547,
1970-02-19 00:00:00,,,0,,,2025-05-04 12:16:55.920,,com.sec.android.app.shealth,705c1b2706f47841,
1970-02-19 00:00:00,,,0,,,2025-05-04 13:06:01.519,,com.sec.android.app.shealth,8c45b96ab83f4fcc,
1970-02-19 00:00:00,,,0,,30001.0,2025-05-04 14:42:52.901,,com.sec.android.app.shealth,e7883461c2ffe115,
1970-02-19 00:00:00,,,0,,,2025-06-13 19:33:20.653,,com.sec.android.app.shealth,be2b775cb8cd43b8,
1970-02-19 00:00:00,,,0,,30001.0,2025-06-12 17:49:10.265,,com.sec.android.app.shealth,257a85d35ed6a007,
1970-02-19 00:00:00,,,0,,30001.0,2025-06-12 20:07:12.345,,com.sec.android.app.shealth,a21607f78d852072,
1970-02-19 00:00:00,,,0,,30001.0,2025-06-07 13:42:38.701,,com.sec.android.app.shealth,94e634ac63620eab,
1970-02-19 00:00:00,,,0,,30001.0,2025-06-11 18:19:05.592,,com.sec.android.app.shealth,2e12c864ec5ae8d3,
1970-02-19 00:00:00,,,0,,30001.0,2025-06-12 10:25:37.993,,com.sec.android.app.shealth,aae57dbd4a6b14eb,
1970-02-19 00:00:00,,,0,,30001.0,2025-06-12 16:19:06.361,,com.sec.android.app.shealth,4bf4f525504cc0a2,
1970-02-19 00:00:00,,,0,,,2025-06-13 19:14:11.860,,com.sec.android.app.shealth,d411e0359eba8b3c,
1970-02-19 00:00:00,,,0,,30001.0,2025-06-12 17:31:13.811,,com.sec.android.app.shealth,b58b202b6918abf6,
1970-02-19 00:00:00,,,0,,30001.0,2025-06-14 15:57:42.830,,com.sec.android.app.shealth,feff532714e9b11b,
1970-02-19 00:00:00,,,0,,30001.0,2025-06-16 14:15:03.312,,com.sec.android.app.shealth,c3848f1b7caa9d9c,
1970-02-19 00:00:00,,,0,,30001.0,2025-06-16 17:11:12.475,,com.sec.android.app.shealth,af759d32fe388d28,
1970-02-19 00:00:00,,,0,,30001.0,2025-06-17 17:22:58.265,,com.sec.android.app.shealth,6b8f9bbe2b292547,
1970-02-19 00:00:00,,,1,,30001.0,2025-06-18 16:19:43.558,,com.sec.android.app.shealth,,
1970-02-19 00:00:00,,,0,,30001.0,2025-06-18 08:14:10.007,,com.sec.android.app.shealth,af759d32fe388d28,
1970-02-19 00:00:00,,,0,,30001.0,2025-06-18 11:21:28.071,,com.sec.android.app.shealth,0729c13ebd725201,
1970-02-19 00:00:00,,,0,,30001.0,2025-06-14 12:20:25.865,,com.sec.android.app.shealth,dc0ca0bbe9e0e5ef,
1970-02-19 00:00:00,,,0,,30001.0,2025-06-18 17:23:01.125,,com.sec.android.app.shealth,836ea26749e1e308,
1970-02-19 00:00:00,,,0,,30001.0,2025-06-13 18:24:42.563,,com.sec.android.app.shealth,5ea2ed9b13224d64,
1970-02-19 00:00:00,,,0,,30001.0,2025-05-30 20:48:00.681,,com.sec.android.app.shealth,e1de26c43a653959,
1970-02-19 00:00:00,,,0,,30001.0,2025-05-04 16:37:51.917,,com.sec.android.app.shealth,3d6dd38612747d0c,
1970-02-19 00:00:00,,,0,,30001.0,2025-05-04 17:32:30.556,,com.sec.android.app.shealth,f97a13577367c1d6,
1970-02-19 00:00:00,,,0,,30001.0,2025-05-04 18:27:34.724,,com.sec.android.app.shealth,c0faa5f07166b1df,
1970-02-19 00:00:00,,,0,,30001.0,2025-05-06 12:32:07.714,,com.sec.android.app.shealth,c0faa5f07166b1df,
1970-02-19 00:00:00,,,0,,,2025-05-06 13:10:55.504,,com.sec.android.app.shealth,4bf4f525504cc0a2,
1970-02-19 00:00:00,,,0,,30001.0,2025-05-15 15:23:41.017,,com.sec.android.app.shealth,4bf4f525504cc0a2,
1970-02-19 00:00:00,,,0,,30001.0,2025-05-17 18:41:46.667,,com.sec.android.app.shealth,5c91f89645bd4004,
1970-02-19 00:00:00,,,0,,30001.0,2025-06-05 07:57:30.090,,com.sec.android.app.shealth,05e300642513b2f6,
1970-02-19 00:00:00,,,0,,30001.0,2025-05-20 10:50:58.342,,com.sec.android.app.shealth,d289802fe23af80a,
1970-02-19 00:00:00,,,0,,30001.0,2025-05-20 12:36:34.881,,com.sec.android.app.shealth,21abb7c83b003f8a,
1970-02-19 00:00:00,,,0,,30001.0,2025-05-21 15:47:13.401,,com.sec.android.app.shealth,dc0ca0bbe9e0e5ef,
1970-02-19 00:00:00,,,0,,30001.0,2025-05-26 12:18:04.901,,com.sec.android.app.shealth,506b8053efea0587,
1970-02-19 00:00:00,,,0,,30001.0,2025-05-27 15:03:16.595,,com.sec.android.app.shealth,814ed67f994391ff,
1970-02-19 00:00:00,,,0,,30001.0,2025-05-27 15:42:21.869,,com.sec.android.app.shealth,f30bbbf5c3ee8001,
1970-02-19 00:00:00,,,0,,30001.0,2025-05-29 17:57:49.534,,com.sec.android.app.shealth,7665a1519d9063ed,
1970-02-19 00:00:00,,,0,,30001.0,2025-05-29 18:31:11.846,,com.sec.android.app.shealth,b690285b6e60662d,
1970-02-19 00:00:00,,,0,,,2025-05-20 12:21:30.273,,com.sec.android.app.shealth,8f1b0be97c9494bf,
1970-02-19 00:00:00,,,1,,30001.0,2026-02-20 11:19:38.680,,com.sec.android.app.shealth,,
1970-02-19 00:00:00,,,0,,30001.0,2024-01-24 13:23:47.495,,com.sec.android.app.shealth,7ae77b1b2f78eca1,
1970-02-19 00:00:00,,,0,,30001.0,2024-01-26 14:26:38.699,,com.sec.android.app.shealth,4bf4f525504cc0a2,
1970-02-19 00:00:00,,,0,,30001.0,2022-04-30 07:42:41.856,,com.sec.android.app.shealth,f81b732a59389bd6,
1970-02-19 00:00:00,,,0,,30001.0,2022-03-04 17:17:17.777,,com.sec.android.app.shealth,64f5147f817f7ff8,
1970-02-19 00:00:00,,,0,,30001.0,2022-02-18 18:04:27.614,,com.sec.android.app.shealth,c915025295d5f92b,
1970-02-19 00:00:00,,,0,,,2022-08-23 14:33:05.566,,com.sec.android.app.shealth,531066b01e9adf69,
1970-02-19 00:00:00,,,0,,30001.0,2022-01-28 13:33:42.347,,com.sec.android.app.shealth,4bf4f525504cc0a2,
1970-02-19 00:00:00,,,0,,30001.0,2022-01-27 13:35:21.581,,com.sec.android.app.shealth,c23682d6bdb6c318,
1970-02-19 00:00:00,,,0,,30001.0,2022-03-09 15:44:05.096,,com.sec.android.app.shealth,c3848f1b7caa9d9c,
1970-02-19 00:00:00,,,0,,30001.0,2022-03-12 08:15:45.651,,com.sec.android.app.shealth,6118f7ede324b86d,
1970-02-19 00:00:00,,,0,,30001.0,2022-05-14 07:43:25.961,,com.sec.android.app.shealth,c23682d6bdb6c318,
1970-02-19 00:00:00,,,0,,,2022-03-18 08:14:22.380,,com.sec.android.app.shealth,b45ec20680fc046c,
1970-02-19 00:00:00,,,0,,30001.0,2022-03-09 16:52:16.417,,com.sec.android.app.shealth,d0436c33cdcd6e02,
1970-02-19 00:00:00,,,0,,30001.0,2022-02-05 11:59:11.054,,com.sec.android.app.shealth,05e300642513b2f6,
1970-02-19 00:00:00,,,1,,30001.0,2022-05-31 11:35:39.014,,com.sec.android.app.shealth,,
1970-02-19 00:00:00,,,1,,30001.0,2022-06-04 15:55:03.275,,com.sec.android.app.shealth,,
1970-02-19 00:00:00,,,0,,30001.0,2022-04-30 06:57:28.449,,com.sec.android.app.shealth,ff33857db48c94bd,
1970-02-19 00:00:00,,,0,,30001.0,2022-04-27 10:49:55.974,,com.sec.android.app.shealth,a62ee775ecfe99b5,
1970-02-19 00:00:00,,,0,,30001.0,2022-02-19 12:00:33.225,,com.sec.android.app.shealth,4bf4f525504cc0a2,
1970-02-19 00:00:00,,,0,,30001.0,2022-02-17 12:43:28.276,,com.sec.android.app.shealth,ff33857db48c94bd,
1970-02-19 00:00:00,,,0,,30001.0,2022-04-09 07:50:13.263,,com.sec.android.app.shealth,7b748182fb711845,
1970-02-19 00:00:00,,,0,,30001.0,2022-01-29 12:00:22.893,,com.sec.android.app.shealth,7b748182fb711845,
1970-02-19 00:00:00,,,0,,30001.0,2022-04-30 11:00:04.609,,com.sec.android.app.shealth,2e12c864ec5ae8d3,
1970-02-19 00:00:00,,,0,,,2022-01-30 17:43:32.525,,com.sec.android.app.shealth,5d32262c4feb1973,
1970-02-19 00:00:00,,,0,,,2022-04-05 09:59:07.220,,com.sec.android.app.shealth,19e7ff66566f0e94,
1970-02-19 00:00:00,,,0,,30001.0,2022-01-22 08:58:30.126,,com.sec.android.app.shealth,f81b732a59389bd6,
1970-02-19 00:00:00,,,0,,30001.0,2022-02-10 12:06:51.478,,com.sec.android.app.shealth,329148c33e9f1229,
1970-02-19 00:00:00,,,0,,,2022-01-18 10:31:42.644,,com.sec.android.app.shealth,9f195b57a935d3c6,
1970-02-19 00:00:00,,,0,,30001.0,2022-01-28 14:04:29.202,,com.sec.android.app.shealth,05e300642513b2f6,
1970-02-19 00:00:00,,,0,,,2022-03-01 06:00:58.931,,com.sec.android.app.shealth,5e413b8fc46cb46e,
1970-02-19 00:00:00,,,0,,,2022-03-03 06:59:28.427,,com.sec.android.app.shealth,b29d20cefd47292c,
1970-02-19 00:00:00,,,0,,30001.0,2022-04-20 16:15:26.249,,com.sec.android.app.shealth,40b2ddd4fee0a477,
1970-02-19 00:00:00,,,0,,,2022-03-18 08:17:20.117,,com.sec.android.app.shealth,b4bc28323c155451,
1970-02-19 00:00:00,,,0,,,2022-03-08 20:42:17.411,,com.sec.android.app.shealth,d93629dc4c0f28c7,
1970-02-19 00:00:00,,,0,,30001.0,2022-02-10 14:05:19.880,,com.sec.android.app.shealth,7b748182fb711845,
1970-02-19 00:00:00,,,0,,,2022-08-23 14:24:59.725,,com.sec.android.app.shealth,ff33857db48c94bd,
1970-02-19 00:00:00,,,0,,,2022-03-02 19:39:32.723,,com.sec.android.app.shealth,46a53418c3e3d4cf,
1970-02-19 00:00:00,,,0,,30001.0,2022-03-04 18:36:26.948,,com.sec.android.app.shealth,abb5a04868fde659,
1970-02-19 00:00:00,,,0,,30001.0,2022-02-25 14:35:41.950,,com.sec.android.app.shealth,21abb7c83b003f8a,
1970-02-19 00:00:00,,,0,,,2022-03-13 17:43:40.932,,com.sec.android.app.shealth,1ff4793933596abf,
1970-02-19 00:00:00,,,0,,30001.0,2022-01-19 13:45:35.690,,com.sec.android.app.shealth,ff33857db48c94bd,
1970-02-19 00:00:00,,,0,,30001.0,2022-04-08 17:58:32.066,,com.sec.android.app.shealth,ac1d95944e1df819,
1970-02-19 00:00:00,,,0,,,2022-03-09 07:06:31.734,,com.sec.android.app.shealth,c143f05cb80e67ab,
1970-02-19 00:00:00,,,0,,,2022-03-19 08:10:35.352,,com.sec.android.app.shealth,ae64408483115178,
1970-02-19 00:00:00,,,0,,,2022-01-18 11:00:04.888,,com.sec.android.app.shealth,f30bbbf5c3ee8001,
1970-02-19 00:00:00,,,0,,30001.0,2022-04-01 16:43:15.171,,com.sec.android.app.shealth,a155356ba1fbd0dd,
1970-02-19 00:00:00,,,0,,30001.0,2022-04-20 09:40:33.556,,com.sec.android.app.shealth,64fc09bd5f88e4b6,
1970-02-19 00:00:00,,,0,,,2022-03-18 08:17:48.155,,com.sec.android.app.shealth,32bbe6db8175ebed,
1970-02-19 00:00:00,,,0,,30001.0,2022-04-20 16:58:41.123,,com.sec.android.app.shealth,17e70b2fd0afd679,
1970-02-19 00:00:00,,,0,,30001.0,2022-04-29 17:31:48.556,,com.sec.android.app.shealth,7b167d6e26f48768,
1970-02-19 00:00:00,,,0,,,2022-05-24 10:01:30.013,,com.sec.android.app.shealth,59f01046c7dc109d,
1970-02-19 00:00:00,,,0,,,2022-04-26 09:50:16.500,,com.sec.android.app.shealth,a1f14e18710c3e9a,
1970-02-19 00:00:00,,,0,,30001.0,2022-05-17 09:48:59.049,,com.sec.android.app.shealth,5c91f89645bd4004,
1970-02-19 00:00:00,,,0,,30001.0,2022-04-08 15:27:11.475,,com.sec.android.app.shealth,21abb7c83b003f8a,
1970-02-19 00:00:00,,,0,,,2022-04-30 16:11:20.651,,com.sec.android.app.shealth,a8da5f6b4e817e56,
1970-02-19 00:00:00,,,0,,,2022-02-27 16:55:28.190,,com.sec.android.app.shealth,a155356ba1fbd0dd,
1970-02-19 00:00:00,,,0,,30001.0,2022-03-19 14:59:05.685,,com.sec.android.app.shealth,b5b1fb44d8952137,
1970-02-19 00:00:00,,,0,,,2022-03-18 08:16:08.866,,com.sec.android.app.shealth,8590ed742cf01108,
1970-02-19 00:00:00,,,0,,30001.0,2022-02-25 10:28:54.416,,com.sec.android.app.shealth,c23682d6bdb6c318,
1970-02-19 00:00:00,,,0,,30001.0,2022-04-20 11:55:43.230,,com.sec.android.app.shealth,17e70b2fd0afd679,
1970-02-19 00:00:00,,,0,,30001.0,2022-04-27 13:04:03.007,,com.sec.android.app.shealth,af759d32fe388d28,
1970-02-19 00:00:00,,,0,,,2022-02-27 10:46:58.860,,com.sec.android.app.shealth,a9ea50c6cbbffa33,
1970-02-19 00:00:00,,,0,,,2022-04-30 16:10:55.113,,com.sec.android.app.shealth,4764651d97eb27c1,
1970-02-19 00:00:00,,,0,,30001.0,2022-04-01 15:19:45.559,,com.sec.android.app.shealth,6b8f9bbe2b292547,
1970-02-19 00:00:00,,,0,,30001.0,2022-01-29 08:43:12.073,,com.sec.android.app.shealth,c83ba7181764d320,
1970-02-19 00:00:00,,,0,,30001.0,2022-04-08 15:10:33.122,,com.sec.android.app.shealth,d411e0359eba8b3c,
1970-02-19 00:00:00,,,0,,,2022-05-01 15:27:13.137,,com.sec.android.app.shealth,e7883461c2ffe115,
1970-02-19 00:00:00,,,0,,30001.0,2022-04-20 16:37:15.699,,com.sec.android.app.shealth,98fc1dac2acea5b1,
1970-02-19 00:00:00,,,0,,,2022-03-07 07:06:29.711,,com.sec.android.app.shealth,f9c7887745e01a61,
1970-02-19 00:00:00,,,0,,30001.0,2022-05-08 16:43:14.012,,com.sec.android.app.shealth,e15274dcfe2d0cb5,
1970-02-19 00:00:00,,,0,,,2022-03-05 18:08:33.733,,com.sec.android.app.shealth,3985b9412c8ac4a1,
1970-02-19 00:00:00,,,0,,,2022-01-27 13:55:47.109,,com.sec.android.app.shealth,1f3d64284bf97fbb,
1970-02-19 00:00:00,,,0,,30001.0,2022-02-25 15:03:39.237,,com.sec.android.app.shealth,52ebab80b30e4922,
1970-02-19 00:00:00,,,0,,,2022-01-30 16:47:19.816,,com.sec.android.app.shealth,3d6726ca34bd7bb1,
1970-02-19 00:00:00,,,0,,30001.0,2022-02-12 08:38:55.420,,com.sec.android.app.shealth,f81b732a59389bd6,
1970-02-19 00:00:00,,,0,,30001.0,2022-04-12 18:11:34.012,,com.sec.android.app.shealth,75485751573113b8,
1970-02-19 00:00:00,,,0,,30001.0,2022-02-25 13:43:38.366,,com.sec.android.app.shealth,8cd7bb48d0965648,
1970-02-19 00:00:00,,,0,,30001.0,2022-04-01 13:02:59.944,,com.sec.android.app.shealth,7b748182fb711845,
1970-02-19 00:00:00,,,0,,30001.0,2022-02-17 13:56:35.157,,com.sec.android.app.shealth,f81b732a59389bd6,
1970-02-19 00:00:00,,,0,,30001.0,2022-04-07 10:35:08.710,,com.sec.android.app.shealth,d411e0359eba8b3c,
1970-02-19 00:00:00,,,0,,,2021-08-04 16:07:13.215,,com.sec.android.app.shealth,98fc1dac2acea5b1,
1970-02-19 00:00:00,,,0,,30001.0,2022-01-14 13:36:41.783,,com.sec.android.app.shealth,98f7b27b623938c7,
1970-02-19 00:00:00,,,0,,30001.0,2021-10-02 11:00:05.562,,com.sec.android.app.shealth,7665a1519d9063ed,
1970-02-19 00:00:00,,,1,,30001.0,2021-06-05 14:55:02.302,,com.sec.android.app.shealth,,
1970-02-19 00:00:00,,,0,,30001.0,2021-11-06 12:04:18.298,,com.sec.android.app.shealth,6ae85ab2acc3965f,
1970-02-19 00:00:00,,,0,,,2021-07-14 18:07:55.237,,com.sec.android.app.shealth,f7e653dfd6ed91b3,
1970-02-19 00:00:00,,,0,,30001.0,2021-12-03 13:58:09.377,,com.sec.android.app.shealth,0729c13ebd725201,
1970-02-19 00:00:00,,,0,,,2021-10-08 12:52:12.388,,com.sec.android.app.shealth,d0436c33cdcd6e02,
1970-02-19 00:00:00,,,0,,30001.0,2021-08-09 16:02:46.268,,com.sec.android.app.shealth,40b2ddd4fee0a477,
1970-02-19 00:00:00,,,0,,,2021-05-31 10:23:53.412,,com.sec.android.app.shealth,34fa0e42f17dcd17,
1970-02-19 00:00:00,,,0,,,2021-10-19 09:11:57.360,,com.sec.android.app.shealth,98f7b27b623938c7,
1970-02-19 00:00:00,,,0,,,2021-05-31 11:00:57.578,,com.sec.android.app.shealth,1ff4793933596abf,
1970-02-19 00:00:00,,,0,,30001.0,2021-12-14 10:09:13.423,,com.sec.android.app.shealth,c23682d6bdb6c318,
1970-02-19 00:00:00,,,0,,,2021-09-28 09:16:55.273,,com.sec.android.app.shealth,ff33857db48c94bd,
1970-02-19 00:00:00,,,0,,30001.0,2022-01-13 13:37:17.831,,com.sec.android.app.shealth,21abb7c83b003f8a,
1970-02-19 00:00:00,,,0,,,2021-07-22 17:13:55.243,,com.sec.android.app.shealth,748857f8a13b102c,
1970-02-19 00:00:00,,,0,,,2022-01-13 14:24:48.305,,com.sec.android.app.shealth,f81b732a59389bd6,
1970-02-19 00:00:00,,,0,,30001.0,2021-07-16 18:38:33.531,,com.sec.android.app.shealth,814ed67f994391ff,
1970-02-19 00:00:00,,,0,,,2021-08-04 09:45:48.512,,com.sec.android.app.shealth,5bbaf725f9d37c08,
1970-02-19 00:00:00,,,0,,30001.0,2021-12-10 16:26:01.279,,com.sec.android.app.shealth,6b8f9bbe2b292547,
1970-02-19 00:00:00,,,0,,30001.0,2021-09-11 07:25:06.361,,com.sec.android.app.shealth,7665a1519d9063ed,
1970-02-19 00:00:00,,,0,,,2021-12-13 19:04:58.657,,com.sec.android.app.shealth,49bf9b2dc2b9de2f,
1970-02-19 00:00:00,,,0,,30001.0,2021-11-24 16:11:49.396,,com.sec.android.app.shealth,dc0ca0bbe9e0e5ef,
1970-02-19 00:00:00,,,1,,30001.0,2021-05-12 14:35:01.545,,com.sec.android.app.shealth,,
1970-02-19 00:00:00,,,0,,,2021-06-15 18:01:38.241,,com.sec.android.app.shealth,d0436c33cdcd6e02,
1970-02-19 00:00:00,,,0,,30001.0,2021-12-14 10:49:24.381,,com.sec.android.app.shealth,a99479af5e9b150b,
1970-02-19 00:00:00,,,0,,30001.0,2021-06-29 19:23:44.388,,com.sec.android.app.shealth,6ae85ab2acc3965f,
1970-02-19 00:00:00,,,0,,,2021-05-31 11:33:38.251,,com.sec.android.app.shealth,fd91ce9f7f9b8567,
1970-02-19 00:00:00,,,0,,,2022-03-18 08:13:58.359,,com.sec.android.app.shealth,c6c1c2f53a755c83,
1970-02-19 00:00:00,,,0,,,2021-05-31 12:21:37.422,,com.sec.android.app.shealth,f7ebd8cbe6eb3df8,
1970-02-19 00:00:00,,,0,,,2021-07-31 20:23:58.781,,com.sec.android.app.shealth,820bca0b77af8259,
1970-02-19 00:00:00,,,0,,,2021-10-24 16:37:06.296,,com.sec.android.app.shealth,db58b6c40698d737,
1970-02-19 00:00:00,,,1,,30001.0,2021-08-27 13:55:29.471,,com.sec.android.app.shealth,,
1970-02-19 00:00:00,,,0,,30001.0,2021-11-29 14:05:38.388,,com.sec.android.app.shealth,af759d32fe388d28,
1970-02-19 00:00:00,,,1,,30001.0,2021-05-14 15:30:02.856,,com.sec.android.app.shealth,,
1970-02-19 00:00:00,,,0,,,2021-07-14 18:54:09.268,,com.sec.android.app.shealth,9aea2a1b404a5059,
1970-02-19 00:00:00,,,0,,,2021-07-05 17:20:51.303,,com.sec.android.app.shealth,dc0ca0bbe9e0e5ef,
1970-02-19 00:00:00,,,0,,,2021-07-21 19:12:32.251,,com.sec.android.app.shealth,3d6dd38612747d0c,
1970-02-19 00:00:00,,,0,,,2021-09-18 12:50:02.336,,com.sec.android.app.shealth,c915025295d5f92b,
1970-02-19 00:00:00,,,1,,30001.0,2022-06-03 10:40:26.778,,com.sec.android.app.shealth,,
1970-02-19 00:00:00,,,0,,30001.0,2022-03-05 08:44:37.144,,com.sec.android.app.shealth,db58b6c40698d737,
1970-02-19 00:00:00,,,0,,30001.0,2022-04-01 17:34:55.704,,com.sec.android.app.shealth,9ff0e3599d4f6552,
1970-02-19 00:00:00,,,0,,,2022-05-03 09:34:46.633,,com.sec.android.app.shealth,b1171f78497385c0,
1970-02-19 00:00:00,,,0,,30001.0,2022-02-25 16:14:44.100,,com.sec.android.app.shealth,d411e0359eba8b3c,
1970-02-19 00:00:00,,,0,,,2022-03-18 08:15:20.349,,com.sec.android.app.shealth,3212071bfe91881b,
1970-02-19 00:00:00,,,1,,30001.0,2022-05-17 09:50:38.056,,com.sec.android.app.shealth,,
1970-02-19 00:00:00,,,0,,,2022-08-23 14:32:56.407,,com.sec.android.app.shealth,705c1b2706f47841,
1970-02-19 00:00:00,,,0,,,2022-04-05 09:42:35.360,,com.sec.android.app.shealth,f24deeca8e081b09,
1970-02-19 00:00:00,,,0,,,2022-04-08 13:43:48.391,,com.sec.android.app.shealth,d3acbe38f54bc433,
1970-02-19 00:00:00,,,0,,30001.0,2022-04-20 10:02:42.532,,com.sec.android.app.shealth,c455af0db9fd47d4,
1970-02-19 00:00:00,,,0,,30001.0,2022-05-21 07:41:49.013,,com.sec.android.app.shealth,d0436c33cdcd6e02,
1970-02-19 00:00:00,,,0,,30001.0,2022-04-27 12:38:06.952,,com.sec.android.app.shealth,7b748182fb711845,
1970-02-19 00:00:00,,,0,,30001.0,2022-04-16 15:29:18.505,,com.sec.android.app.shealth,5d6ba45ee1d5e169,
1970-02-19 00:00:00,,,0,,,2022-04-30 16:11:42.032,,com.sec.android.app.shealth,b19982a8cd212f0f,
1970-02-19 00:00:00,,,0,,,2022-08-23 14:26:00.444,,com.sec.android.app.shealth,5746168ff06ecea0,
1970-02-19 00:00:00,,,0,,30001.0,2022-03-05 12:00:18.938,,com.sec.android.app.shealth,f81b732a59389bd6,
1970-02-19 00:00:00,,,0,,30001.0,2022-01-19 14:01:29.957,,com.sec.android.app.shealth,21abb7c83b003f8a,
1970-02-19 00:00:00,,,0,,30001.0,2021-12-03 13:39:10.391,,com.sec.android.app.shealth,55d58fdcf9edbf86,
1970-02-19 00:00:00,,,0,,30001.0,2021-11-12 13:47:12.326,,com.sec.android.app.shealth,0589abecb964e139,
1970-02-19 00:00:00,,,0,,,2021-08-20 08:50:21.451,,com.sec.android.app.shealth,537a1b20b5ee2427,
1970-02-19 00:00:00,,,0,,30001.0,2021-11-16 10:35:43.274,,com.sec.android.app.shealth,17e70b2fd0afd679,
1970-02-19 00:00:00,,,0,,30001.0,2022-01-12 13:38:55.405,,com.sec.android.app.shealth,3311663049fc19e9,
1970-02-19 00:00:00,,,0,,30001.0,2021-11-13 12:05:46.463,,com.sec.android.app.shealth,de64346f732f769b,
1970-02-19 00:00:00,,,1,,30001.0,2021-05-12 13:55:02.666,,com.sec.android.app.shealth,,
1970-02-19 00:00:00,,,0,,,2021-07-16 18:09:36.319,,com.sec.android.app.shealth,3311663049fc19e9,
1970-02-19 00:00:00,,,0,,,2021-12-13 19:05:20.998,,com.sec.android.app.shealth,b1597a9b7e2ccaf0,
1970-02-19 00:00:00,,,0,,,2021-06-13 19:05:38.291,,com.sec.android.app.shealth,ee36dd09533bf8d7,
1970-02-19 00:00:00,,,0,,,2021-11-14 16:41:21.309,,com.sec.android.app.shealth,1fd7e12824983914,
1970-02-19 00:00:00,,,0,,,2021-10-12 09:55:13.247,,com.sec.android.app.shealth,be2b775cb8cd43b8,
1970-02-19 00:00:00,,,0,,,2021-07-09 06:26:10.210,,com.sec.android.app.shealth,df23cc1a4afe837f,
1970-02-19 00:00:00,,,0,,30001.0,2021-06-20 17:45:00.317,,com.sec.android.app.shealth,17445e8d3ac69e93,
1970-02-19 00:00:00,,,0,,30001.0,2021-10-20 12:37:48.275,,com.sec.android.app.shealth,3883138a87732955,
1970-02-19 00:00:00,,,0,,30001.0,2021-11-29 13:41:00.320,,com.sec.android.app.shealth,94e634ac63620eab,
1970-02-19 00:00:00,,,0,,30001.0,2021-06-20 16:33:31.226,,com.sec.android.app.shealth,d0436c33cdcd6e02,
1970-02-19 00:00:00,,,0,,30001.0,2021-11-20 11:59:25.309,,com.sec.android.app.shealth,7665a1519d9063ed,
1970-02-19 00:00:00,,,0,,30001.0,2021-08-27 13:46:46.378,,com.sec.android.app.shealth,98f7b27b623938c7,
1970-02-19 00:00:00,,,0,,30001.0,2022-04-20 11:22:16.604,,com.sec.android.app.shealth,db58b6c40698d737,
1970-02-19 00:00:00,,,0,,,2022-04-03 15:19:23.397,,com.sec.android.app.shealth,21abb7c83b003f8a,
1970-02-19 00:00:00,,,0,,,2022-05-22 15:55:49.965,,com.sec.android.app.shealth,b478fdfee29a5496,
1970-02-19 00:00:00,,,0,,30001.0,2022-06-21 08:25:51.577,,com.sec.android.app.shealth,f32c417ac495d52b,
1970-02-19 00:00:00,,,0,,30001.0,2022-06-04 15:37:17.541,,com.sec.android.app.shealth,d79434f4278fa661,
1970-02-19 00:00:00,,,0,,30001.0,2022-07-04 21:13:39.284,,com.sec.android.app.shealth,0b9d95512b4384db,
1970-02-19 00:00:00,,,0,,,2022-06-24 05:45:17.549,,com.sec.android.app.shealth,2de3754fdfe42120,
1970-02-19 00:00:00,,,0,,30001.0,2022-06-09 15:16:53.540,,com.sec.android.app.shealth,6380b14ebfde66df,
1970-02-19 00:00:00,,,0,,30001.0,2022-06-24 15:56:28.495,,com.sec.android.app.shealth,2e12c864ec5ae8d3,
1970-02-19 00:00:00,,,1,,30001.0,2022-07-24 18:24:09.336,,com.sec.android.app.shealth,,
1970-02-19 00:00:00,,,0,,,2022-06-14 09:32:13.678,,com.sec.android.app.shealth,372b8f44dcd1d9f9,
1970-02-19 00:00:00,,,0,,30001.0,2022-06-17 15:37:16.972,,com.sec.android.app.shealth,9ff0e3599d4f6552,
1970-02-19 00:00:00,,,0,,30001.0,2022-08-01 18:19:55.314,,com.sec.android.app.shealth,6b8f9bbe2b292547,
1970-02-19 00:00:00,,,0,,,2022-07-11 15:30:52.485,,com.sec.android.app.shealth,3989839d0885ba64,
1970-02-19 00:00:00,,,0,,30001.0,2022-06-29 13:29:45.433,,com.sec.android.app.shealth,a400a30746bfcff2,
1970-02-19 00:00:00,,,0,,30001.0,2022-06-21 13:50:41.288,,com.sec.android.app.shealth,ff33857db48c94bd,
1970-02-19 00:00:00,,,0,,30001.0,2022-06-22 08:32:12.463,,com.sec.android.app.shealth,09635fb15fb6801c,
1970-02-19 00:00:00,,,0,,,2022-08-23 14:34:56.121,,com.sec.android.app.shealth,0fd561786eadee68,
1970-02-19 00:00:00,,,1,,30001.0,2022-07-24 21:05:30.005,,com.sec.android.app.shealth,,
1970-02-19 00:00:00,,,0,,30001.0,2022-06-25 13:53:56.890,,com.sec.android.app.shealth,4cf04b118f5e7bc5,
1970-02-19 00:00:00,,,0,,30001.0,2022-06-07 13:41:13.649,,com.sec.android.app.shealth,64ad95b5f35464a5,
1970-02-19 00:00:00,,,0,,30001.0,2022-06-20 18:47:26.051,,com.sec.android.app.shealth,39a755661b40f12e,
1970-02-19 00:00:00,,,0,,30001.0,2022-07-27 20:30:37.571,,com.sec.android.app.shealth,f81b732a59389bd6,
1970-02-19 00:00:00,,,0,,30001.0,2022-07-06 13:55:16.910,,com.sec.android.app.shealth,6e5f8fa0684c4deb,
1970-02-19 00:00:00,,,0,,30001.0,2022-07-08 13:29:43.153,,com.sec.android.app.shealth,52ebab80b30e4922,
1970-02-19 00:00:00,,,0,,,2022-07-05 09:42:37.646,,com.sec.android.app.shealth,34de9269bf7068ca,
1970-02-19 00:00:00,,,0,,30001.0,2022-08-03 12:23:08.544,,com.sec.android.app.shealth,dc371291bd7ac8a2,
1970-02-19 00:00:00,,,0,,30001.0,2022-06-17 15:56:48.433,,com.sec.android.app.shealth,c455af0db9fd47d4,
1970-02-19 00:00:00,,,0,,30001.0,2022-06-20 08:08:02.497,,com.sec.android.app.shealth,57a48d59d54db969,
1970-02-19 00:00:00,,,0,,30001.0,2022-07-07 20:31:08.399,,com.sec.android.app.shealth,b751e27d810bfbb3,
1970-02-19 00:00:00,,,0,,30001.0,2022-06-05 13:32:46.253,,com.sec.android.app.shealth,836ea26749e1e308,
1970-02-19 00:00:00,,,0,,30001.0,2022-07-02 13:32:41.164,,com.sec.android.app.shealth,6e5f8fa0684c4deb,
1970-02-19 00:00:00,,,0,,,2022-07-12 19:39:03.002,,com.sec.android.app.shealth,dd722cd8fe460551,
1970-02-19 00:00:00,,,0,,30001.0,2022-06-16 18:14:56.044,,com.sec.android.app.shealth,3d6dd38612747d0c,
1970-02-19 00:00:00,,,0,,30001.0,2022-07-15 10:41:59.538,,com.sec.android.app.shealth,c0faa5f07166b1df,
1970-02-19 00:00:00,,,0,,30001.0,2022-06-05 19:28:24.794,,com.sec.android.app.shealth,f7ebd8cbe6eb3df8,
1970-02-19 00:00:00,,,0,,30001.0,2022-07-23 21:13:05.977,,com.sec.android.app.shealth,ee36dd09533bf8d7,
1970-02-19 00:00:00,,,0,,30001.0,2022-07-22 18:39:36.446,,com.sec.android.app.shealth,17445e8d3ac69e93,
1970-02-19 00:00:00,,,0,,30001.0,2022-06-21 13:19:57.617,,com.sec.android.app.shealth,ff2927a85a6b929a,
1970-02-19 00:00:00,,,0,,30001.0,2022-06-03 10:41:01.667,,com.sec.android.app.shealth,d79434f4278fa661,
1970-02-19 00:00:00,,,0,,30001.0,2022-08-09 20:11:56.002,,com.sec.android.app.shealth,23d08f806baf13bd,
1970-02-19 00:00:00,,,0,,30001.0,2022-06-22 13:34:10.408,,com.sec.android.app.shealth,72b52d83b6922ce2,
1970-02-19 00:00:00,,,0,,30001.0,2022-07-08 14:16:46.346,,com.sec.android.app.shealth,d0436c33cdcd6e02,
1970-02-19 00:00:00,,,0,,30001.0,2022-06-13 08:14:44.904,,com.sec.android.app.shealth,0979c5b7b302c2ee,
1970-02-19 00:00:00,,,0,,30001.0,2022-06-16 13:29:32.723,,com.sec.android.app.shealth,8039d8b3aa9ed4f2,
1970-02-19 00:00:00,,,0,,,2022-08-17 20:06:18.355,,com.sec.android.app.shealth,0691a3411cdcc1ab,
1970-02-19 00:00:00,,,0,,30001.0,2022-06-14 08:09:58.275,,com.sec.android.app.shealth,5bae28d306e64715,
1970-02-19 00:00:00,,,0,,30001.0,2022-07-30 22:37:50.850,,com.sec.android.app.shealth,701a5f474c87a4c6,
1970-02-19 00:00:00,,,0,,30001.0,2022-06-20 18:02:12.299,,com.sec.android.app.shealth,dc0ca0bbe9e0e5ef,
1970-02-19 00:00:00,,,0,,30001.0,2022-07-22 21:25:39.117,,com.sec.android.app.shealth,11a86311d39aaaf9,
1970-02-19 00:00:00,,,0,,,2022-08-17 19:24:40.197,,com.sec.android.app.shealth,5bae28d306e64715,
1970-02-19 00:00:00,,,0,,30001.0,2022-07-16 15:20:06.740,,com.sec.android.app.shealth,c83ba7181764d320,
1970-02-19 00:00:00,,,0,,30001.0,2022-06-07 16:04:03.963,,com.sec.android.app.shealth,cd5ba8c08fcc8fdf,
1970-02-19 00:00:00,,,0,,30001.0,2022-07-08 19:22:33.772,,com.sec.android.app.shealth,96898cc4137f6373,
1970-02-19 00:00:00,,,0,,30001.0,2022-06-15 14:30:55.191,,com.sec.android.app.shealth,3657f8d24e110ac9,
1970-02-19 00:00:00,,,0,,30001.0,2022-06-24 07:58:16.722,,com.sec.android.app.shealth,6380b14ebfde66df,
1970-02-19 00:00:00,,,0,,30001.0,2022-06-24 10:06:41.535,,com.sec.android.app.shealth,af759d32fe388d28,
1970-02-19 00:00:00,,,0,,,2022-06-15 09:42:33.935,,com.sec.android.app.shealth,49b8be4c60d18d97,
1970-02-19 00:00:00,,,1,,30001.0,2022-08-09 19:56:19.707,,com.sec.android.app.shealth,,
1970-02-19 00:00:00,,,0,,30001.0,2022-07-01 20:47:55.679,,com.sec.android.app.shealth,396dd13bad3c7339,
1970-02-19 00:00:00,,,0,,30001.0,2022-05-31 15:52:49.366,,com.sec.android.app.shealth,dc371291bd7ac8a2,
1970-02-19 00:00:00,,,0,,30001.0,2022-08-10 18:41:10.622,,com.sec.android.app.shealth,059a49f832d80349,
1970-02-19 00:00:00,,,0,,30001.0,2022-05-31 11:36:14.210,,com.sec.android.app.shealth,a99479af5e9b150b,
1970-02-19 00:00:00,,,0,,30001.0,2022-06-17 14:54:03.362,,com.sec.android.app.shealth,3311663049fc19e9,
1970-02-19 00:00:00,,,0,,,2022-06-24 06:25:40.739,,com.sec.android.app.shealth,44d392de31d569d4,
1970-02-19 00:00:00,,,0,,,2022-06-30 08:20:17.109,,com.sec.android.app.shealth,e1f954c6edf1b4fe,
1970-02-19 00:00:00,,,0,,,2022-07-15 16:59:30.467,,com.sec.android.app.shealth,5cb480df2edded0a,
1970-02-19 00:00:00,,,0,,30001.0,2022-06-17 16:51:40.453,,com.sec.android.app.shealth,02b3bd14b7d5b855,
1970-02-19 00:00:00,,,1,,30001.0,2022-08-10 19:28:15.413,,com.sec.android.app.shealth,,
1970-02-19 00:00:00,,,0,,30001.0,2022-08-10 19:27:59.585,,com.sec.android.app.shealth,f24deeca8e081b09,
1970-02-19 00:00:00,,,0,,,2022-07-22 18:08:08.394,,com.sec.android.app.shealth,37f34f5d201e3956,
1970-02-19 00:00:00,,,0,,30001.0,2022-07-13 10:33:28.611,,com.sec.android.app.shealth,b66c24d2f2b1c0f6,
1970-02-19 00:00:00,,,0,,30001.0,2022-06-09 16:17:21.936,,com.sec.android.app.shealth,05e300642513b2f6,
1970-02-19 00:00:00,,,0,,30001.0,2022-07-08 11:00:40.637,,com.sec.android.app.shealth,4cf04b118f5e7bc5,
1970-02-19 00:00:00,,,0,,30001.0,2022-06-16 17:38:04.238,,com.sec.android.app.shealth,af759d32fe388d28,
1970-02-19 00:00:00,,,1,,30001.0,2022-07-26 19:35:01.443,,com.sec.android.app.shealth,,
1970-02-19 00:00:00,,,0,,30001.0,2022-06-27 07:43:11.234,,com.sec.android.app.shealth,5afc581cc9ea399a,
1970-02-19 00:00:00,,,0,,30001.0,2022-06-13 16:15:02.425,,com.sec.android.app.shealth,d3acbe38f54bc433,
1970-02-19 00:00:00,,,0,,,2022-07-05 08:01:30.704,,com.sec.android.app.shealth,76204643b8cf03ec,
1970-02-19 00:00:00,,,0,,,2021-07-22 17:41:10.272,,com.sec.android.app.shealth,b3323a5e36ceb036,
1970-02-19 00:00:00,,,0,,30001.0,2022-06-27 12:43:10.420,,com.sec.android.app.shealth,f81b732a59389bd6,
1970-02-19 00:00:00,,,0,,30001.0,2022-06-20 17:45:19.249,,com.sec.android.app.shealth,d411e0359eba8b3c,
1970-02-19 00:00:00,,,0,,30001.0,2022-04-29 16:24:17.080,,com.sec.android.app.shealth,a5bfdd2dfe63083e,
1970-02-19 00:00:00,,,0,,,2022-04-30 16:12:16.144,,com.sec.android.app.shealth,ccae65b466634d5f,
1970-02-19 00:00:00,,,0,,30001.0,2022-04-02 07:47:44.702,,com.sec.android.app.shealth,f7ebd8cbe6eb3df8,
1970-02-19 00:00:00,,,0,,30001.0,2022-06-13 18:34:40.255,,com.sec.android.app.shealth,1a979a40756975ca,
1970-02-19 00:00:00,,,0,,30001.0,2022-06-14 15:37:35.276,,com.sec.android.app.shealth,c915025295d5f92b,
1970-02-19 00:00:00,,,0,,30001.0,2022-07-05 16:56:43.372,,com.sec.android.app.shealth,0a5ebfe887c9e054,
1970-02-19 00:00:00,,,0,,,2022-06-29 12:36:27.411,,com.sec.android.app.shealth,315e8b5bd887834c,
1970-02-19 00:00:00,,,0,,30001.0,2022-06-25 16:35:43.316,,com.sec.android.app.shealth,9ff0e3599d4f6552,
1970-02-19 00:00:00,,,1,,30001.0,2022-08-14 14:27:08.110,,com.sec.android.app.shealth,,
1970-02-19 00:00:00,,,0,,30001.0,2022-06-27 14:21:36.386,,com.sec.android.app.shealth,2e634014062b7f60,
1970-02-19 00:00:00,,,0,,30001.0,2022-06-14 13:59:55.571,,com.sec.android.app.shealth,c3848f1b7caa9d9c,
1970-02-19 00:00:00,,,0,,30001.0,2022-06-20 13:22:19.876,,com.sec.android.app.shealth,e1281e1ba5667bc5,
1970-02-19 00:00:00,,,0,,30001.0,2022-06-13 17:02:39.582,,com.sec.android.app.shealth,d3acbe38f54bc433,
1970-02-19 00:00:00,,,0,,30001.0,2022-06-17 08:25:53.797,,com.sec.android.app.shealth,10abc2d0fe99e210,
1970-02-19 00:00:00,,,0,,30001.0,2022-07-16 14:55:22.252,,com.sec.android.app.shealth,257a85d35ed6a007,
1970-02-19 00:00:00,,,0,,,2022-03-18 08:14:13.027,,com.sec.android.app.shealth,c52f9b210793041e,
1970-02-19 00:00:00,,,0,,30001.0,2022-05-14 11:00:23.076,,com.sec.android.app.shealth,7b748182fb711845,
1970-02-19 00:00:00,,,0,,30001.0,2022-04-11 17:15:01.976,,com.sec.android.app.shealth,42f9908592a1fcad,
1970-02-19 00:00:00,,,0,,,2022-01-16 16:46:10.338,,com.sec.android.app.shealth,b4efef7556023533,
1970-02-19 00:00:00,,,0,,,2022-03-14 07:04:04.073,,com.sec.android.app.shealth,e954c4a1f93edb54,
1970-02-19 00:00:00,,,0,,,2022-05-10 09:27:22.331,,com.sec.android.app.shealth,f7ebd8cbe6eb3df8,
1970-02-19 00:00:00,,,1,,30001.0,2022-05-21 07:40:28.060,,com.sec.android.app.shealth,,
1970-02-19 00:00:00,,,0,,,2022-05-01 15:56:11.325,,com.sec.android.app.shealth,3d6dd38612747d0c,
1970-02-19 00:00:00,,,0,,,2022-08-23 14:24:55.130,,com.sec.android.app.shealth,814ed67f994391ff,
1970-02-19 00:00:00,,,0,,30001.0,2022-03-19 13:31:26.373,,com.sec.android.app.shealth,814ed67f994391ff,
1970-02-19 00:00:00,,,0,,,2022-02-23 09:58:02.890,,com.sec.android.app.shealth,e83445c3f45fded8,
1970-02-19 00:00:00,,,0,,30001.0,2022-07-08 21:50:16.162,,com.sec.android.app.shealth,58928b600aad6f6a,
1970-02-19 00:00:00,,,0,,30001.0,2022-04-08 17:29:33.189,,com.sec.android.app.shealth,3165cccbbaa779bb,
1970-02-19 00:00:00,,,0,,30001.0,2022-02-17 13:42:40.366,,com.sec.android.app.shealth,836ea26749e1e308,
1970-02-19 00:00:00,,,0,,30001.0,2022-01-22 11:58:50.578,,com.sec.android.app.shealth,c23682d6bdb6c318,
1970-02-19 00:00:00,,,0,,,2022-02-27 17:23:27.431,,com.sec.android.app.shealth,54ad3cf3ed045a4a,
1970-02-19 00:00:00,,,0,,30001.0,2022-03-12 12:03:53.189,,com.sec.android.app.shealth,4bf4f525504cc0a2,
1970-02-19 00:00:00,,,0,,,2022-02-27 17:56:54.801,,com.sec.android.app.shealth,329148c33e9f1229,
1970-02-19 00:00:00,,,0,,,2022-03-11 07:08:41.348,,com.sec.android.app.shealth,2d017ef45fde3445,
1970-02-19 00:00:00,,,0,,30001.0,2022-02-25 15:24:21.026,,com.sec.android.app.shealth,64ad95b5f35464a5,
1970-02-19 00:00:00,,,1,,30001.0,2022-02-18 17:15:00.992,,com.sec.android.app.shealth,,
1970-02-19 00:00:00,,,1,,30001.0,2022-06-23 18:55:01.567,,com.sec.android.app.shealth,,
1970-02-19 00:00:00,,,0,,,2022-07-08 07:15:24.375,,com.sec.android.app.shealth,acf8fb91d810a0cd,
1970-02-19 00:00:00,,,0,,,2022-08-23 14:35:07.288,,com.sec.android.app.shealth,141cbc88e3331a8a,
1970-02-19 00:00:00,,,0,,,2022-07-12 20:11:35.590,,com.sec.android.app.shealth,30fd2d185b545dcc,
1970-02-19 00:00:00,,,1,,30001.0,2022-08-09 18:57:26.288,,com.sec.android.app.shealth,,
1970-02-19 00:00:00,,,0,,30001.0,2022-06-20 14:14:42.605,,com.sec.android.app.shealth,701a5f474c87a4c6,
1970-02-19 00:00:00,,,0,,30001.0,2022-08-09 18:56:01.973,,com.sec.android.app.shealth,21abb7c83b003f8a,
1970-02-19 00:00:00,,,0,,30001.0,2022-07-28 21:04:04.748,,com.sec.android.app.shealth,0b9d95512b4384db,
1970-02-19 00:00:00,,,0,,,2022-08-23 14:33:16.913,,com.sec.android.app.shealth,f24deeca8e081b09,
1970-02-19 00:00:00,,,0,,30001.0,2022-05-31 12:55:05.604,,com.sec.android.app.shealth,c83ba7181764d320,
1970-02-19 00:00:00,,,0,,30001.0,2022-06-17 11:46:21.850,,com.sec.android.app.shealth,db58b6c40698d737,
1970-02-19 00:00:00,,,0,,30001.0,2022-06-05 12:51:29.285,,com.sec.android.app.shealth,db58b6c40698d737,
1970-02-19 00:00:00,,,0,,30001.0,2022-06-14 13:33:10.856,,com.sec.android.app.shealth,96fbe862757b5038,
1970-02-19 00:00:00,,,0,,30001.0,2022-06-22 18:52:44.654,,com.sec.android.app.shealth,0b9d95512b4384db,
1970-02-19 00:00:00,,,1,,30001.0,2022-08-10 18:55:03.468,,com.sec.android.app.shealth,,
1970-02-19 00:00:00,,,0,,30001.0,2022-06-15 08:12:07.984,,com.sec.android.app.shealth,45efed81cd24a730,
1970-02-19 00:00:00,,,0,,,2022-07-30 12:32:58.178,,com.sec.android.app.shealth,99db45369e5fbd72,
1970-02-19 00:00:00,,,0,,30001.0,2022-07-06 18:53:53.214,,com.sec.android.app.shealth,11a86311d39aaaf9,
1970-02-19 00:00:00,,,0,,30001.0,2022-06-14 19:31:44.710,,com.sec.android.app.shealth,6e5f8fa0684c4deb,
1970-02-19 00:00:00,,,0,,30001.0,2022-08-13 14:59:19.037,,com.sec.android.app.shealth,f81b732a59389bd6,
1970-02-19 00:00:00,,,0,,30001.0,2022-06-28 19:20:56.488,,com.sec.android.app.shealth,2e12c864ec5ae8d3,
1970-02-19 00:00:00,,,0,,30001.0,2022-06-29 08:34:22.169,,com.sec.android.app.shealth,45efed81cd24a730,
1970-02-19 00:00:00,,,0,,30001.0,2022-06-16 08:10:07.403,,com.sec.android.app.shealth,f20032c43d0ea68c,
1970-02-19 00:00:00,,,0,,30001.0,2022-06-03 12:10:44.651,,com.sec.android.app.shealth,05e300642513b2f6,
1970-02-19 00:00:00,,,0,,,2022-06-23 06:36:08.289,,com.sec.android.app.shealth,abb4fa824f8bf235,
1970-02-19 00:00:00,,,0,,30001.0,2022-07-31 19:11:32.091,,com.sec.android.app.shealth,235d2855568abf81,
1970-02-19 00:00:00,,,0,,30001.0,2022-06-07 14:42:14.122,,com.sec.android.app.shealth,ff33857db48c94bd,
1970-02-19 00:00:00,,,0,,30001.0,2022-08-03 19:10:37.038,,com.sec.android.app.shealth,a99479af5e9b150b,
1970-02-19 00:00:00,,,0,,30001.0,2022-06-04 14:38:29.107,,com.sec.android.app.shealth,11a86311d39aaaf9,
1970-02-19 00:00:00,,,0,,30001.0,2022-08-13 17:25:33.889,,com.sec.android.app.shealth,f32c417ac495d52b,
1970-02-19 00:00:00,,,0,,30001.0,2022-07-13 20:18:33.989,,com.sec.android.app.shealth,90143e149bc14bed,
1970-02-19 00:00:00,,,0,,30001.0,2022-06-27 13:26:28.164,,com.sec.android.app.shealth,5af3d77399d7c46e,
1970-02-19 00:00:00,,,0,,30001.0,2022-06-24 11:56:39.659,,com.sec.android.app.shealth,98fc1dac2acea5b1,
1970-02-19 00:00:00,,,0,,30001.0,2022-06-26 20:19:58.952,,com.sec.android.app.shealth,025c7187d3c75c4a,
1970-02-19 00:00:00,,,0,,30001.0,2022-06-23 13:46:16.686,,com.sec.android.app.shealth,f24deeca8e081b09,
1970-02-19 00:00:00,,,0,,30001.0,2022-05-27 11:52:17.884,,com.sec.android.app.shealth,52ebab80b30e4922,
1970-02-19 00:00:00,,,0,,30001.0,2022-06-27 08:32:49.702,,com.sec.android.app.shealth,f072e2c8003ee27e,
1970-02-19 00:00:00,,,0,,30001.0,2022-06-23 08:22:01.372,,com.sec.android.app.shealth,0077c5e36bfe0806,
1970-02-19 00:00:00,,,0,,30001.0,2022-06-26 14:17:14.037,,com.sec.android.app.shealth,aeac4a8d64b39b7a,
1970-02-19 00:00:00,,,0,,,2022-08-17 18:27:14.520,,com.sec.android.app.shealth,6380b14ebfde66df,
1970-02-19 00:00:00,,,0,,30001.0,2022-07-22 13:09:57.738,,com.sec.android.app.shealth,7bda944751f64518,
1970-02-19 00:00:00,,,0,,30001.0,2021-06-13 18:48:04.243,,com.sec.android.app.shealth,05e300642513b2f6,
1970-02-19 00:00:00,,,0,,30001.0,2021-10-23 10:59:17.259,,com.sec.android.app.shealth,ef200d24a60e6310,
1970-02-19 00:00:00,,,0,,30001.0,2017-08-31 20:31:11.798,,com.sec.android.app.shealth,9f8353ef688e8f00,
1970-02-19 00:00:00,,,1,,,2018-06-17 07:59:14.972,,com.sec.android.app.shealth,,
1970-02-19 00:00:00,,,0,,,2021-01-29 17:41:52.964,,com.sec.android.app.shealth,db033c0939e16c11,
1970-02-19 00:00:00,,,1,,,2018-06-19 21:03:13.950,,com.sec.android.app.shealth,,
1970-02-19 00:00:00,,,1,,,2020-07-30 10:20:33.789,,com.sec.android.app.shealth,,
1970-02-19 00:00:00,,,1,,30001.0,2021-03-16 17:52:08.451,,com.sec.android.app.shealth,,
1970-02-19 00:00:00,,,0,,,2020-12-22 16:26:32.546,,com.sec.android.app.shealth,4d0f80779819241d,
1970-02-19 00:00:00,,,1,,,2019-10-16 14:48:17.287,,com.sec.android.app.shealth,,
1970-02-19 00:00:00,,,1,,,2018-06-25 18:17:30.032,,com.sec.android.app.shealth,,
1970-02-19 00:00:00,,,0,,30001.0,2021-02-16 16:20:41.404,,com.sec.android.app.shealth,f85f0b0b20252734,
1970-02-19 00:00:00,,,0,,,2020-12-11 16:26:30.249,,com.sec.android.app.shealth,aad18c32ecbddd8e,
1970-02-19 00:00:00,,,0,,30001.0,2018-07-27 14:16:44.651,,com.sec.android.app.shealth,cf08ce2f1c95a63c,
1970-02-19 00:00:00,,,1,,,2018-06-28 16:45:01.560,,com.sec.android.app.shealth,,
1970-02-19 00:00:00,,,1,,,2020-10-07 14:24:42.282,,com.sec.android.app.shealth,,
1970-02-19 00:00:00,,,0,,,2020-10-25 16:57:28.545,,com.sec.android.app.shealth,a5eb39af0ff03148,
1970-02-19 00:00:00,,,0,,,2021-02-10 14:46:04.735,,com.sec.android.app.shealth,765cdcc69ad67f1a,
1970-02-19 00:00:00,,,0,,30001.0,2021-02-17 17:41:27.733,,com.sec.android.app.shealth,025c7187d3c75c4a,
1970-02-19 00:00:00,,,0,,,2021-04-29 05:50:06.181,,com.sec.android.app.shealth,8318308cce020632,
1970-02-19 00:00:00,,,0,,,2020-10-25 12:44:24.417,,com.sec.android.app.shealth,26b1abb961007a23,
1970-02-19 00:00:00,,,1,,,2018-11-10 21:14:00.847,,com.sec.android.app.shealth,,
1970-02-19 00:00:00,,,0,,30001.0,2019-01-13 10:33:10.092,,com.sec.android.app.shealth,c23bd5669dab87af,
1970-02-19 00:00:00,,,0,,30001.0,2020-08-14 15:43:02.369,,com.sec.android.app.shealth,6a617e06010e07ba,
1970-02-19 00:00:00,,,1,,,2020-01-01 18:20:35.745,,com.sec.android.app.shealth,,
1970-02-19 00:00:00,,,0,,,2021-04-07 10:31:19.448,,com.sec.android.app.shealth,7560164250057df5,
1970-02-19 00:00:00,,,1,,,2020-08-15 16:48:03.740,,com.sec.android.app.shealth,,
1970-02-19 00:00:00,,,0,,30001.0,2019-08-02 20:11:15.141,,com.sec.android.app.shealth,1e42eb63318ecbc9,
1970-02-19 00:00:00,,,1,,,2019-05-11 20:25:35.059,,com.sec.android.app.shealth,,
1970-02-19 00:00:00,,,1,,30001.0,2021-02-26 16:13:34.170,,com.sec.android.app.shealth,,
1970-02-19 00:00:00,,,1,,30001.0,2020-10-17 15:12:45.020,,com.sec.android.app.shealth,169ca71d57cb33bb,
1970-02-19 00:00:00,,,1,,30001.0,2021-02-26 14:41:57.051,,com.sec.android.app.shealth,,
1970-02-19 00:00:00,,,0,,,2021-05-05 09:27:51.327,,com.sec.android.app.shealth,6b8f9bbe2b292547,
1970-02-19 00:00:00,,,0,,,2020-11-27 16:28:52.358,,com.sec.android.app.shealth,98f7b27b623938c7,
1970-02-19 00:00:00,,,0,,,2021-04-21 06:45:05.763,,com.sec.android.app.shealth,c60329a2abebcbf3,
1970-02-19 00:00:00,,,1,,,2019-08-07 17:54:00.172,,com.sec.android.app.shealth,,
1970-02-19 00:00:00,,,0,,,2020-12-16 14:03:37.545,,com.sec.android.app.shealth,c455af0db9fd47d4,
1970-02-19 00:00:00,,,0,,30001.0,2021-02-28 16:35:13.268,,com.sec.android.app.shealth,9391df79cf01ed7c,
1970-02-19 00:00:00,,,1,,,2020-06-01 13:11:43.301,,com.sec.android.app.shealth,,
1970-02-19 00:00:00,,,0,,,2021-05-06 11:35:41.248,,com.sec.android.app.shealth,9ff0e3599d4f6552,
1970-02-19 00:00:00,,,0,,,2021-04-14 14:20:13.203,,com.sec.android.app.shealth,77c5dafbc53ac9a6,
1970-02-19 00:00:00,,,1,,,2018-06-28 13:38:57.414,,com.sec.android.app.shealth,,
1970-02-19 00:00:00,,,0,,,2021-03-02 16:53:28.819,,com.sec.android.app.shealth,c361c7466f7e0bbb,
1970-02-19 00:00:00,,,0,,,2021-04-10 09:07:11.632,,com.sec.android.app.shealth,60c4e05c6c3f533c,
1970-02-19 00:00:00,,,0,,,2021-01-27 21:50:29.317,,com.sec.android.app.shealth,0d1710188bc526af,
1970-02-19 00:00:00,,,1,,,2019-07-10 18:03:07.316,,com.sec.android.app.shealth,,
1970-02-19 00:00:00,,,0,,30001.0,2020-08-07 18:05:35.074,,com.sec.android.app.shealth,825c3bf1f5ea376b,
1970-02-19 00:00:00,,,1,,,2018-08-12 01:54:31.865,,com.sec.android.app.shealth,,
1970-02-19 00:00:00,,,1,,,2018-06-03 15:26:28.623,,com.sec.android.app.shealth,,
1970-02-19 00:00:00,,,0,,,2021-05-06 11:50:56.268,,com.sec.android.app.shealth,c23682d6bdb6c318,
1970-02-19 00:00:00,,,0,,30001.0,2018-06-10 16:52:31.209,,com.sec.android.app.shealth,44a186171a9c3779,
1970-02-19 00:00:00,,,0,,,2020-11-22 16:15:06.390,,com.sec.android.app.shealth,a4595593b77ec8c2,
1970-02-19 00:00:00,,,1,,,2020-07-21 17:45:16.580,,com.sec.android.app.shealth,,
1970-02-19 00:00:00,,,1,,,2020-07-23 14:23:54.047,,com.sec.android.app.shealth,,
1970-02-19 00:00:00,,,0,,,2021-02-10 13:59:52.393,,com.sec.android.app.shealth,7c402a33a02a954c,
1970-02-19 00:00:00,,,1,,,2018-06-28 08:07:35.308,,com.sec.android.app.shealth,,
1970-02-19 00:00:00,,,0,,,2021-04-14 06:06:49.987,,com.sec.android.app.shealth,ebdfa83ab252b46e,
1970-02-19 00:00:00,,,1,,30001.0,2021-03-30 18:07:16.408,,com.sec.android.app.shealth,,
1970-02-19 00:00:00,,,1,,30001.0,2019-02-07 13:05:42.623,,com.sec.android.app.shealth,42fd300c53cf8c60,
1970-02-19 00:00:00,,,1,,,2021-01-05 15:39:59.110,,com.sec.android.app.shealth,,
1970-02-19 00:00:00,,,0,,30001.0,2021-02-16 16:38:51.324,,com.sec.android.app.shealth,48c39c4ce0217611,
1970-02-19 00:00:00,,,1,,,2020-10-07 13:51:42.824,,com.sec.android.app.shealth,,
1970-02-19 00:00:00,,,1,,,2020-08-21 15:31:39.777,,com.sec.android.app.shealth,,
1970-02-19 00:00:00,,,0,,30001.0,2020-07-22 16:33:53.607,,com.sec.android.app.shealth,3eb4dc1fe59ee6d0,
1970-02-19 00:00:00,,,1,,30001.0,2021-03-19 15:52:41.489,,com.sec.android.app.shealth,,
1970-02-19 00:00:00,,,1,,,2020-07-23 19:11:54.776,,com.sec.android.app.shealth,,
1970-02-19 00:00:00,,,0,,,2021-03-03 14:55:53.909,,com.sec.android.app.shealth,1f43ff7a867fb790,
1970-02-19 00:00:00,,,1,,,2018-04-18 18:34:30.369,,com.sec.android.app.shealth,,
1970-02-19 00:00:00,,,1,,30001.0,2021-03-16 16:55:02.317,,com.sec.android.app.shealth,,
1970-02-19 00:00:00,,,1,,30001.0,2018-09-15 16:42:27.585,,com.sec.android.app.shealth,d76d66991ad77a34,
1970-02-19 00:00:00,,,1,,30001.0,2021-03-19 14:35:03.342,,com.sec.android.app.shealth,,
1970-02-19 00:00:00,,,0,,30001.0,2020-10-08 12:17:54.849,,com.sec.android.app.shealth,4d3499572690f68d,
1970-02-19 00:00:00,,,0,,,2020-12-16 14:42:54.106,,com.sec.android.app.shealth,3643dba27b56f9fa,
1970-02-19 00:00:00,,,0,,30001.0,2017-10-03 17:38:32.620,,com.sec.android.app.shealth,82c70cf7c20aac44,
1970-02-19 00:00:00,,,1,,,2018-04-24 19:27:09.751,,com.sec.android.app.shealth,,
1970-02-19 00:00:00,,,1,,,2019-05-16 12:19:00.820,,com.sec.android.app.shealth,,
1970-02-19 00:00:00,,,1,,,2019-10-16 13:15:13.590,,com.sec.android.app.shealth,,
1970-02-19 00:00:00,,,1,,,2018-04-13 14:39:24.451,,com.sec.android.app.shealth,,
1970-02-19 00:00:00,,,0,,,2020-11-11 15:11:58.371,,com.sec.android.app.shealth,c3bde75b796d7346,
1970-02-19 00:00:00,,,0,,,2021-04-26 05:54:11.764,,com.sec.android.app.shealth,44ba81a77778e669,
1970-02-19 00:00:00,,,1,,30001.0,2021-03-30 17:32:08.489,,com.sec.android.app.shealth,,
1970-02-19 00:00:00,,,1,,30001.0,2019-07-14 21:08:46.398,,com.sec.android.app.shealth,92c1df511062215d,
1970-02-19 00:00:00,,,0,,,2020-12-17 08:52:48.413,,com.sec.android.app.shealth,6b8f9bbe2b292547,
1970-02-19 00:00:00,,,0,,,2021-04-09 09:13:27.342,,com.sec.android.app.shealth,9dcc56b8fd7ecb02,
1970-02-19 00:00:00,,,0,,30001.0,2021-03-12 17:20:40.442,,com.sec.android.app.shealth,0729c13ebd725201,
1970-02-19 00:00:00,,,1,,,2019-06-28 14:54:06.697,,com.sec.android.app.shealth,,
1970-02-19 00:00:00,,,0,,30001.0,2021-02-16 17:00:57.443,,com.sec.android.app.shealth,55d58fdcf9edbf86,
1970-02-19 00:00:00,,,1,,,2019-08-01 17:14:41.928,,com.sec.android.app.shealth,,
1970-02-19 00:00:00,,,0,,,2021-03-16 10:50:10.230,,com.sec.android.app.shealth,b67f403d2c8f0621,
1970-02-19 00:00:00,,,1,,30001.0,2021-03-19 15:15:07.362,,com.sec.android.app.shealth,,
1970-02-19 00:00:00,,,0,,,2021-04-30 16:29:04.667,,com.sec.android.app.shealth,a58b20a2cbf594d8,
1970-02-19 00:00:00,,,1,,,2018-07-06 01:35:00.097,,com.sec.android.app.shealth,,
1970-02-19 00:00:00,,,0,,,2020-12-09 15:24:26.465,,com.sec.android.app.shealth,5c27f6a2260e0e04,
1970-02-19 00:00:00,,,0,,,2021-04-05 10:04:23.260,,com.sec.android.app.shealth,33c4076d151b8dd1,
1970-02-19 00:00:00,,,1,,,2018-10-05 12:42:17.579,,com.sec.android.app.shealth,,
1970-02-19 00:00:00,,,1,,,2019-11-16 16:10:30.714,,com.sec.android.app.shealth,,
1970-02-19 00:00:00,,,0,,,2021-04-12 06:50:35.580,,com.sec.android.app.shealth,a613de6abab18e7d,
1970-02-19 00:00:00,,,1,,,2020-10-31 18:00:55.578,,com.sec.android.app.shealth,,
1970-02-19 00:00:00,,,0,,,2021-04-04 09:27:29.971,,com.sec.android.app.shealth,d4935085a0a1f988,
1970-02-19 00:00:00,,,0,,30001.0,2021-12-18 08:39:37.329,,com.sec.android.app.shealth,f97a13577367c1d6,
1970-02-19 00:00:00,,,0,,30001.0,2021-12-18 12:01:03.429,,com.sec.android.app.shealth,f97a13577367c1d6,
1970-02-19 00:00:00,,,0,,,2021-12-19 17:32:36.218,,com.sec.android.app.shealth,329148c33e9f1229,
1970-02-19 00:00:00,,,0,,,2021-12-19 16:23:14.253,,com.sec.android.app.shealth,39a755661b40f12e,
1970-02-19 00:00:00,,,0,,,2021-12-19 15:42:42.032,,com.sec.android.app.shealth,6380b14ebfde66df,
1970-02-19 00:00:00,,,0,,,2021-12-20 14:06:36.322,,com.sec.android.app.shealth,f81b732a59389bd6,
1970-02-19 00:00:00,,,0,,,2021-12-21 10:58:50.348,,com.sec.android.app.shealth,e7883461c2ffe115,
1970-02-19 00:00:00,,,1,,,2020-06-01 15:15:22.568,,com.sec.android.app.shealth,,
1970-02-19 00:00:00,,,0,,30001.0,2021-12-22 17:56:37.291,,com.sec.android.app.shealth,40b2ddd4fee0a477,
1970-02-19 00:00:00,,,1,,,2018-11-16 12:06:41.873,,com.sec.android.app.shealth,,
1970-02-19 00:00:00,,,0,,,2021-04-08 09:47:05.570,,com.sec.android.app.shealth,7420b5f83e710f3d,
1970-02-19 00:00:00,,,1,,,2019-06-28 11:56:38.267,,com.sec.android.app.shealth,,
1970-02-19 00:00:00,,,0,,30001.0,2021-02-15 17:05:53.301,,com.sec.android.app.shealth,21a211d498ff2293,
1970-02-19 00:00:00,,,0,,,2020-12-20 15:15:09.475,,com.sec.android.app.shealth,acd41710892414dd,
1970-02-19 00:00:00,,,0,,30001.0,2021-04-04 15:06:31.308,,com.sec.android.app.shealth,a99479af5e9b150b,
1970-02-19 00:00:00,,,1,,30001.0,2021-03-16 16:58:54.995,,com.sec.android.app.shealth,,
1970-02-19 00:00:00,,,0,,30001.0,2021-02-18 17:29:18.433,,com.sec.android.app.shealth,4b28a7af7cd67294,
1970-02-19 00:00:00,,,0,,30001.0,2017-09-18 16:37:18.990,,com.sec.android.app.shealth,f03a09d60f253bf5,
1970-02-19 00:00:00,,,1,,,2020-06-24 18:51:50.213,,com.sec.android.app.shealth,,
1970-02-19 00:00:00,,,0,,30001.0,2017-08-27 20:05:00.049,,com.sec.android.app.shealth,393daa65ed0fa2e3,
1970-02-19 00:00:00,,,1,,,2019-02-12 15:24:46.361,,com.sec.android.app.shealth,,
1970-02-19 00:00:00,,,0,,,2021-04-03 10:22:03.459,,com.sec.android.app.shealth,b459e38b04070694,
1970-02-19 00:00:00,,,1,,,2020-06-01 16:37:32.387,,com.sec.android.app.shealth,,
1970-02-19 00:00:00,,,0,,,2021-04-06 09:51:09.632,,com.sec.android.app.shealth,117ab25e75f206e6,
1970-02-19 00:00:00,,,1,,,2018-04-08 17:25:58.265,,com.sec.android.app.shealth,,
1970-02-19 00:00:00,,,1,,,2018-06-28 08:46:58.161,,com.sec.android.app.shealth,,
1970-02-19 00:00:00,,,1,,,2018-08-12 02:52:56.438,,com.sec.android.app.shealth,,
1970-02-19 00:00:00,,,0,,30001.0,2020-11-25 14:22:51.931,,com.sec.android.app.shealth,26c9a96ce053a14d,
1970-02-19 00:00:00,,,1,,,2018-04-25 13:41:00.975,,com.sec.android.app.shealth,,
1970-02-19 00:00:00,,,1,,,2019-04-17 17:21:31.225,,com.sec.android.app.shealth,,
1970-02-19 00:00:00,,,1,,30001.0,2020-11-22 17:23:30.259,,com.sec.android.app.shealth,0ab8748629e341d5,
1970-02-19 00:00:00,,,1,,,2019-07-07 16:08:22.880,,com.sec.android.app.shealth,,
1970-02-19 00:00:00,,,0,,30001.0,2018-07-28 23:47:01.306,,com.sec.android.app.shealth,a01856907db0a0e2,
1970-02-19 00:00:00,,,0,,30001.0,2021-02-17 18:30:11.008,,com.sec.android.app.shealth,be2b775cb8cd43b8,
1970-02-19 00:00:00,,,1,,30001.0,2019-07-15 18:54:11.113,,com.sec.android.app.shealth,4650893700fb271d,
1970-02-19 00:00:00,,,1,,,2018-06-29 18:51:22.207,,com.sec.android.app.shealth,,
1970-02-19 00:00:00,,,0,,30001.0,2021-02-18 17:46:01.373,,com.sec.android.app.shealth,e83763df0a559307,
1970-02-19 00:00:00,,,0,,30001.0,2017-08-22 15:05:22.438,,com.sec.android.app.shealth,1e99f9bef05c63a5,
1970-02-19 00:00:00,,,0,,30001.0,2020-11-07 17:38:38.383,,com.sec.android.app.shealth,0083609bb8957b41,
1970-02-19 00:00:00,,,1,,,2018-03-29 13:04:52.335,,com.sec.android.app.shealth,,
1970-02-19 00:00:00,,,1,,,2020-02-16 10:18:05.429,,com.sec.android.app.shealth,,
1970-02-19 00:00:00,,,1,,,2018-06-19 18:40:21.182,,com.sec.android.app.shealth,,
1970-02-19 00:00:00,,,1,,,2020-10-08 12:12:37.770,,com.sec.android.app.shealth,,
1970-02-19 00:00:00,,,0,,,2021-04-13 05:50:21.882,,com.sec.android.app.shealth,dc99fb34061ceac9,
1970-02-19 00:00:00,,,1,,,2019-01-02 20:38:13.898,,com.sec.android.app.shealth,,
1970-02-19 00:00:00,,,1,,,2018-06-29 13:27:10.017,,com.sec.android.app.shealth,,
1970-02-19 00:00:00,,,0,,30001.0,2018-06-24 08:08:38.898,,com.sec.android.app.shealth,b5ca8969255933be,
1970-02-19 00:00:00,,,0,,,2021-04-19 08:39:51.775,,com.sec.android.app.shealth,09d4299d6dc17a77,
1970-02-19 00:00:00,,,0,,30001.0,2021-05-04 08:30:48.436,,com.sec.android.app.shealth,94e634ac63620eab,
1970-02-19 00:00:00,,,1,,,2018-06-17 08:30:20.580,,com.sec.android.app.shealth,,
1970-02-19 00:00:00,,,0,,,2021-04-14 13:38:12.580,,com.sec.android.app.shealth,1b9ff5e22b88e0c5,
1970-02-19 00:00:00,,,1,,30001.0,2021-02-21 17:53:23.122,,com.sec.android.app.shealth,,
1970-02-19 00:00:00,,,0,,,2022-03-19 18:16:30.014,,com.sec.android.app.shealth,49dd584da6b4ec8d,
1970-02-19 00:00:00,,,0,,30001.0,2018-07-27 14:08:48.121,,com.sec.android.app.shealth,9f8a67d8c7ec9e1d,
1970-02-19 00:00:00,,,0,,30001.0,2021-02-16 17:35:53.330,,com.sec.android.app.shealth,05e300642513b2f6,
1970-02-19 00:00:00,,,0,,,2021-05-06 08:17:51.187,,com.sec.android.app.shealth,f97a13577367c1d6,
1970-02-19 00:00:00,,,1,,,2019-06-28 11:15:26.854,,com.sec.android.app.shealth,,
1970-02-19 00:00:00,,,1,,,2018-09-07 09:01:48.543,,com.sec.android.app.shealth,,
1970-02-19 00:00:00,,,0,,,2021-04-17 07:34:10.043,,com.sec.android.app.shealth,99daba9e287f827e,
1970-02-19 00:00:00,,,1,,30001.0,2021-03-24 15:05:33.934,,com.sec.android.app.shealth,,
1970-02-19 00:00:00,,,0,,,2021-06-19 18:25:32.233,,com.sec.android.app.shealth,e984f92e19d19ffe,
1970-02-19 00:00:00,,,0,,30001.0,2021-12-11 12:03:09.321,,com.sec.android.app.shealth,6b8f9bbe2b292547,
1970-02-19 00:00:00,,,0,,30001.0,2021-11-13 12:27:25.451,,com.sec.android.app.shealth,db58b6c40698d737,
1970-02-19 00:00:00,,,0,,,2021-06-15 18:13:45.240,,com.sec.android.app.shealth,6af8ae730d1c1c1b,
1970-02-19 00:00:00,,,0,,,2021-08-25 14:10:12.279,,com.sec.android.app.shealth,21abb7c83b003f8a,
1970-02-19 00:00:00,,,0,,,2021-10-19 10:03:30.068,,com.sec.android.app.shealth,0b0675a8ffe068f7,
1970-02-19 00:00:00,,,0,,,2021-11-28 22:01:09.436,,com.sec.android.app.shealth,4aae356a7af0e0e2,
1970-02-19 00:00:00,,,0,,30001.0,2021-10-16 10:59:49.392,,com.sec.android.app.shealth,b690285b6e60662d,
1970-02-19 00:00:00,,,0,,,2021-10-17 15:53:23.676,,com.sec.android.app.shealth,abca6c3d36b80c93,
1970-02-19 00:00:00,,,0,,,2021-06-15 18:38:30.209,,com.sec.android.app.shealth,e6b00b13e7edbf54,
1970-02-19 00:00:00,,,0,,,2021-11-07 17:07:28.308,,com.sec.android.app.shealth,db58b6c40698d737,
1970-02-19 00:00:00,,,0,,,2021-07-14 17:16:43.212,,com.sec.android.app.shealth,a34f9fc60a040c2b,
1970-02-19 00:00:00,,,0,,30001.0,2021-07-07 18:03:01.999,,com.sec.android.app.shealth,dc0ca0bbe9e0e5ef,
1970-02-19 00:00:00,,,0,,,2021-11-14 17:39:33.558,,com.sec.android.app.shealth,ee36dd09533bf8d7,
1970-02-19 00:00:00,,,0,,30001.0,2021-11-30 13:55:06.312,,com.sec.android.app.shealth,7665a1519d9063ed,
1970-02-19 00:00:00,,,0,,,2021-06-16 18:25:30.211,,com.sec.android.app.shealth,b1d20c3b0325efe8,
1970-02-19 00:00:00,,,1,,30001.0,2021-05-14 17:08:13.425,,com.sec.android.app.shealth,,
1970-02-19 00:00:00,,,0,,,2021-08-27 16:40:39.896,,com.sec.android.app.shealth,f13bc3e2a96f8d70,
1970-02-19 00:00:00,,,0,,30001.0,2021-07-21 18:45:17.210,,com.sec.android.app.shealth,4cf04b118f5e7bc5,
1970-02-19 00:00:00,,,0,,,2021-09-21 09:45:28.259,,com.sec.android.app.shealth,5ea2ed9b13224d64,
1970-02-19 00:00:00,,,0,,30001.0,2022-01-10 13:44:26.323,,com.sec.android.app.shealth,6d3d088095cb6ca3,
1970-02-19 00:00:00,,,0,,30001.0,2021-11-27 08:59:28.230,,com.sec.android.app.shealth,5ea2ed9b13224d64,
1970-02-19 00:00:00,,,0,,30001.0,2021-07-22 19:08:57.387,,com.sec.android.app.shealth,b35c70042fb78628,
1970-02-19 00:00:00,,,0,,,2021-07-17 09:55:08.394,,com.sec.android.app.shealth,7073ffef88ee0c3d,
1970-02-19 00:00:00,,,0,,30001.0,2021-12-10 16:43:15.130,,com.sec.android.app.shealth,b690285b6e60662d,
1970-02-19 00:00:00,,,0,,30001.0,2021-08-27 12:08:14.294,,com.sec.android.app.shealth,11a86311d39aaaf9,
1970-02-19 00:00:00,,,0,,30001.0,2021-06-09 20:10:10.373,,com.sec.android.app.shealth,de64346f732f769b,
1970-02-19 00:00:00,,,0,,,2021-08-17 19:39:01.519,,com.sec.android.app.shealth,a7edee2b6387207a,
1970-02-19 00:00:00,,,0,,,2021-08-17 19:07:32.390,,com.sec.android.app.shealth,705c1b2706f47841,
1970-02-19 00:00:00,,,0,,,2021-10-08 13:04:17.097,,com.sec.android.app.shealth,40b2ddd4fee0a477,
1970-02-19 00:00:00,,,0,,,2021-05-31 17:39:40.716,,com.sec.android.app.shealth,2a18d611bbd6529f,
1970-02-19 00:00:00,,,0,,,2021-11-22 14:05:15.260,,com.sec.android.app.shealth,21abb7c83b003f8a,
1970-02-19 00:00:00,,,0,,,2021-07-08 18:43:21.375,,com.sec.android.app.shealth,f7ebd8cbe6eb3df8,
1970-02-19 00:00:00,,,0,,,2021-07-17 16:42:11.264,,com.sec.android.app.shealth,5d6ba45ee1d5e169,
1970-02-19 00:00:00,,,0,,30001.0,2021-11-13 08:42:09.260,,com.sec.android.app.shealth,a99479af5e9b150b,
1970-02-19 00:00:00,,,0,,,2021-09-28 09:59:21.320,,com.sec.android.app.shealth,57a48d59d54db969,
1970-02-19 00:00:00,,,0,,30001.0,2021-11-13 13:34:42.395,,com.sec.android.app.shealth,17445e8d3ac69e93,
1970-02-19 00:00:00,,,0,,,2021-08-26 11:18:10.337,,com.sec.android.app.shealth,f97a13577367c1d6,
1970-02-19 00:00:00,,,0,,30001.0,2021-11-12 16:16:50.358,,com.sec.android.app.shealth,7b748182fb711845,
1970-02-19 00:00:00,,,0,,,2021-10-10 17:04:54.373,,com.sec.android.app.shealth,701a5f474c87a4c6,
1970-02-19 00:00:00,,,0,,,2021-11-08 15:28:24.314,,com.sec.android.app.shealth,8c45b96ab83f4fcc,
1970-02-19 00:00:00,,,0,,,2021-10-31 17:10:10.375,,com.sec.android.app.shealth,632420b423a1bdbc,
1970-02-19 00:00:00,,,0,,,2021-06-16 19:16:41.214,,com.sec.android.app.shealth,240104ad6eec99cf,
1970-02-19 00:00:00,,,0,,,2021-11-02 10:37:16.274,,com.sec.android.app.shealth,705c1b2706f47841,
1970-02-19 00:00:00,,,0,,,2021-09-11 13:21:39.424,,com.sec.android.app.shealth,cce84368b6d089e0,
1970-02-19 00:00:00,,,0,,30001.0,2022-01-07 13:35:51.014,,com.sec.android.app.shealth,f7ebd8cbe6eb3df8,
1970-02-19 00:00:00,,,0,,30001.0,2021-12-16 13:50:40.283,,com.sec.android.app.shealth,94e634ac63620eab,
1970-02-19 00:00:00,,,0,,30001.0,2021-06-29 18:22:43.404,,com.sec.android.app.shealth,e1b1b8a0c864da5b,
1970-02-19 00:00:00,,,0,,,2021-06-21 19:33:08.342,,com.sec.android.app.shealth,531066b01e9adf69,
1970-02-19 00:00:00,,,0,,,2021-11-26 21:03:32.289,,com.sec.android.app.shealth,3987b251d05fae67,
1970-02-19 00:00:00,,,1,,30001.0,2021-06-19 18:35:01.370,,com.sec.android.app.shealth,,
1970-02-19 00:00:00,,,0,,,2021-08-20 08:50:03.987,,com.sec.android.app.shealth,a6889a3821cd46de,
1970-02-19 00:00:00,,,0,,,2021-11-14 17:13:21.089,,com.sec.android.app.shealth,701a5f474c87a4c6,
1970-02-19 00:00:00,,,0,,,2021-06-07 18:10:42.219,,com.sec.android.app.shealth,96fbe862757b5038,
1970-02-19 00:00:00,,,0,,,2021-10-31 16:38:27.435,,com.sec.android.app.shealth,43b87f618caab482,
1970-02-19 00:00:00,,,0,,,2021-06-16 18:38:26.217,,com.sec.android.app.shealth,e685ceeb4399ba10,
1970-02-19 00:00:00,,,0,,,2021-10-24 16:14:03.320,,com.sec.android.app.shealth,a7edee2b6387207a,
1970-02-19 00:00:00,,,0,,,2021-08-31 09:52:12.356,,com.sec.android.app.shealth,17e70b2fd0afd679,
1970-02-19 00:00:00,,,0,,,2021-08-27 16:40:41.241,,com.sec.android.app.shealth,b3889992fbfb7747,
1970-02-19 00:00:00,,,0,,,2021-05-31 13:01:21.839,,com.sec.android.app.shealth,c32642d8514a611c,
1970-02-19 00:00:00,,,0,,,2021-08-27 16:40:40.493,,com.sec.android.app.shealth,d2e4cfc6ddc677de,
1970-02-19 00:00:00,,,0,,30001.0,2021-10-16 07:56:31.225,,com.sec.android.app.shealth,ef200d24a60e6310,
1970-02-19 00:00:00,,,0,,,2021-07-24 14:32:09.471,,com.sec.android.app.shealth,89a4a7092adabb46,
1970-02-19 00:00:00,,,0,,,2021-10-12 09:27:51.284,,com.sec.android.app.shealth,55d58fdcf9edbf86,
1970-02-19 00:00:00,,,0,,,2021-11-07 16:53:36.219,,com.sec.android.app.shealth,5afc581cc9ea399a,
1970-02-19 00:00:00,,,0,,30001.0,2021-10-20 12:54:37.592,,com.sec.android.app.shealth,b690285b6e60662d,
1970-02-19 00:00:00,,,0,,,2021-11-09 11:02:05.248,,com.sec.android.app.shealth,c5f96b8043e04db9,
1970-02-19 00:00:00,,,0,,,2021-10-10 16:20:32.310,,com.sec.android.app.shealth,e1b1b8a0c864da5b,
1970-02-19 00:00:00,,,0,,30001.0,2022-01-12 13:58:59.989,,com.sec.android.app.shealth,f7ebd8cbe6eb3df8,
1970-02-19 00:00:00,,,0,,,2021-07-16 15:32:24.300,,com.sec.android.app.shealth,6b7d28ad8e8a4e15,
1970-02-19 00:00:00,,,0,,,2021-06-05 15:57:12.167,,com.sec.android.app.shealth,257a85d35ed6a007,
1970-02-19 00:00:00,,,0,,,2021-11-07 17:58:25.203,,com.sec.android.app.shealth,a1f14e18710c3e9a,
1970-02-19 00:00:00,,,0,,30001.0,2021-10-23 07:54:11.394,,com.sec.android.app.shealth,de64346f732f769b,
1970-02-19 00:00:00,,,0,,,2021-07-14 18:22:27.240,,com.sec.android.app.shealth,e685ceeb4399ba10,
1970-02-19 00:00:00,,,0,,30001.0,2021-06-20 15:33:22.515,,com.sec.android.app.shealth,40b2ddd4fee0a477,
1970-02-19 00:00:00,,,0,,30001.0,2022-01-07 13:53:43.925,,com.sec.android.app.shealth,a99479af5e9b150b,
1970-02-19 00:00:00,,,0,,,2021-06-19 17:49:16.238,,com.sec.android.app.shealth,973eea60baf5323a,
1970-02-19 00:00:00,,,0,,,2021-10-24 17:00:20.388,,com.sec.android.app.shealth,3311663049fc19e9,
1970-02-19 00:00:00,,,0,,,2021-10-24 15:50:46.364,,com.sec.android.app.shealth,c915025295d5f92b,
1970-02-19 00:00:00,,,0,,,2021-04-20 08:08:41.458,,com.sec.android.app.shealth,15b8a082e33cfd9b,
1970-02-19 00:00:00,,,0,,,2021-02-24 14:48:10.792,,com.sec.android.app.shealth,4495a7854938068f,
1970-02-19 00:00:00,,,1,,,2018-04-28 13:28:05.302,,com.sec.android.app.shealth,,
1970-02-19 00:00:00,,,0,,30001.0,2021-02-15 18:08:32.442,,com.sec.android.app.shealth,b35c70042fb78628,
1970-02-19 00:00:00,,,1,,30001.0,2021-03-24 14:02:24.639,,com.sec.android.app.shealth,,
1970-02-19 00:00:00,,,1,,,2020-02-05 18:12:51.902,,com.sec.android.app.shealth,,
1970-02-19 00:00:00,,,1,,,2019-05-11 21:13:37.749,,com.sec.android.app.shealth,,
1970-02-19 00:00:00,,,0,,,2021-04-10 17:14:40.241,,com.sec.android.app.shealth,a99479af5e9b150b,
1970-02-19 00:00:00,,,0,,,2020-12-16 15:08:44.347,,com.sec.android.app.shealth,64f5147f817f7ff8,
1970-02-19 00:00:00,,,0,,,2021-04-16 05:02:42.468,,com.sec.android.app.shealth,b56e0c2d6b6ce16f,
1970-02-19 00:00:00,,,1,,,2020-06-21 21:09:30.150,,com.sec.android.app.shealth,,
1970-02-19 00:00:00,,,0,,,2021-11-07 17:26:00.211,,com.sec.android.app.shealth,7665a1519d9063ed,
1970-02-19 00:00:00,,,0,,,2021-07-16 14:48:32.207,,com.sec.android.app.shealth,cb90f787fe12dd33,
1970-02-19 00:00:00,,,1,,30001.0,2021-05-14 16:15:40.526,,com.sec.android.app.shealth,,
1970-02-19 00:00:00,,,1,,30001.0,2021-05-12 16:32:55.714,,com.sec.android.app.shealth,,
1970-02-19 00:00:00,,,1,,30001.0,2019-01-06 12:06:35.531,,com.sec.android.app.shealth,ab0a7359f2549cc6,
1970-02-19 00:00:00,,,0,,30001.0,2021-02-16 18:28:50.456,,com.sec.android.app.shealth,7fc375218c85850f,
1970-02-19 00:00:00,,,0,,,2021-04-16 06:07:07.412,,com.sec.android.app.shealth,24da4a01f7c1e511,
1970-02-19 00:00:00,,,0,,30001.0,2020-11-29 14:10:50.599,,com.sec.android.app.shealth,0efc416b4f1a1542,
1970-02-19 00:00:00,,,0,,30001.0,2017-09-18 17:50:15.311,,com.sec.android.app.shealth,9d9f54d80e818866,
1970-02-19 00:00:00,,,0,,30001.0,2017-09-17 16:52:52.681,,com.sec.android.app.shealth,efca42600a617388,
1970-02-19 00:00:00,,,0,,,2020-12-06 14:15:14.403,,com.sec.android.app.shealth,303a5941db9e81b4,
1970-02-19 00:00:00,,,0,,,2021-05-04 09:11:04.311,,com.sec.android.app.shealth,9080ee689c7d7b87,
1970-02-19 00:00:00,,,0,,,2021-04-13 09:12:12.353,,com.sec.android.app.shealth,ef62ad5b0120877e,
1970-02-19 00:00:00,,,1,,,2019-01-06 10:01:38.565,,com.sec.android.app.shealth,,
1970-02-19 00:00:00,,,0,,30001.0,2018-09-02 17:46:05.059,,com.sec.android.app.shealth,17ae855bedb45a04,
1970-02-19 00:00:00,,,0,,,2021-07-08 18:30:12.664,,com.sec.android.app.shealth,c71b2a2bebb15926,
1970-02-19 00:00:00,,,0,,,2021-03-10 15:51:35.507,,com.sec.android.app.shealth,5a5131c921b4986f,
1970-02-19 00:00:00,,,1,,,2019-05-11 19:33:27.865,,com.sec.android.app.shealth,,
1970-02-19 00:00:00,,,1,,,2020-09-08 10:39:39.280,,com.sec.android.app.shealth,,
1970-02-19 00:00:00,,,0,,30001.0,2017-08-28 17:27:51.848,,com.sec.android.app.shealth,db7667e679f2f16e,
1970-02-19 00:00:00,,,1,,,2020-09-07 14:00:05.657,,com.sec.android.app.shealth,,
1970-02-19 00:00:00,,,1,,,2020-07-02 14:05:37.438,,com.sec.android.app.shealth,,
1970-02-19 00:00:00,,,0,,,2021-01-27 14:01:26.758,,com.sec.android.app.shealth,ce9c2ae60154e413,
1970-02-19 00:00:00,,,0,,,2021-04-28 06:51:46.043,,com.sec.android.app.shealth,2e0eecf0256c16f6,
1970-02-19 00:00:00,,,0,,30001.0,2018-04-21 18:33:57.357,,com.sec.android.app.shealth,0e98d46d12f2b281,
1970-02-19 00:00:00,,,0,,30001.0,2022-01-13 13:53:32.904,,com.sec.android.app.shealth,d411e0359eba8b3c,
1970-02-19 00:00:00,,,0,,30001.0,2022-01-15 08:40:18.543,,com.sec.android.app.shealth,257a85d35ed6a007,
1970-02-19 00:00:00,,,0,,30001.0,2021-06-13 19:45:49.231,,com.sec.android.app.shealth,9ff0e3599d4f6552,
1970-02-19 00:00:00,,,0,,30001.0,2021-11-23 11:04:03.115,,com.sec.android.app.shealth,6b8f9bbe2b292547,
1970-02-19 00:00:00,,,0,,,2021-10-17 15:27:14.316,,com.sec.android.app.shealth,1f3d64284bf97fbb,
1970-02-19 00:00:00,,,0,,,2021-11-22 15:15:40.115,,com.sec.android.app.shealth,9080ee689c7d7b87,
1970-02-19 00:00:00,,,0,,,2021-09-14 09:38:47.721,,com.sec.android.app.shealth,e1b1b8a0c864da5b,
1970-02-19 00:00:00,,,0,,,2021-07-22 15:58:26.228,,com.sec.android.app.shealth,201d712d14eb0a9d,
1970-02-19 00:00:00,,,0,,,2021-07-07 18:03:05.533,,com.sec.android.app.shealth,64f5147f817f7ff8,
1970-02-19 00:00:00,,,0,,,2022-01-13 14:46:51.972,,com.sec.android.app.shealth,fc70861297c9eaaf,
1970-02-19 00:00:00,,,0,,,2021-11-14 17:54:56.084,,com.sec.android.app.shealth,55d58fdcf9edbf86,
1970-02-19 00:00:00,,,0,,30001.0,2021-11-27 12:03:19.295,,com.sec.android.app.shealth,b690285b6e60662d,
1970-02-19 00:00:00,,,1,,30001.0,2021-08-27 12:14:51.980,,com.sec.android.app.shealth,,
1970-02-19 00:00:00,,,0,,30001.0,2022-01-11 10:21:57.720,,com.sec.android.app.shealth,4bf4f525504cc0a2,
1970-02-19 00:00:00,,,1,,30001.0,2021-06-08 18:53:24.985,,com.sec.android.app.shealth,,
1970-02-19 00:00:00,,,0,,30001.0,2021-06-29 19:43:23.428,,com.sec.android.app.shealth,814ed67f994391ff,
1970-02-19 00:00:00,,,0,,30001.0,2021-07-07 18:03:08.797,,com.sec.android.app.shealth,dc0ca0bbe9e0e5ef,
1970-02-19 00:00:00,,,0,,30001.0,2022-01-10 14:04:23.225,,com.sec.android.app.shealth,52ebab80b30e4922,
1970-02-19 00:00:00,,,0,,,2021-08-04 09:45:23.556,,com.sec.android.app.shealth,76b845e4d3922396,
1970-02-19 00:00:00,,,0,,,2021-12-10 17:21:17.338,,com.sec.android.app.shealth,e1b1b8a0c864da5b,
1970-02-19 00:00:00,,,0,,,2021-10-05 09:27:47.409,,com.sec.android.app.shealth,c32642d8514a611c,
1970-02-19 00:00:00,,,0,,30001.0,2021-06-09 19:53:10.315,,com.sec.android.app.shealth,7cca7e53c123e3d7,
1970-02-19 00:00:00,,,1,,30001.0,2021-07-12 20:47:30.940,,com.sec.android.app.shealth,,
1970-02-19 00:00:00,,,0,,30001.0,2021-09-18 07:40:16.519,,com.sec.android.app.shealth,7665a1519d9063ed,
1970-02-19 00:00:00,,,0,,,2021-07-17 17:06:53.281,,com.sec.android.app.shealth,1a979a40756975ca,
1970-02-19 00:00:00,,,0,,30001.0,2021-10-09 11:02:01.324,,com.sec.android.app.shealth,6b8f9bbe2b292547,
1970-02-19 00:00:00,,,0,,,2021-07-14 08:02:11.323,,com.sec.android.app.shealth,46544a6bd3d28ca8,
1970-02-19 00:00:00,,,0,,,2021-06-15 17:24:49.831,,com.sec.android.app.shealth,7d161ed29039664b,
1970-02-19 00:00:00,,,0,,30001.0,2021-11-23 10:33:12.460,,com.sec.android.app.shealth,705c1b2706f47841,
1970-02-19 00:00:00,,,0,,30001.0,2022-01-15 11:59:28.451,,com.sec.android.app.shealth,f81b732a59389bd6,
1970-02-19 00:00:00,,,0,,,2021-09-13 10:28:15.258,,com.sec.android.app.shealth,55d58fdcf9edbf86,
1970-02-19 00:00:00,,,0,,,2022-01-11 11:01:23.861,,com.sec.android.app.shealth,0077c5e36bfe0806,
1970-02-19 00:00:00,,,0,,,2021-10-03 15:59:36.096,,com.sec.android.app.shealth,2e12c864ec5ae8d3,
1970-02-19 00:00:00,,,0,,,2021-06-16 18:06:47.182,,com.sec.android.app.shealth,ece5669fd73b7f07,
1970-02-19 00:00:00,,,0,,30001.0,2022-01-14 14:03:29.728,,com.sec.android.app.shealth,af759d32fe388d28,
1970-02-19 00:00:00,,,0,,,2021-10-23 12:35:29.589,,com.sec.android.app.shealth,ef200d24a60e6310,
1970-02-19 00:00:00,,,0,,,2021-08-27 16:40:40.245,,com.sec.android.app.shealth,3b5b9c3020fca511,
1970-02-19 00:00:00,,,1,,30001.0,2021-06-25 19:02:31.710,,com.sec.android.app.shealth,,
1970-02-19 00:00:00,,,0,,,2021-10-03 15:20:02.205,,com.sec.android.app.shealth,52ebab80b30e4922,
1970-02-19 00:00:00,,,0,,,2021-08-04 09:46:12.953,,com.sec.android.app.shealth,49d7ea40ab215b9f,
1970-02-19 00:00:00,,,0,,30001.0,2024-01-29 16:09:06.104,,com.sec.android.app.shealth,05e300642513b2f6,
1970-02-19 00:00:00,,,0,,,2022-06-16 14:31:01.106,,com.sec.android.app.shealth,8df016c62ce2a5a8,
1970-02-19 00:00:00,,,0,,30001.0,2022-06-22 14:29:43.528,,com.sec.android.app.shealth,9110f4b2b70834e2,
1970-02-19 00:00:00,,,0,,,2023-03-07 13:20:48.709,,com.sec.android.app.shealth,52ebab80b30e4922,
1970-02-19 00:00:00,,,0,,,2023-03-26 17:02:21.733,,com.sec.android.app.shealth,705c1b2706f47841,
1970-02-19 00:00:00,,,0,,30001.0,2023-05-27 09:33:33.688,,com.sec.android.app.shealth,1ff4793933596abf,
1970-02-19 00:00:00,,,0,,,2023-04-02 16:59:12.097,,com.sec.android.app.shealth,7b167d6e26f48768,
1970-02-19 00:00:00,,,0,,,2023-08-16 19:22:22.943,,com.sec.android.app.shealth,58928b600aad6f6a,
1970-02-19 00:00:00,,,0,,30001.0,2023-03-04 12:02:24.195,,com.sec.android.app.shealth,f7ebd8cbe6eb3df8,
1970-02-19 00:00:00,,,0,,30001.0,2023-08-03 19:21:50.181,,com.sec.android.app.shealth,814ed67f994391ff,
1970-02-19 00:00:00,,,0,,,2023-03-26 16:31:55.687,,com.sec.android.app.shealth,57a48d59d54db969,
1970-02-19 00:00:00,,,0,,,2023-05-21 15:52:00.013,,com.sec.android.app.shealth,c3848f1b7caa9d9c,
1970-02-19 00:00:00,,,0,,30001.0,2023-03-02 14:09:20.089,,com.sec.android.app.shealth,c455af0db9fd47d4,
1970-02-19 00:00:00,,,0,,30001.0,2023-04-01 11:05:37.885,,com.sec.android.app.shealth,c915025295d5f92b,
1970-02-19 00:00:00,,,0,,30001.0,2023-08-23 15:09:35.384,,com.sec.android.app.shealth,feff532714e9b11b,
1970-02-19 00:00:00,,,0,,30001.0,2023-08-25 19:26:31.478,,com.sec.android.app.shealth,57a48d59d54db969,
1970-02-19 00:00:00,,,0,,30001.0,2023-08-29 07:29:19.857,,com.sec.android.app.shealth,d0436c33cdcd6e02,
1970-02-19 00:00:00,,,0,,,2023-08-27 11:35:33.378,,com.sec.android.app.shealth,d66ceebbb9d678f4,
1970-02-19 00:00:00,,,0,,,2023-02-19 17:59:12.806,,com.sec.android.app.shealth,3a94abb603489339,
1970-02-19 00:00:00,,,0,,30001.0,2023-04-29 08:03:45.970,,com.sec.android.app.shealth,52ebab80b30e4922,
1970-02-19 00:00:00,,,0,,,2023-05-14 16:12:12.283,,com.sec.android.app.shealth,16f2970b101b42bc,
1970-02-19 00:00:00,,,0,,,2023-05-14 15:26:08.779,,com.sec.android.app.shealth,64f5147f817f7ff8,
1970-02-19 00:00:00,,,0,,30001.0,2023-08-21 21:13:49.537,,com.sec.android.app.shealth,52ebab80b30e4922,
1970-02-19 00:00:00,,,0,,,2023-02-24 13:34:42.227,,com.sec.android.app.shealth,1ff4793933596abf,
1970-02-19 00:00:00,,,0,,,2023-02-27 13:35:02.749,,com.sec.android.app.shealth,be2b775cb8cd43b8,
1970-02-19 00:00:00,,,0,,30001.0,2023-07-03 14:40:32.858,,com.sec.android.app.shealth,c3848f1b7caa9d9c,
1970-02-19 00:00:00,,,0,,30001.0,2023-04-20 12:10:34.046,,com.sec.android.app.shealth,6b8f9bbe2b292547,
1970-02-19 00:00:00,,,0,,30001.0,2023-03-12 20:58:09.443,,com.sec.android.app.shealth,f30bbbf5c3ee8001,
1970-02-19 00:00:00,,,0,,30001.0,2023-03-25 17:31:47.794,,com.sec.android.app.shealth,64ad95b5f35464a5,
1970-02-19 00:00:00,,,0,,,2023-09-02 10:28:50.540,,com.sec.android.app.shealth,01e05f564bb1cd2d,
1970-02-19 00:00:00,,,0,,30001.0,2023-05-14 17:03:02.586,,com.sec.android.app.shealth,af759d32fe388d28,
1970-02-19 00:00:00,,,0,,30001.0,2023-03-25 12:01:38.126,,com.sec.android.app.shealth,ff33857db48c94bd,
1970-02-19 00:00:00,,,0,,,2023-02-12 16:38:56.473,,com.sec.android.app.shealth,92d81e059c410ad9,
1970-02-19 00:00:00,,,0,,,2023-04-16 16:40:07.837,,com.sec.android.app.shealth,025c7187d3c75c4a,
1970-02-19 00:00:00,,,0,,30001.0,2023-03-09 08:26:47.615,,com.sec.android.app.shealth,6380b14ebfde66df,
1970-02-19 00:00:00,,,0,,30001.0,2023-08-23 16:51:04.238,,com.sec.android.app.shealth,a99479af5e9b150b,
1970-02-19 00:00:00,,,0,,30001.0,2023-07-03 15:37:08.904,,com.sec.android.app.shealth,55d58fdcf9edbf86,
1970-02-19 00:00:00,,,0,,30001.0,2023-05-12 18:33:42.300,,com.sec.android.app.shealth,de64346f732f769b,
1970-02-19 00:00:00,,,0,,,2023-02-26 18:01:17.957,,com.sec.android.app.shealth,46cb91f81030c304,
1970-02-19 00:00:00,,,0,,,2023-04-02 15:30:19.050,,com.sec.android.app.shealth,814ed67f994391ff,
1970-02-19 00:00:00,,,0,,30001.0,2023-09-06 15:20:20.741,,com.sec.android.app.shealth,abca6c3d36b80c93,
1970-02-19 00:00:00,,,0,,30001.0,2023-09-19 20:04:05.866,,com.sec.android.app.shealth,836ea26749e1e308,
1970-02-19 00:00:00,,,0,,30001.0,2023-09-21 19:42:36.525,,com.sec.android.app.shealth,3df1dc9cdcd0f04a,
1970-02-19 00:00:00,,,0,,30001.0,2023-09-20 18:02:25.275,,com.sec.android.app.shealth,b35c70042fb78628,
1970-02-19 00:00:00,,,0,,,2023-09-20 19:01:43.804,,com.sec.android.app.shealth,ef62ad5b0120877e,
1970-02-19 00:00:00,,,0,,30001.0,2023-09-20 16:30:31.717,,com.sec.android.app.shealth,ab3dad69c70ea5b5,
1970-02-19 00:00:00,,,0,,30001.0,2023-09-20 14:50:27.919,,com.sec.android.app.shealth,c2a3bd9ddec760b8,
1970-02-19 00:00:00,,,0,,30001.0,2023-09-20 15:08:32.357,,com.sec.android.app.shealth,55d58fdcf9edbf86,
1970-02-19 00:00:00,,,0,,30001.0,2023-09-20 17:43:29.943,,com.sec.android.app.shealth,f97a13577367c1d6,
1970-02-19 00:00:00,,,0,,30001.0,2023-09-21 17:03:00.521,,com.sec.android.app.shealth,3311663049fc19e9,
1970-02-19 00:00:00,,,0,,30001.0,2023-09-21 15:26:32.780,,com.sec.android.app.shealth,041e391c69640edb,
1970-02-19 00:00:00,,,0,,30001.0,2023-10-06 11:58:43.073,,com.sec.android.app.shealth,92d81e059c410ad9,
1970-02-19 00:00:00,,,0,,30001.0,2023-10-09 12:25:59.353,,com.sec.android.app.shealth,b690285b6e60662d,
1970-02-19 00:00:00,,,0,,,2023-10-11 19:10:15.900,,com.sec.android.app.shealth,d0436c33cdcd6e02,
1970-02-19 00:00:00,,,0,,30001.0,2023-10-06 15:23:48.972,,com.sec.android.app.shealth,ee36dd09533bf8d7,
1970-02-19 00:00:00,,,0,,30001.0,2023-10-11 17:11:30.594,,com.sec.android.app.shealth,17445e8d3ac69e93,
1970-02-19 00:00:00,,,0,,30001.0,2023-10-17 22:54:35.482,,com.sec.android.app.shealth,0979c5b7b302c2ee,
1970-02-19 00:00:00,,,0,,,2023-09-21 20:05:09.150,,com.sec.android.app.shealth,836ea26749e1e308,
1970-02-19 00:00:00,,,0,,30001.0,2023-09-20 12:39:17.479,,com.sec.android.app.shealth,ff33857db48c94bd,
1970-02-19 00:00:00,,,0,,30001.0,2023-09-06 16:11:30.313,,com.sec.android.app.shealth,257a85d35ed6a007,
1970-02-19 00:00:00,,,0,,30001.0,2023-09-12 18:41:41.064,,com.sec.android.app.shealth,64ad95b5f35464a5,
1970-02-19 00:00:00,,,0,,30001.0,2023-09-15 10:29:27.778,,com.sec.android.app.shealth,3842efc3ccf8ddc0,
1970-02-19 00:00:00,,,1,,30001.0,2023-09-09 16:25:50.598,,com.sec.android.app.shealth,,
1970-02-19 00:00:00,,,0,,30001.0,2023-09-19 12:52:20.132,,com.sec.android.app.shealth,836ea26749e1e308,
1970-02-19 00:00:00,,,0,,30001.0,2023-09-04 19:21:09.901,,com.sec.android.app.shealth,2637038901f67d6b,
1970-02-19 00:00:00,,,0,,30001.0,2023-09-19 18:35:44.802,,com.sec.android.app.shealth,7665a1519d9063ed,
1970-02-19 00:00:00,,,0,,,2023-09-19 07:50:17.722,,com.sec.android.app.shealth,b0b0d16c6c22c439,
1970-02-19 00:00:00,,,0,,,2023-09-14 10:43:35.398,,com.sec.android.app.shealth,e0dfed02629eb2da,
1970-02-19 00:00:00,,,0,,30001.0,2023-09-15 11:33:47.808,,com.sec.android.app.shealth,1d210e1cd2354f0b,
1970-02-19 00:00:00,,,0,,30001.0,2023-09-19 17:35:12.026,,com.sec.android.app.shealth,4bf4f525504cc0a2,
1970-02-19 00:00:00,,,0,,,2023-09-15 08:06:27.161,,com.sec.android.app.shealth,f0860fbc86006929,
1970-02-19 00:00:00,,,0,,30001.0,2023-09-09 16:24:00.477,,com.sec.android.app.shealth,92d81e059c410ad9,
1970-02-19 00:00:00,,,0,,30001.0,2023-09-06 14:28:27.459,,com.sec.android.app.shealth,6ae85ab2acc3965f,
1970-02-19 00:00:00,,,0,,,2023-09-03 12:11:23.455,,com.sec.android.app.shealth,9fad0194adbb05c9,
1970-02-19 00:00:00,,,0,,,2023-09-12 09:47:38.552,,com.sec.android.app.shealth,419886a7729acfd6,
1970-02-19 00:00:00,,,1,,30001.0,2023-09-06 16:11:07.075,,com.sec.android.app.shealth,,
1970-02-19 00:00:00,,,0,,30001.0,2023-09-04 19:56:44.461,,com.sec.android.app.shealth,43b87f618caab482,
1970-02-19 00:00:00,,,0,,30001.0,2023-09-05 18:29:32.606,,com.sec.android.app.shealth,db58b6c40698d737,
1970-02-19 00:00:00,,,0,,30001.0,2023-07-30 15:56:55.260,,com.sec.android.app.shealth,4e450fbe74e4f63c,
1970-02-19 00:00:00,,,0,,,2023-04-16 15:50:32.526,,com.sec.android.app.shealth,92d81e059c410ad9,
1970-02-19 00:00:00,,,0,,30001.0,2023-04-19 07:36:06.089,,com.sec.android.app.shealth,43b87f618caab482,
1970-02-19 00:00:00,,,0,,,2023-03-05 17:26:30.495,,com.sec.android.app.shealth,89cdb062ae488205,
1970-02-19 00:00:00,,,0,,,2023-08-21 19:14:02.149,,com.sec.android.app.shealth,cfacb8fac828061b,
1970-02-19 00:00:00,,,1,,30001.0,2023-05-16 12:55:00.254,,com.sec.android.app.shealth,,
1970-02-19 00:00:00,,,0,,30001.0,2023-07-04 13:21:53.613,,com.sec.android.app.shealth,6b8f9bbe2b292547,
1970-02-19 00:00:00,,,0,,30001.0,2023-05-06 11:01:41.007,,com.sec.android.app.shealth,98f7b27b623938c7,
1970-02-19 00:00:00,,,1,,30001.0,2023-05-21 17:56:39.356,,com.sec.android.app.shealth,,
1970-02-19 00:00:00,,,0,,30001.0,2023-08-24 19:57:29.575,,com.sec.android.app.shealth,cc65fbe5f34d86a6,
1970-02-19 00:00:00,,,0,,30001.0,2023-02-22 08:25:01.089,,com.sec.android.app.shealth,21abb7c83b003f8a,
1970-02-19 00:00:00,,,0,,30001.0,2023-03-20 08:21:18.320,,com.sec.android.app.shealth,af759d32fe388d28,
1970-02-19 00:00:00,,,0,,,2023-04-23 16:56:17.012,,com.sec.android.app.shealth,01bb027f67d5a7c0,
1970-02-19 00:00:00,,,0,,30001.0,2023-05-11 09:39:47.563,,com.sec.android.app.shealth,a99479af5e9b150b,
1970-02-19 00:00:00,,,0,,30001.0,2023-02-05 16:01:12.777,,com.sec.android.app.shealth,98f7b27b623938c7,
1970-02-19 00:00:00,,,0,,30001.0,2023-08-03 18:06:45.811,,com.sec.android.app.shealth,d411e0359eba8b3c,
1970-02-19 00:00:00,,,0,,,2023-02-21 13:15:34.856,,com.sec.android.app.shealth,6e5f8fa0684c4deb,
1970-02-19 00:00:00,,,1,,30001.0,2023-04-01 11:04:40.577,,com.sec.android.app.shealth,,
1970-02-19 00:00:00,,,0,,30001.0,2023-02-11 16:20:09.707,,com.sec.android.app.shealth,af759d32fe388d28,
1970-02-19 00:00:00,,,0,,,2023-08-13 09:54:44.509,,com.sec.android.app.shealth,3b8d926065f41310,
1970-02-19 00:00:00,,,0,,30001.0,2023-08-21 19:59:29.062,,com.sec.android.app.shealth,257a85d35ed6a007,
1970-02-19 00:00:00,,,0,,30001.0,2023-07-04 10:16:39.561,,com.sec.android.app.shealth,21abb7c83b003f8a,
1970-02-19 00:00:00,,,0,,,2023-03-26 15:25:02.140,,com.sec.android.app.shealth,4bf4f525504cc0a2,
1970-02-19 00:00:00,,,0,,30001.0,2023-07-14 16:05:02.487,,com.sec.android.app.shealth,2ab13293652b41c0,
1970-02-19 00:00:00,,,0,,30001.0,2023-02-24 09:34:42.498,,com.sec.android.app.shealth,17445e8d3ac69e93,
1970-02-19 00:00:00,,,0,,30001.0,2023-05-06 15:53:43.604,,com.sec.android.app.shealth,2de3ba3f92f5eaaf,
1970-02-19 00:00:00,,,0,,,2023-05-12 14:44:01.433,,com.sec.android.app.shealth,c3848f1b7caa9d9c,
1970-02-19 00:00:00,,,0,,,2023-02-24 10:35:46.667,,com.sec.android.app.shealth,ece60e70724b9876,
1970-02-19 00:00:00,,,0,,,2023-04-30 16:12:46.376,,com.sec.android.app.shealth,73c72ac5b4897c09,
1970-02-19 00:00:00,,,0,,,2023-03-19 17:25:28.883,,com.sec.android.app.shealth,878a0133f1df66d5,
1970-02-19 00:00:00,,,0,,,2023-03-13 14:44:44.782,,com.sec.android.app.shealth,0b0675a8ffe068f7,
1970-02-19 00:00:00,,,0,,30001.0,2023-08-14 14:41:34.938,,com.sec.android.app.shealth,4bf4f525504cc0a2,
1970-02-19 00:00:00,,,1,,30001.0,2023-04-25 15:54:21.245,,com.sec.android.app.shealth,,
1970-02-19 00:00:00,,,0,,30001.0,2023-02-26 16:59:50.800,,com.sec.android.app.shealth,ff33857db48c94bd,
1970-02-19 00:00:00,,,0,,30001.0,2023-07-03 11:55:41.161,,com.sec.android.app.shealth,17e70b2fd0afd679,
1970-02-19 00:00:00,,,0,,30001.0,2023-02-28 13:40:02.271,,com.sec.android.app.shealth,52ebab80b30e4922,
1970-02-19 00:00:00,,,0,,,2023-08-06 13:12:01.274,,com.sec.android.app.shealth,cf9d468c45eb9050,
1970-02-19 00:00:00,,,1,,30001.0,2023-07-14 16:05:07.282,,com.sec.android.app.shealth,,
1970-02-19 00:00:00,,,0,,30001.0,2023-02-25 12:03:00.893,,com.sec.android.app.shealth,d0436c33cdcd6e02,
1970-02-19 00:00:00,,,0,,30001.0,2023-07-04 09:50:34.743,,com.sec.android.app.shealth,aad18c32ecbddd8e,
1970-02-19 00:00:00,,,0,,,2023-03-03 10:05:31.227,,com.sec.android.app.shealth,025c7187d3c75c4a,
1970-02-19 00:00:00,,,0,,30001.0,2023-02-10 09:58:57.670,,com.sec.android.app.shealth,1fd7e12824983914,
1970-02-19 00:00:00,,,0,,,2023-02-12 16:50:35.495,,com.sec.android.app.shealth,b4e62a85b054fc6a,
1970-02-19 00:00:00,,,0,,30001.0,2023-03-25 16:45:05.076,,com.sec.android.app.shealth,11a86311d39aaaf9,
1970-02-19 00:00:00,,,0,,30001.0,2023-08-25 18:52:33.019,,com.sec.android.app.shealth,ff33857db48c94bd,
1970-02-19 00:00:00,,,0,,30001.0,2023-03-19 18:04:05.360,,com.sec.android.app.shealth,9ff0e3599d4f6552,
1970-02-19 00:00:00,,,0,,,2023-02-15 21:13:35.952,,com.sec.android.app.shealth,070a74807ddb9d6c,
1970-02-19 00:00:00,,,0,,,2023-02-05 17:02:45.458,,com.sec.android.app.shealth,07ba016239439e93,
1970-02-19 00:00:00,,,0,,,2023-08-15 15:54:12.802,,com.sec.android.app.shealth,0a83aa3cfc69b8b2,
1970-02-19 00:00:00,,,0,,30001.0,2023-02-15 17:52:49.663,,com.sec.android.app.shealth,40b2ddd4fee0a477,
1970-02-19 00:00:00,,,0,,30001.0,2023-07-25 15:33:22.545,,com.sec.android.app.shealth,257a85d35ed6a007,
1970-02-19 00:00:00,,,0,,30001.0,2023-04-22 10:58:04.518,,com.sec.android.app.shealth,db58b6c40698d737,
1970-02-19 00:00:00,,,0,,30001.0,2023-07-25 15:58:08.685,,com.sec.android.app.shealth,ee36dd09533bf8d7,
1970-02-19 00:00:00,,,0,,,2023-03-02 14:11:54.133,,com.sec.android.app.shealth,58928b600aad6f6a,
1970-02-19 00:00:00,,,0,,,2023-03-02 13:38:09.632,,com.sec.android.app.shealth,bd8254f67d2c8e04,
1970-02-19 00:00:00,,,0,,30001.0,2023-02-20 14:58:45.705,,com.sec.android.app.shealth,db58b6c40698d737,
1970-02-19 00:00:00,,,0,,,2023-03-03 09:41:17.979,,com.sec.android.app.shealth,c0faa5f07166b1df,
1970-02-19 00:00:00,,,0,,30001.0,2023-08-24 18:00:52.134,,com.sec.android.app.shealth,d411e0359eba8b3c,
1970-02-19 00:00:00,,,0,,30001.0,2023-04-05 13:33:06.573,,com.sec.android.app.shealth,f81b732a59389bd6,
1970-02-19 00:00:00,,,0,,30001.0,2023-09-25 12:55:01.131,,com.sec.android.app.shealth,a99479af5e9b150b,
1970-02-19 00:00:00,,,0,,30001.0,2023-02-14 12:52:00.399,,com.sec.android.app.shealth,ff33857db48c94bd,
1970-02-19 00:00:00,,,1,,30001.0,2023-05-20 10:56:37.801,,com.sec.android.app.shealth,,
1970-02-19 00:00:00,,,0,,,2023-08-23 19:05:44.874,,com.sec.android.app.shealth,632420b423a1bdbc,
1970-02-19 00:00:00,,,0,,30001.0,2023-08-25 11:31:13.978,,com.sec.android.app.shealth,2ab13293652b41c0,
1970-02-19 00:00:00,,,0,,30001.0,2023-08-15 17:32:35.140,,com.sec.android.app.shealth,82b384fb76713946,
1970-02-19 00:00:00,,,0,,30001.0,2023-03-25 18:00:32.015,,com.sec.android.app.shealth,2ab13293652b41c0,
1970-02-19 00:00:00,,,0,,,2023-08-08 19:47:59.468,,com.sec.android.app.shealth,bf4e5863b593bb38,
1970-02-19 00:00:00,,,0,,,2023-02-12 18:02:31.053,,com.sec.android.app.shealth,058f823270cbf8e9,
1970-02-19 00:00:00,,,0,,,2023-04-23 16:08:49.641,,com.sec.android.app.shealth,7cca7e53c123e3d7,
1970-02-19 00:00:00,,,0,,30001.0,2023-05-19 18:08:36.500,,com.sec.android.app.shealth,39a755661b40f12e,
1970-02-19 00:00:00,,,0,,30001.0,2023-05-06 07:58:03.219,,com.sec.android.app.shealth,257a85d35ed6a007,
1970-02-19 00:00:00,,,0,,,2023-02-17 21:08:38.577,,com.sec.android.app.shealth,870b7087c7a53591,
1970-02-19 00:00:00,,,0,,30001.0,2023-04-20 12:56:28.037,,com.sec.android.app.shealth,e7883461c2ffe115,
1970-02-19 00:00:00,,,0,,30001.0,2023-02-28 13:12:17.266,,com.sec.android.app.shealth,64ad95b5f35464a5,
1970-02-19 00:00:00,,,0,,,2023-08-16 19:36:20.078,,com.sec.android.app.shealth,363e3e1df1c14fb6,
1970-02-19 00:00:00,,,0,,30001.0,2023-05-20 10:59:47.234,,com.sec.android.app.shealth,c23682d6bdb6c318,
1970-02-19 00:00:00,,,0,,,2023-04-23 16:31:56.836,,com.sec.android.app.shealth,b34f1325af156000,
1970-02-19 00:00:00,,,0,,30001.0,2023-04-25 15:25:29.282,,com.sec.android.app.shealth,6380b14ebfde66df,
1970-02-19 00:00:00,,,0,,30001.0,2023-02-10 17:03:39.156,,com.sec.android.app.shealth,64ad95b5f35464a5,
1970-02-19 00:00:00,,,0,,30001.0,2023-10-11 14:48:08.884,,com.sec.android.app.shealth,db58b6c40698d737,
1970-02-19 00:00:00,,,0,,30001.0,2023-09-26 11:50:05.191,,com.sec.android.app.shealth,257a85d35ed6a007,
1970-02-19 00:00:00,,,0,,30001.0,2023-10-03 10:00:17.659,,com.sec.android.app.shealth,df0d5cfb926ae9b8,
1970-02-19 00:00:00,,,0,,,2023-12-03 11:57:52.729,,com.sec.android.app.shealth,10ac62144dec6ed0,
1970-02-19 00:00:00,,,0,,30001.0,2023-11-14 16:05:23.323,,com.sec.android.app.shealth,836ea26749e1e308,
1970-02-19 00:00:00,,,0,,30001.0,2023-12-08 17:31:27.093,,com.sec.android.app.shealth,e7883461c2ffe115,
1970-02-19 00:00:00,,,1,,30001.0,2023-12-21 22:03:18.737,,com.sec.android.app.shealth,,
1970-02-19 00:00:00,,,0,,30001.0,2023-12-17 00:34:01.097,,com.sec.android.app.shealth,c3848f1b7caa9d9c,
1970-02-19 00:00:00,,,0,,,2023-11-17 08:30:09.047,,com.sec.android.app.shealth,e1b1b8a0c864da5b,
1970-02-19 00:00:00,,,0,,30001.0,2023-12-08 15:28:45.012,,com.sec.android.app.shealth,21abb7c83b003f8a,
1970-02-19 00:00:00,,,0,,,2023-11-03 20:31:11.221,,com.sec.android.app.shealth,c955df57a86790b1,
1970-02-19 00:00:00,,,1,,30001.0,2023-12-21 20:54:10.979,,com.sec.android.app.shealth,,
1970-02-19 00:00:00,,,0,,30001.0,2024-01-11 17:12:21.665,,com.sec.android.app.shealth,f81b732a59389bd6,
1970-02-19 00:00:00,,,0,,30001.0,2023-12-28 21:49:24.549,,com.sec.android.app.shealth,b1597a9b7e2ccaf0,
1970-02-19 00:00:00,,,0,,30001.0,2023-11-24 20:17:25.397,,com.sec.android.app.shealth,d411e0359eba8b3c,
1970-02-19 00:00:00,,,0,,30001.0,2023-12-03 13:54:22.766,,com.sec.android.app.shealth,05e300642513b2f6,
1970-02-19 00:00:00,,,0,,,2024-01-01 07:54:31.945,,com.sec.android.app.shealth,e83763df0a559307,
1970-02-19 00:00:00,,,0,,30001.0,2023-12-14 08:47:36.216,,com.sec.android.app.shealth,f81b732a59389bd6,
1970-02-19 00:00:00,,,0,,30001.0,2023-12-14 12:57:49.112,,com.sec.android.app.shealth,f97a13577367c1d6,
1970-02-19 00:00:00,,,0,,30001.0,2023-11-29 18:25:45.484,,com.sec.android.app.shealth,40b2ddd4fee0a477,
1970-02-19 00:00:00,,,0,,,2023-10-29 10:13:16.796,,com.sec.android.app.shealth,d428ae5c024f38b3,
1970-02-19 00:00:00,,,0,,30001.0,2023-12-04 09:26:38.212,,com.sec.android.app.shealth,52ebab80b30e4922,
1970-02-19 00:00:00,,,0,,30001.0,2023-10-25 18:34:48.093,,com.sec.android.app.shealth,836ea26749e1e308,
1970-02-19 00:00:00,,,0,,30001.0,2023-11-14 17:08:13.400,,com.sec.android.app.shealth,836ea26749e1e308,
1970-02-19 00:00:00,,,0,,30001.0,2023-10-25 14:40:17.917,,com.sec.android.app.shealth,6e5f8fa0684c4deb,
1970-02-19 00:00:00,,,0,,30001.0,2023-11-28 14:11:08.492,,com.sec.android.app.shealth,4cf04b118f5e7bc5,
1970-02-19 00:00:00,,,0,,30001.0,2023-11-01 14:08:13.839,,com.sec.android.app.shealth,4cf04b118f5e7bc5,
1970-02-19 00:00:00,,,0,,30001.0,2023-10-27 14:18:25.876,,com.sec.android.app.shealth,d0436c33cdcd6e02,
1970-02-19 00:00:00,,,0,,30001.0,2023-11-22 18:44:28.208,,com.sec.android.app.shealth,17445e8d3ac69e93,
1970-02-19 00:00:00,,,1,,30001.0,2023-12-21 21:39:08.932,,com.sec.android.app.shealth,,
1970-02-19 00:00:00,,,0,,30001.0,2023-11-21 18:15:12.115,,com.sec.android.app.shealth,257a85d35ed6a007,
1970-02-19 00:00:00,,,0,,30001.0,2023-11-01 13:17:21.444,,com.sec.android.app.shealth,64fc09bd5f88e4b6,
1970-02-19 00:00:00,,,0,,30001.0,2023-10-27 15:43:27.043,,com.sec.android.app.shealth,12845c8e1fe232c3,
1970-02-19 00:00:00,,,0,,30001.0,2023-11-08 16:59:08.993,,com.sec.android.app.shealth,4bf4f525504cc0a2,
1970-02-19 00:00:00,,,0,,30001.0,2023-11-06 17:08:03.525,,com.sec.android.app.shealth,98f7b27b623938c7,
1970-02-19 00:00:00,,,0,,30001.0,2023-11-07 16:02:34.995,,com.sec.android.app.shealth,6b8f9bbe2b292547,
1970-02-19 00:00:00,,,0,,,2023-11-17 09:35:54.482,,com.sec.android.app.shealth,cbce07d8c6a4613f,
1970-02-19 00:00:00,,,0,,30001.0,2023-11-02 13:00:51.992,,com.sec.android.app.shealth,6b8f9bbe2b292547,
1970-02-19 00:00:00,,,0,,30001.0,2023-11-07 17:08:06.528,,com.sec.android.app.shealth,40b2ddd4fee0a477,
1970-02-19 00:00:00,,,0,,,2024-01-01 08:25:48.308,,com.sec.android.app.shealth,37d2e4e1a7a57de1,
1970-02-19 00:00:00,,,0,,30001.0,2023-11-17 16:00:04.657,,com.sec.android.app.shealth,6e5f8fa0684c4deb,
1970-02-19 00:00:00,,,0,,30001.0,2023-11-28 13:51:45.865,,com.sec.android.app.shealth,f81b732a59389bd6,
1970-02-19 00:00:00,,,0,,30001.0,2024-01-23 09:54:40.878,,com.sec.android.app.shealth,af759d32fe388d28,
1970-02-19 00:00:00,,,0,,,2024-01-22 08:05:27.037,,com.sec.android.app.shealth,920775d9dcd07a25,
1970-02-19 00:00:00,,,0,,30001.0,2024-01-23 10:37:26.166,,com.sec.android.app.shealth,aeac4a8d64b39b7a,
1970-02-19 00:00:00,,,0,,30001.0,2024-01-22 14:05:48.301,,com.sec.android.app.shealth,9ff0e3599d4f6552,
1970-02-19 00:00:00,,,0,,30001.0,2024-01-23 11:24:24.372,,com.sec.android.app.shealth,b690285b6e60662d,
1970-02-19 00:00:00,,,0,,30001.0,2024-01-22 17:10:04.656,,com.sec.android.app.shealth,c83ba7181764d320,
1970-02-19 00:00:00,,,0,,30001.0,2024-01-23 14:05:47.251,,com.sec.android.app.shealth,f7ebd8cbe6eb3df8,
1970-02-19 00:00:00,,,0,,30001.0,2024-01-22 17:39:53.500,,com.sec.android.app.shealth,dc0ca0bbe9e0e5ef,
1970-02-19 00:00:00,,,0,,30001.0,2024-01-23 20:40:33.387,,com.sec.android.app.shealth,f7ebd8cbe6eb3df8,
1970-02-19 00:00:00,,,0,,30001.0,2024-01-23 15:18:58.573,,com.sec.android.app.shealth,6380b14ebfde66df,
1970-02-19 00:00:00,,,0,,30001.0,2024-01-24 16:17:36.919,,com.sec.android.app.shealth,55d58fdcf9edbf86,
1970-02-19 00:00:00,,,0,,30001.0,2024-01-25 14:05:39.682,,com.sec.android.app.shealth,be2b775cb8cd43b8,
1970-02-19 00:00:00,,,0,,30001.0,2024-01-25 14:33:03.134,,com.sec.android.app.shealth,b69db33d63c32508,
1970-02-19 00:00:00,,,0,,30001.0,2024-01-25 14:52:45.727,,com.sec.android.app.shealth,f97a13577367c1d6,
1970-02-19 00:00:00,,,0,,30001.0,2024-01-25 16:08:40.098,,com.sec.android.app.shealth,d411e0359eba8b3c,
1970-02-19 00:00:00,,,0,,30001.0,2024-01-25 18:18:46.032,,com.sec.android.app.shealth,6ae85ab2acc3965f,
1970-02-19 00:00:00,,,0,,30001.0,2024-01-24 11:16:52.002,,com.sec.android.app.shealth,08b7d442073d8074,
1970-02-19 00:00:00,,,0,,30001.0,2023-10-31 17:05:45.753,,com.sec.android.app.shealth,c23682d6bdb6c318,
1970-02-19 00:00:00,,,0,,,2024-01-16 13:57:06.316,,com.sec.android.app.shealth,b5e56d4104680001,
1970-02-19 00:00:00,,,0,,30001.0,2023-12-19 00:39:57.743,,com.sec.android.app.shealth,d6b4b7eabc574634,
1970-02-19 00:00:00,,,0,,30001.0,2023-11-29 17:44:13.621,,com.sec.android.app.shealth,6ae85ab2acc3965f,
1970-02-19 00:00:00,,,0,,30001.0,2023-12-06 09:26:36.407,,com.sec.android.app.shealth,feff532714e9b11b,
1970-02-19 00:00:00,,,0,,30001.0,2023-11-29 18:10:48.052,,com.sec.android.app.shealth,7b748182fb711845,
1970-02-19 00:00:00,,,0,,30001.0,2023-12-04 16:23:37.176,,com.sec.android.app.shealth,f81b732a59389bd6,
1970-02-19 00:00:00,,,0,,30001.0,2023-12-06 17:40:47.874,,com.sec.android.app.shealth,814ed67f994391ff,
1970-02-19 00:00:00,,,0,,30001.0,2023-12-14 17:40:33.807,,com.sec.android.app.shealth,96898cc4137f6373,
1970-02-19 00:00:00,,,0,,30001.0,2023-12-14 13:23:51.195,,com.sec.android.app.shealth,3311663049fc19e9,
1970-02-19 00:00:00,,,0,,30001.0,2023-12-29 23:20:56.048,,com.sec.android.app.shealth,12845c8e1fe232c3,
1970-02-19 00:00:00,,,0,,,2024-01-17 12:50:40.302,,com.sec.android.app.shealth,9f1c1f15c2961151,
1970-02-19 00:00:00,,,0,,30001.0,2023-11-09 10:22:19.436,,com.sec.android.app.shealth,836ea26749e1e308,
1970-02-19 00:00:00,,,1,,30001.0,2023-12-29 23:22:32.303,,com.sec.android.app.shealth,,
1970-02-19 00:00:00,,,0,,30001.0,2023-11-22 18:24:31.897,,com.sec.android.app.shealth,21abb7c83b003f8a,
1970-02-19 00:00:00,,,1,,30001.0,2023-12-19 00:44:04.347,,com.sec.android.app.shealth,,
1970-02-19 00:00:00,,,0,,30001.0,2023-12-03 09:32:37.266,,com.sec.android.app.shealth,7665a1519d9063ed,
1970-02-19 00:00:00,,,1,,30001.0,2023-12-30 00:16:21.196,,com.sec.android.app.shealth,,
1970-02-19 00:00:00,,,0,,30001.0,2023-12-08 17:05:39.013,,com.sec.android.app.shealth,98fc1dac2acea5b1,
1970-02-19 00:00:00,,,0,,,2023-12-21 21:55:20.368,,com.sec.android.app.shealth,4a3c73ca61ad4908,
1970-02-19 00:00:00,,,0,,30001.0,2023-02-13 18:12:03.741,,com.sec.android.app.shealth,1ff4793933596abf,
1970-02-19 00:00:00,,,0,,30001.0,2023-11-07 10:49:49.670,,com.sec.android.app.shealth,dc0ca0bbe9e0e5ef,
1970-02-19 00:00:00,,,0,,30001.0,2023-10-27 15:09:09.558,,com.sec.android.app.shealth,f8441a1423474474,
1970-02-19 00:00:00,,,0,,30001.0,2023-10-16 16:05:37.402,,com.sec.android.app.shealth,8f01abdf9d88a20b,
1970-02-19 00:00:00,,,0,,30001.0,2023-10-09 16:11:27.301,,com.sec.android.app.shealth,c915025295d5f92b,
1970-02-19 00:00:00,,,0,,30001.0,2023-10-18 16:10:22.470,,com.sec.android.app.shealth,3311663049fc19e9,
1970-02-19 00:00:00,,,0,,30001.0,2023-09-28 17:12:36.353,,com.sec.android.app.shealth,af759d32fe388d28,
1970-02-19 00:00:00,,,0,,30001.0,2023-10-17 22:11:05.154,,com.sec.android.app.shealth,c0faa5f07166b1df,
1970-02-19 00:00:00,,,0,,30001.0,2023-10-10 10:03:52.163,,com.sec.android.app.shealth,db58b6c40698d737,
1970-02-19 00:00:00,,,0,,,2023-09-25 05:26:53.145,,com.sec.android.app.shealth,b455250df469941f,
1970-02-19 00:00:00,,,0,,30001.0,2023-10-18 12:14:56.543,,com.sec.android.app.shealth,58928b600aad6f6a,
1970-02-19 00:00:00,,,0,,30001.0,2023-10-09 13:54:56.810,,com.sec.android.app.shealth,f97a13577367c1d6,
1970-02-19 00:00:00,,,0,,30001.0,2023-09-26 16:06:48.614,,com.sec.android.app.shealth,4bf4f525504cc0a2,
1970-02-19 00:00:00,,,0,,30001.0,2023-10-18 17:09:23.582,,com.sec.android.app.shealth,6d3d088095cb6ca3,
1970-02-19 00:00:00,,,0,,30001.0,2023-09-25 10:05:44.225,,com.sec.android.app.shealth,6b8f9bbe2b292547,
1970-02-19 00:00:00,,,0,,,2023-10-11 19:24:04.629,,com.sec.android.app.shealth,8d412d89babb8fd7,
1970-02-19 00:00:00,,,0,,30001.0,2023-10-04 12:14:54.598,,com.sec.android.app.shealth,64ad95b5f35464a5,
1970-02-19 00:00:00,,,0,,30001.0,2023-09-25 11:50:59.323,,com.sec.android.app.shealth,7b748182fb711845,
1970-02-19 00:00:00,,,0,,30001.0,2023-10-10 11:13:48.515,,com.sec.android.app.shealth,cce84368b6d089e0,
1970-02-19 00:00:00,,,0,,30001.0,2023-10-02 18:41:46.938,,com.sec.android.app.shealth,5afc581cc9ea399a,
1970-02-19 00:00:00,,,0,,30001.0,2023-10-03 19:41:19.720,,com.sec.android.app.shealth,dc0ca0bbe9e0e5ef,
1970-02-19 00:00:00,,,0,,30001.0,2023-10-10 17:13:26.789,,com.sec.android.app.shealth,64f5147f817f7ff8,
1970-02-19 00:00:00,,,0,,,2023-09-26 19:00:41.066,,com.sec.android.app.shealth,52ebab80b30e4922,
1970-02-19 00:00:00,,,0,,,2023-09-26 20:06:33.893,,com.sec.android.app.shealth,98fc1dac2acea5b1,
1970-02-19 00:00:00,,,0,,30001.0,2023-09-26 13:24:28.388,,com.sec.android.app.shealth,17445e8d3ac69e93,
1970-02-19 00:00:00,,,0,,30001.0,2023-10-06 10:33:53.365,,com.sec.android.app.shealth,11a86311d39aaaf9,
1970-02-19 00:00:00,,,0,,30001.0,2023-10-04 18:24:10.561,,com.sec.android.app.shealth,cce84368b6d089e0,
1970-02-19 00:00:00,,,0,,30001.0,2023-10-03 16:08:14.559,,com.sec.android.app.shealth,2e12c864ec5ae8d3,
1970-02-19 00:00:00,,,0,,30001.0,2023-10-10 12:03:55.317,,com.sec.android.app.shealth,c5237c7c19cc06e4,
1970-02-19 00:00:00,,,0,,30001.0,2023-09-25 16:34:30.522,,com.sec.android.app.shealth,98f7b27b623938c7,
1970-02-19 00:00:00,,,0,,30001.0,2023-09-27 13:26:02.833,,com.sec.android.app.shealth,257a85d35ed6a007,
1970-02-19 00:00:00,,,0,,30001.0,2023-10-05 08:56:22.402,,com.sec.android.app.shealth,db58b6c40698d737,
1970-02-19 00:00:00,,,0,,30001.0,2023-10-03 17:26:25.634,,com.sec.android.app.shealth,d411e0359eba8b3c,
1970-02-19 00:00:00,,,0,,30001.0,2023-10-16 12:16:36.224,,com.sec.android.app.shealth,dc0ca0bbe9e0e5ef,
1970-02-19 00:00:00,,,0,,30001.0,2023-10-13 16:09:46.955,,com.sec.android.app.shealth,4f4904f8e0b8fca5,
1970-02-19 00:00:00,,,0,,30001.0,2023-10-16 07:59:09.367,,com.sec.android.app.shealth,6b8f9bbe2b292547,
1970-02-19 00:00:00,,,0,,30001.0,2023-10-09 10:15:16.621,,com.sec.android.app.shealth,f81b732a59389bd6,
1970-02-19 00:00:00,,,0,,30001.0,2023-09-26 15:06:42.473,,com.sec.android.app.shealth,d411e0359eba8b3c,
1970-02-19 00:00:00,,,0,,30001.0,2023-10-12 13:33:50.505,,com.sec.android.app.shealth,feff532714e9b11b,
1970-02-19 00:00:00,,,0,,,2023-09-25 05:19:42.866,,com.sec.android.app.shealth,3457b91f9fb18cf1,
1970-02-19 00:00:00,,,0,,30001.0,2023-10-03 15:06:53.045,,com.sec.android.app.shealth,f7ebd8cbe6eb3df8,
1970-02-19 00:00:00,,,0,,30001.0,2023-10-02 11:19:36.913,,com.sec.android.app.shealth,55d58fdcf9edbf86,
1970-02-19 00:00:00,,,0,,,2023-10-25 07:43:45.824,,com.sec.android.app.shealth,0cbe5e5108283781,
1970-02-19 00:00:00,,,0,,30001.0,2023-10-25 11:51:06.358,,com.sec.android.app.shealth,a7edee2b6387207a,
1970-02-19 00:00:00,,,0,,30001.0,2023-10-25 10:03:26.742,,com.sec.android.app.shealth,257a85d35ed6a007,
1970-02-19 00:00:00,,,0,,,2023-10-25 19:23:47.488,,com.sec.android.app.shealth,cd5ba8c08fcc8fdf,
1970-02-19 00:00:00,,,0,,30001.0,2023-10-26 14:47:05.290,,com.sec.android.app.shealth,d411e0359eba8b3c,
1970-02-19 00:00:00,,,0,,30001.0,2023-10-25 12:38:16.912,,com.sec.android.app.shealth,d411e0359eba8b3c,
1970-02-19 00:00:00,,,0,,30001.0,2023-10-25 16:02:55.400,,com.sec.android.app.shealth,ee36dd09533bf8d7,
1970-02-19 00:00:00,,,0,,30001.0,2023-10-20 09:39:38.141,,com.sec.android.app.shealth,64ad95b5f35464a5,
1970-02-19 00:00:00,,,0,,30001.0,2023-10-27 17:44:17.173,,com.sec.android.app.shealth,836ea26749e1e308,
1970-02-19 00:00:00,,,0,,30001.0,2023-10-27 09:12:26.175,,com.sec.android.app.shealth,05e300642513b2f6,
1970-02-19 00:00:00,,,0,,,2023-11-04 17:36:44.883,,com.sec.android.app.shealth,4cf04b118f5e7bc5,
1970-02-19 00:00:00,,,0,,30001.0,2023-10-31 16:07:14.275,,com.sec.android.app.shealth,7b748182fb711845,
1970-02-19 00:00:00,,,0,,30001.0,2023-11-08 18:32:02.947,,com.sec.android.app.shealth,feff532714e9b11b,
1970-02-19 00:00:00,,,0,,30001.0,2023-10-26 11:08:29.602,,com.sec.android.app.shealth,7b748182fb711845,
1970-02-19 00:00:00,,,0,,30001.0,2023-11-03 11:17:51.533,,com.sec.android.app.shealth,d0436c33cdcd6e02,
1970-02-19 00:00:00,,,0,,30001.0,2023-11-14 12:24:59.496,,com.sec.android.app.shealth,55d58fdcf9edbf86,
1970-02-19 00:00:00,,,0,,30001.0,2023-10-31 18:57:46.533,,com.sec.android.app.shealth,98f7b27b623938c7,
1970-02-19 00:00:00,,,0,,30001.0,2023-10-26 17:28:12.309,,com.sec.android.app.shealth,db58b6c40698d737,
1970-02-19 00:00:00,,,0,,,2023-10-20 08:09:07.723,,com.sec.android.app.shealth,cce84368b6d089e0,
1970-02-19 00:00:00,,,0,,30001.0,2023-10-19 14:54:49.306,,com.sec.android.app.shealth,8d1227925cf55bbd,
1970-02-19 00:00:00,,,0,,30001.0,2023-10-09 19:48:52.110,,com.sec.android.app.shealth,7b2a5d8b5b598aa0,
1970-02-19 00:00:00,,,0,,30001.0,2023-09-25 10:38:36.833,,com.sec.android.app.shealth,0a5ebfe887c9e054,
1970-02-19 00:00:00,,,0,,30001.0,2023-09-25 14:20:24.387,,com.sec.android.app.shealth,4bf4f525504cc0a2,
1970-02-19 00:00:00,,,0,,30001.0,2023-10-13 13:05:38.671,,com.sec.android.app.shealth,836ea26749e1e308,
1970-02-19 00:00:00,,,0,,,2023-10-11 19:59:01.201,,com.sec.android.app.shealth,184999fc4112ff83,
1970-02-19 00:00:00,,,0,,30001.0,2023-10-13 13:55:15.535,,com.sec.android.app.shealth,db58b6c40698d737,
1970-02-19 00:00:00,,,0,,30001.0,2023-10-17 16:05:25.524,,com.sec.android.app.shealth,55d58fdcf9edbf86,
1970-02-19 00:00:00,,,0,,,2023-10-20 07:49:43.187,,com.sec.android.app.shealth,c71b2a2bebb15926,
1970-02-19 00:00:00,,,0,,30001.0,2023-10-05 09:18:19.638,,com.sec.android.app.shealth,2ab13293652b41c0,
1970-02-19 00:00:00,,,0,,30001.0,2023-10-13 12:02:22.775,,com.sec.android.app.shealth,44226020e615e047,
1970-02-19 00:00:00,,,0,,30001.0,2023-10-10 16:07:59.289,,com.sec.android.app.shealth,dc371291bd7ac8a2,
1970-02-19 00:00:00,,,0,,30001.0,2023-09-25 16:19:32.620,,com.sec.android.app.shealth,7b748182fb711845,
1970-02-19 00:00:00,,,0,,30001.0,2023-10-12 13:52:53.519,,com.sec.android.app.shealth,64ad95b5f35464a5,
1970-02-19 00:00:00,,,0,,30001.0,2023-09-28 15:09:22.669,,com.sec.android.app.shealth,2ab13293652b41c0,
1970-02-19 00:00:00,,,0,,30001.0,2023-10-19 13:58:06.387,,com.sec.android.app.shealth,a99479af5e9b150b,
1970-02-19 00:00:00,,,0,,30001.0,2023-10-25 10:38:33.063,,com.sec.android.app.shealth,ff33857db48c94bd,
1970-02-19 00:00:00,,,0,,30001.0,2023-10-11 18:49:58.650,,com.sec.android.app.shealth,705c1b2706f47841,
1970-02-19 00:00:00,,,0,,30001.0,2022-06-24 18:36:53.375,,com.sec.android.app.shealth,a7edee2b6387207a,
1970-02-19 00:00:00,,,0,,,2023-08-23 19:33:54.169,,com.sec.android.app.shealth,d0436c33cdcd6e02,
1970-02-19 00:00:00,,,0,,,2023-04-16 17:03:53.456,,com.sec.android.app.shealth,9ff0e3599d4f6552,
1970-02-19 00:00:00,,,1,,30001.0,2022-10-16 17:18:19.913,,com.sec.android.app.shealth,,
1970-02-19 00:00:00,,,0,,,2023-01-15 16:57:23.188,,com.sec.android.app.shealth,18b8c806d6c26bc5,
1970-02-19 00:00:00,,,1,,30001.0,2022-10-29 16:55:01.108,,com.sec.android.app.shealth,,
1970-02-19 00:00:00,,,0,,30001.0,2022-12-04 16:11:52.948,,com.sec.android.app.shealth,d0436c33cdcd6e02,
1970-02-19 00:00:00,,,0,,30001.0,2022-10-10 15:48:15.585,,com.sec.android.app.shealth,dc0ca0bbe9e0e5ef,
1970-02-19 00:00:00,,,0,,30001.0,2022-09-27 12:34:25.579,,com.sec.android.app.shealth,64f5147f817f7ff8,
1970-02-19 00:00:00,,,0,,,2022-10-09 16:40:51.353,,com.sec.android.app.shealth,be2b775cb8cd43b8,
1970-02-19 00:00:00,,,0,,,2022-10-19 19:07:59.609,,com.sec.android.app.shealth,96898cc4137f6373,
1970-02-19 00:00:00,,,0,,30001.0,2022-10-15 11:02:50.418,,com.sec.android.app.shealth,2e12c864ec5ae8d3,
1970-02-19 00:00:00,,,0,,,2022-10-13 12:46:02.432,,com.sec.android.app.shealth,ee36dd09533bf8d7,
1970-02-19 00:00:00,,,0,,30001.0,2022-10-20 11:38:17.475,,com.sec.android.app.shealth,52ebab80b30e4922,
1970-02-19 00:00:00,,,0,,30001.0,2022-11-17 18:06:10.615,,com.sec.android.app.shealth,6e5f8fa0684c4deb,
1970-02-19 00:00:00,,,0,,30001.0,2022-11-05 14:12:28.982,,com.sec.android.app.shealth,dc0ca0bbe9e0e5ef,
1970-02-19 00:00:00,,,0,,,2023-01-15 18:05:04.104,,com.sec.android.app.shealth,041e391c69640edb,
1970-02-19 00:00:00,,,0,,,2022-09-02 09:30:07.550,,com.sec.android.app.shealth,c3848f1b7caa9d9c,
1970-02-19 00:00:00,,,0,,,2022-08-31 19:51:50.936,,com.sec.android.app.shealth,66878467e390f206,
1970-02-19 00:00:00,,,0,,30001.0,2022-12-16 10:32:47.429,,com.sec.android.app.shealth,c455af0db9fd47d4,
1970-02-19 00:00:00,,,1,,30001.0,2023-01-05 13:34:36.800,,com.sec.android.app.shealth,,
1970-02-19 00:00:00,,,0,,30001.0,2023-01-16 13:16:04.022,,com.sec.android.app.shealth,f7ebd8cbe6eb3df8,
1970-02-19 00:00:00,,,0,,,2022-11-13 16:43:48.821,,com.sec.android.app.shealth,4ca6021e47a225b8,
1970-02-19 00:00:00,,,0,,30001.0,2023-02-04 09:00:25.213,,com.sec.android.app.shealth,98fc1dac2acea5b1,
1970-02-19 00:00:00,,,0,,,2022-09-25 16:11:14.569,,com.sec.android.app.shealth,c83ba7181764d320,
1970-02-19 00:00:00,,,0,,30001.0,2023-01-28 16:31:09.172,,com.sec.android.app.shealth,f97a13577367c1d6,
1970-02-19 00:00:00,,,0,,30001.0,2022-10-30 15:55:06.646,,com.sec.android.app.shealth,d0436c33cdcd6e02,
1970-02-19 00:00:00,,,0,,,2023-01-19 13:19:06.459,,com.sec.android.app.shealth,0a5ebfe887c9e054,
1970-02-19 00:00:00,,,0,,,2022-09-30 09:26:25.734,,com.sec.android.app.shealth,cce84368b6d089e0,
1970-02-19 00:00:00,,,0,,30001.0,2022-10-29 15:32:23.979,,com.sec.android.app.shealth,98f7b27b623938c7,
1970-02-19 00:00:00,,,0,,30001.0,2022-09-17 07:41:45.548,,com.sec.android.app.shealth,21abb7c83b003f8a,
1970-02-19 00:00:00,,,0,,30001.0,2022-11-17 13:13:10.485,,com.sec.android.app.shealth,257a85d35ed6a007,
1970-02-19 00:00:00,,,0,,,2022-11-13 16:27:46.897,,com.sec.android.app.shealth,98f7b27b623938c7,
1970-02-19 00:00:00,,,0,,30001.0,2022-08-29 12:52:12.925,,com.sec.android.app.shealth,7665a1519d9063ed,
1970-02-19 00:00:00,,,0,,30001.0,2023-01-16 13:41:22.201,,com.sec.android.app.shealth,d0436c33cdcd6e02,
1970-02-19 00:00:00,,,0,,30001.0,2022-11-12 08:44:17.186,,com.sec.android.app.shealth,f81b732a59389bd6,
1970-02-19 00:00:00,,,0,,30001.0,2022-12-13 13:14:33.276,,com.sec.android.app.shealth,17445e8d3ac69e93,
1970-02-19 00:00:00,,,0,,,2022-08-25 07:06:19.904,,com.sec.android.app.shealth,d71fbed4cf623a25,
1970-02-19 00:00:00,,,0,,30001.0,2022-08-24 18:35:53.384,,com.sec.android.app.shealth,b9a2efa48b32e27d,
1970-02-19 00:00:00,,,0,,30001.0,2022-08-24 12:19:11.162,,com.sec.android.app.shealth,cce84368b6d089e0,
1970-02-19 00:00:00,,,0,,30001.0,2022-09-30 09:10:16.585,,com.sec.android.app.shealth,6ae85ab2acc3965f,
1970-02-19 00:00:00,,,0,,,2022-09-09 12:41:21.886,,com.sec.android.app.shealth,041e391c69640edb,
1970-02-19 00:00:00,,,0,,30001.0,2022-10-28 16:26:51.882,,com.sec.android.app.shealth,836ea26749e1e308,
1970-02-19 00:00:00,,,0,,,2022-10-16 17:01:59.419,,com.sec.android.app.shealth,3e8cc3cb9f48eb6c,
1970-02-19 00:00:00,,,0,,,2022-11-05 21:18:21.076,,com.sec.android.app.shealth,11a86311d39aaaf9,
1970-02-19 00:00:00,,,0,,30001.0,2022-10-29 16:04:15.965,,com.sec.android.app.shealth,64ad95b5f35464a5,
1970-02-19 00:00:00,,,0,,30001.0,2022-12-19 13:16:17.023,,com.sec.android.app.shealth,ee36dd09533bf8d7,
1970-02-19 00:00:00,,,0,,30001.0,2022-08-29 12:15:10.111,,com.sec.android.app.shealth,ff33857db48c94bd,
1970-02-19 00:00:00,,,0,,30001.0,2022-12-17 12:04:13.041,,com.sec.android.app.shealth,5afc581cc9ea399a,
1970-02-19 00:00:00,,,0,,30001.0,2022-12-25 20:15:25.392,,com.sec.android.app.shealth,55d58fdcf9edbf86,
1970-02-19 00:00:00,,,0,,30001.0,2022-08-24 13:22:58.973,,com.sec.android.app.shealth,55d58fdcf9edbf86,
1970-02-19 00:00:00,,,0,,30001.0,2022-11-26 12:06:23.553,,com.sec.android.app.shealth,f8441a1423474474,
1970-02-19 00:00:00,,,1,,30001.0,2022-10-30 15:47:08.202,,com.sec.android.app.shealth,,
1970-02-19 00:00:00,,,1,,30001.0,2022-11-17 16:05:34.941,,com.sec.android.app.shealth,,
1970-02-19 00:00:00,,,1,,30001.0,2022-11-17 18:15:17.277,,com.sec.android.app.shealth,,
1970-02-19 00:00:00,,,0,,30001.0,2022-10-20 13:20:36.780,,com.sec.android.app.shealth,1a979a40756975ca,
1970-02-19 00:00:00,,,0,,30001.0,2022-10-29 10:50:29.376,,com.sec.android.app.shealth,4cf04b118f5e7bc5,
1970-02-19 00:00:00,,,0,,30001.0,2022-12-17 12:26:42.203,,com.sec.android.app.shealth,6ae85ab2acc3965f,
1970-02-19 00:00:00,,,1,,30001.0,2022-10-18 18:42:40.921,,com.sec.android.app.shealth,,
1970-02-19 00:00:00,,,0,,30001.0,2022-11-29 13:39:50.328,,com.sec.android.app.shealth,6380b14ebfde66df,
1970-02-19 00:00:00,,,0,,,2022-11-05 21:17:16.588,,com.sec.android.app.shealth,87a53ae446698587,
1970-02-19 00:00:00,,,0,,30001.0,2022-10-15 15:38:52.360,,com.sec.android.app.shealth,abca6c3d36b80c93,
1970-02-19 00:00:00,,,0,,30001.0,2022-12-03 12:05:30.124,,com.sec.android.app.shealth,6e5f8fa0684c4deb,
1970-02-19 00:00:00,,,0,,,2022-11-05 21:18:09.069,,com.sec.android.app.shealth,1ff4793933596abf,
1970-02-19 00:00:00,,,0,,30001.0,2023-01-05 13:11:26.865,,com.sec.android.app.shealth,d411e0359eba8b3c,
1970-02-19 00:00:00,,,0,,30001.0,2022-12-13 13:38:53.532,,com.sec.android.app.shealth,ee36dd09533bf8d7,
1970-02-19 00:00:00,,,0,,,2022-09-09 08:52:25.881,,com.sec.android.app.shealth,f8441a1423474474,
1970-02-19 00:00:00,,,1,,30001.0,2023-02-04 12:40:24.586,,com.sec.android.app.shealth,,
1970-02-19 00:00:00,,,1,,30001.0,2022-09-21 11:24:23.294,,com.sec.android.app.shealth,,
1970-02-19 00:00:00,,,0,,30001.0,2022-09-13 12:11:44.207,,com.sec.android.app.shealth,d411e0359eba8b3c,
1970-02-19 00:00:00,,,0,,30001.0,2022-10-08 07:56:43.075,,com.sec.android.app.shealth,21abb7c83b003f8a,
1970-02-19 00:00:00,,,0,,,2023-01-15 16:29:31.092,,com.sec.android.app.shealth,6d3d088095cb6ca3,
1970-02-19 00:00:00,,,1,,30001.0,2022-10-29 15:31:48.919,,com.sec.android.app.shealth,,
1970-02-19 00:00:00,,,0,,30001.0,2022-12-03 17:02:46.878,,com.sec.android.app.shealth,ef62ad5b0120877e,
1970-02-19 00:00:00,,,0,,,2022-12-02 10:05:09.416,,com.sec.android.app.shealth,58928b600aad6f6a,
1970-02-19 00:00:00,,,0,,30001.0,2022-11-19 12:02:30.875,,com.sec.android.app.shealth,d411e0359eba8b3c,
1970-02-19 00:00:00,,,0,,,2022-11-18 10:29:50.883,,com.sec.android.app.shealth,98f7b27b623938c7,
1970-02-19 00:00:00,,,0,,30001.0,2022-12-21 12:27:07.984,,com.sec.android.app.shealth,257a85d35ed6a007,
1970-02-19 00:00:00,,,0,,,2022-10-09 16:23:03.414,,com.sec.android.app.shealth,d3fee8034b89e70d,
1970-02-19 00:00:00,,,0,,30001.0,2022-10-08 11:02:11.673,,com.sec.android.app.shealth,7b748182fb711845,
1970-02-19 00:00:00,,,0,,30001.0,2022-09-13 13:15:36.578,,com.sec.android.app.shealth,344fd586f606ee05,
1970-02-19 00:00:00,,,0,,30001.0,2022-08-20 10:19:41.088,,com.sec.android.app.shealth,f97a13577367c1d6,
1970-02-19 00:00:00,,,0,,30001.0,2022-07-24 21:27:41.244,,com.sec.android.app.shealth,af777688a9d2af0e,
1970-02-19 00:00:00,,,0,,30001.0,2022-06-20 16:52:42.861,,com.sec.android.app.shealth,3842efc3ccf8ddc0,
1970-02-19 00:00:00,,,0,,30001.0,2022-06-17 12:41:45.194,,com.sec.android.app.shealth,21abb7c83b003f8a,
1970-02-19 00:00:00,,,0,,,2022-05-29 15:22:19.518,,com.sec.android.app.shealth,b34f1325af156000,
1970-02-19 00:00:00,,,0,,,2022-08-23 14:34:18.074,,com.sec.android.app.shealth,1d2c567de407cf9c,
1970-02-19 00:00:00,,,0,,30001.0,2022-07-31 22:11:32.346,,com.sec.android.app.shealth,11a86311d39aaaf9,
1970-02-19 00:00:00,,,0,,30001.0,2022-08-03 10:58:14.652,,com.sec.android.app.shealth,5a8cfe36260a81c1,
1970-02-19 00:00:00,,,0,,30001.0,2022-07-27 20:15:43.159,,com.sec.android.app.shealth,a99479af5e9b150b,
1970-02-19 00:00:00,,,0,,30001.0,2022-06-27 11:31:54.907,,com.sec.android.app.shealth,9ff0e3599d4f6552,
1970-02-19 00:00:00,,,1,,30001.0,2022-10-28 08:55:03.501,,com.sec.android.app.shealth,,
1970-02-19 00:00:00,,,0,,30001.0,2022-12-21 12:11:43.938,,com.sec.android.app.shealth,f81b732a59389bd6,
1970-02-19 00:00:00,,,0,,,2023-01-22 17:14:44.237,,com.sec.android.app.shealth,17e70b2fd0afd679,
1970-02-19 00:00:00,,,0,,30001.0,2022-10-29 17:11:12.997,,com.sec.android.app.shealth,2ab13293652b41c0,
1970-02-19 00:00:00,,,1,,30001.0,2022-12-13 13:15:19.252,,com.sec.android.app.shealth,,
1970-02-19 00:00:00,,,0,,30001.0,2022-06-24 08:43:29.120,,com.sec.android.app.shealth,f81b732a59389bd6,
1970-02-19 00:00:00,,,0,,30001.0,2022-06-24 12:41:50.724,,com.sec.android.app.shealth,f81b732a59389bd6,
1970-02-19 00:00:00,,,0,,30001.0,2022-06-20 08:22:52.050,,com.sec.android.app.shealth,98f7b27b623938c7,
1970-02-19 00:00:00,,,0,,30001.0,2022-07-04 18:53:51.638,,com.sec.android.app.shealth,d9403fa199ac739e,
1970-02-19 00:00:00,,,0,,,2022-07-14 15:31:22.011,,com.sec.android.app.shealth,1fd02fd2a12b5264,
1970-02-19 00:00:00,,,0,,30001.0,2022-06-13 17:22:40.125,,com.sec.android.app.shealth,836ea26749e1e308,
1970-02-19 00:00:00,,,0,,30001.0,2022-07-08 12:48:11.964,,com.sec.android.app.shealth,c5237c7c19cc06e4,
1970-02-19 00:00:00,,,0,,30001.0,2022-06-22 19:59:54.584,,com.sec.android.app.shealth,be2b775cb8cd43b8,
1970-02-19 00:00:00,,,0,,30001.0,2022-06-15 13:33:39.505,,com.sec.android.app.shealth,20a8c7d5a485f8bf,
1970-02-19 00:00:00,,,0,,,2022-06-17 06:31:20.046,,com.sec.android.app.shealth,0f738ecbdcfc4024,
1970-02-19 00:00:00,,,0,,30001.0,2022-07-08 10:22:20.887,,com.sec.android.app.shealth,814ed67f994391ff,
1970-02-19 00:00:00,,,0,,30001.0,2022-11-26 08:58:03.304,,com.sec.android.app.shealth,c23682d6bdb6c318,
1970-02-19 00:00:00,,,0,,30001.0,2022-06-03 15:51:25.589,,com.sec.android.app.shealth,17445e8d3ac69e93,
1970-02-19 00:00:00,,,0,,30001.0,2022-06-28 13:35:59.559,,com.sec.android.app.shealth,632420b423a1bdbc,
1970-02-19 00:00:00,,,0,,30001.0,2022-07-19 19:35:09.658,,com.sec.android.app.shealth,3cef9c661c3bb1f9,
1970-02-19 00:00:00,,,0,,,2022-08-23 14:33:21.477,,com.sec.android.app.shealth,2a18d611bbd6529f,
1970-02-19 00:00:00,,,0,,,2022-06-20 06:11:18.734,,com.sec.android.app.shealth,8cb92dbbad0aedc4,
1970-02-19 00:00:00,,,0,,30001.0,2022-07-23 19:43:20.527,,com.sec.android.app.shealth,fd91ce9f7f9b8567,
1970-02-19 00:00:00,,,0,,30001.0,2022-06-09 08:39:31.796,,com.sec.android.app.shealth,7b748182fb711845,
1970-02-19 00:00:00,,,0,,30001.0,2022-06-19 12:20:46.936,,com.sec.android.app.shealth,d0436c33cdcd6e02,
1970-02-19 00:00:00,,,0,,30001.0,2022-07-24 18:26:03.196,,com.sec.android.app.shealth,43b87f618caab482,
1970-02-19 00:00:00,,,0,,30001.0,2023-01-14 12:05:22.373,,com.sec.android.app.shealth,2ab13293652b41c0,
1970-02-19 00:00:00,,,0,,30001.0,2022-09-01 12:11:05.868,,com.sec.android.app.shealth,05e300642513b2f6,
1970-02-19 00:00:00,,,0,,30001.0,2022-12-02 15:57:42.132,,com.sec.android.app.shealth,329148c33e9f1229,
1970-02-19 00:00:00,,,0,,,2022-10-19 19:25:51.478,,com.sec.android.app.shealth,17445e8d3ac69e93,
1970-02-19 00:00:00,,,0,,30001.0,2022-11-24 13:12:35.683,,com.sec.android.app.shealth,7b748182fb711845,
1970-02-19 00:00:00,,,0,,30001.0,2022-11-17 13:57:40.769,,com.sec.android.app.shealth,c455af0db9fd47d4,
1970-02-19 00:00:00,,,0,,30001.0,2022-11-12 15:28:45.748,,com.sec.android.app.shealth,6380b14ebfde66df,
1970-02-19 00:00:00,,,0,,,2022-11-13 17:58:32.491,,com.sec.android.app.shealth,3311663049fc19e9,
1970-02-19 00:00:00,,,0,,30001.0,2022-10-27 09:53:59.165,,com.sec.android.app.shealth,5ea2ed9b13224d64,
1970-02-19 00:00:00,,,0,,,2022-11-05 21:17:52.306,,com.sec.android.app.shealth,f24deeca8e081b09,
1970-02-19 00:00:00,,,0,,30001.0,2022-09-15 12:27:55.782,,com.sec.android.app.shealth,17445e8d3ac69e93,
1970-02-19 00:00:00,,,0,,30001.0,2022-11-10 14:22:50.770,,com.sec.android.app.shealth,4cf04b118f5e7bc5,
1970-02-19 00:00:00,,,0,,30001.0,2022-09-18 15:20:15.524,,com.sec.android.app.shealth,025c7187d3c75c4a,
1970-02-19 00:00:00,,,0,,30001.0,2022-10-27 15:00:49.485,,com.sec.android.app.shealth,db58b6c40698d737,
1970-02-19 00:00:00,,,0,,30001.0,2022-11-17 16:23:54.667,,com.sec.android.app.shealth,db58b6c40698d737,
1970-02-19 00:00:00,,,0,,30001.0,2022-10-01 11:05:30.633,,com.sec.android.app.shealth,98f7b27b623938c7,
1970-02-19 00:00:00,,,0,,30001.0,2022-10-15 07:43:17.524,,com.sec.android.app.shealth,21abb7c83b003f8a,
1970-02-19 00:00:00,,,0,,30001.0,2022-10-20 07:25:01.017,,com.sec.android.app.shealth,92d81e059c410ad9,
1970-02-19 00:00:00,,,0,,30001.0,2022-12-29 20:57:54.900,,com.sec.android.app.shealth,7ae77b1b2f78eca1,
1970-02-19 00:00:00,,,0,,,2022-11-27 16:48:57.597,,com.sec.android.app.shealth,5b1c1e7967130542,
1970-02-19 00:00:00,,,0,,,2022-12-04 17:16:46.165,,com.sec.android.app.shealth,d3fee8034b89e70d,
1970-02-19 00:00:00,,,0,,,2023-01-22 16:39:49.999,,com.sec.android.app.shealth,64ad95b5f35464a5,
1970-02-19 00:00:00,,,0,,30001.0,2023-02-04 12:54:08.903,,com.sec.android.app.shealth,3842efc3ccf8ddc0,
1970-02-19 00:00:00,,,0,,30001.0,2022-09-27 12:15:42.517,,com.sec.android.app.shealth,d411e0359eba8b3c,
1970-02-19 00:00:00,,,0,,,2022-10-19 20:04:16.632,,com.sec.android.app.shealth,f30bbbf5c3ee8001,
1970-02-19 00:00:00,,,0,,30001.0,2022-10-18 18:41:49.336,,com.sec.android.app.shealth,b35c70042fb78628,
1970-02-19 00:00:00,,,0,,30001.0,2022-12-03 09:01:38.792,,com.sec.android.app.shealth,c23682d6bdb6c318,
1970-02-19 00:00:00,,,0,,30001.0,2022-09-10 07:54:12.560,,com.sec.android.app.shealth,17445e8d3ac69e93,
1970-02-19 00:00:00,,,0,,30001.0,2023-01-13 10:37:00.378,,com.sec.android.app.shealth,7b748182fb711845,
1970-02-19 00:00:00,,,0,,,2023-01-15 17:36:23.176,,com.sec.android.app.shealth,3311663049fc19e9,
1970-02-19 00:00:00,,,0,,30001.0,2022-09-17 11:07:21.659,,com.sec.android.app.shealth,55d58fdcf9edbf86,
1970-02-19 00:00:00,,,0,,,2023-01-29 18:03:55.422,,com.sec.android.app.shealth,98fc1dac2acea5b1,
1970-02-19 00:00:00,,,0,,30001.0,2022-12-16 09:58:07.525,,com.sec.android.app.shealth,55d58fdcf9edbf86,
1970-02-19 00:00:00,,,1,,30001.0,2022-10-01 11:04:57.303,,com.sec.android.app.shealth,,
1970-02-19 00:00:00,,,0,,30001.0,2022-11-12 12:26:17.503,,com.sec.android.app.shealth,cce84368b6d089e0,
1970-02-19 00:00:00,,,0,,30001.0,2022-10-27 14:06:54.842,,com.sec.android.app.shealth,f81b732a59389bd6,
1970-02-19 00:00:00,,,0,,30001.0,2022-09-18 17:22:27.512,,com.sec.android.app.shealth,235d2855568abf81,
1970-02-19 00:00:00,,,0,,30001.0,2022-08-28 09:36:28.737,,com.sec.android.app.shealth,64ad95b5f35464a5,
1970-02-19 00:00:00,,,0,,30001.0,2022-08-20 16:05:35.428,,com.sec.android.app.shealth,11a86311d39aaaf9,
1970-02-19 00:00:00,,,0,,30001.0,2022-11-05 21:18:31.059,,com.sec.android.app.shealth,cce84368b6d089e0,
1970-02-19 00:00:00,,,0,,30001.0,2022-12-02 17:39:14.145,,com.sec.android.app.shealth,a7edee2b6387207a,
1970-02-19 00:00:00,,,0,,30001.0,2022-12-02 07:43:19.620,,com.sec.android.app.shealth,c83ba7181764d320,
1970-02-19 00:00:00,,,0,,30001.0,2023-01-10 08:23:25.854,,com.sec.android.app.shealth,836ea26749e1e308,
1970-02-19 00:00:00,,,0,,,2023-04-02 16:37:31.486,,com.sec.android.app.shealth,b5b1fb44d8952137,
1970-02-19 00:00:00,,,1,,30001.0,2023-05-19 18:35:00.178,,com.sec.android.app.shealth,,
1970-02-19 00:00:00,,,0,,,2023-04-23 15:23:35.428,,com.sec.android.app.shealth,17445e8d3ac69e93,
1970-02-19 00:00:00,,,0,,,2023-02-26 17:08:40.196,,com.sec.android.app.shealth,4584f11ddb924dc2,
1970-02-19 00:00:00,,,0,,30001.0,2023-03-09 19:39:07.631,,com.sec.android.app.shealth,db548ea6096d7eb6,
1970-02-19 00:00:00,,,0,,30001.0,2023-05-21 17:27:44.490,,com.sec.android.app.shealth,184999fc4112ff83,
1970-02-19 00:00:00,,,0,,,2023-05-03 11:17:10.365,,com.sec.android.app.shealth,02b3bd14b7d5b855,
1970-02-19 00:00:00,,,0,,30001.0,2023-07-14 16:20:42.527,,com.sec.android.app.shealth,c23682d6bdb6c318,
1970-02-19 00:00:00,,,0,,30001.0,2023-05-12 12:26:21.109,,com.sec.android.app.shealth,eba8f0a551425bcc,
1970-02-19 00:00:00,,,1,,30001.0,2023-07-14 16:35:02.132,,com.sec.android.app.shealth,,
1970-02-19 00:00:00,,,0,,,2023-08-20 10:51:30.443,,com.sec.android.app.shealth,547e6662ef3fa1eb,
1970-02-19 00:00:00,,,0,,30001.0,2023-02-16 14:57:47.608,,com.sec.android.app.shealth,64ad95b5f35464a5,
1970-02-19 00:00:00,,,0,,,2023-03-05 17:11:59.728,,com.sec.android.app.shealth,bd8254f67d2c8e04,
1970-02-19 00:00:00,,,0,,,2023-05-14 15:54:03.912,,com.sec.android.app.shealth,20a8c7d5a485f8bf,
1970-02-19 00:00:00,,,0,,,2023-02-14 11:00:18.893,,com.sec.android.app.shealth,5e12a721aea4856a,
1970-02-19 00:00:00,,,0,,30001.0,2023-05-09 12:27:03.455,,com.sec.android.app.shealth,feff532714e9b11b,
1970-02-19 00:00:00,,,1,,30001.0,2023-07-08 14:54:54.120,,com.sec.android.app.shealth,,
1970-02-19 00:00:00,,,0,,,2023-02-09 13:17:37.677,,com.sec.android.app.shealth,98f7b27b623938c7,
1970-02-19 00:00:00,,,0,,,2023-02-09 14:05:30.160,,com.sec.android.app.shealth,ef62ad5b0120877e,
1970-02-19 00:00:00,,,0,,30001.0,2023-07-03 15:22:30.306,,com.sec.android.app.shealth,6b8f9bbe2b292547,
1970-02-19 00:00:00,,,0,,,2023-05-21 16:55:38.612,,com.sec.android.app.shealth,b4ff48331689fde2,
1970-02-19 00:00:00,,,0,,,2023-02-23 13:38:40.514,,com.sec.android.app.shealth,b35c70042fb78628,
1970-02-19 00:00:00,,,0,,,2023-07-18 15:26:13.704,,com.sec.android.app.shealth,c85d80afe5cf0e69,
1970-02-19 00:00:00,,,1,,30001.0,2023-04-25 15:08:44.732,,com.sec.android.app.shealth,,
1970-02-19 00:00:00,,,0,,,2023-08-16 19:03:14.303,,com.sec.android.app.shealth,dcc5ac0f0ce18ee1,
1970-02-19 00:00:00,,,0,,,2023-08-09 21:00:46.043,,com.sec.android.app.shealth,6380b14ebfde66df,
1970-02-19 00:00:00,,,0,,30001.0,2023-05-12 15:09:33.023,,com.sec.android.app.shealth,cce84368b6d089e0,
1970-02-19 00:00:00,,,0,,30001.0,2023-02-15 16:24:29.393,,com.sec.android.app.shealth,2e12c864ec5ae8d3,
1970-02-19 00:00:00,,,0,,30001.0,2023-05-18 09:53:28.457,,com.sec.android.app.shealth,d411e0359eba8b3c,
1970-02-19 00:00:00,,,0,,,2023-08-10 19:44:22.181,,com.sec.android.app.shealth,9ee87bcc285a3f2b,
1970-02-19 00:00:00,,,0,,30001.0,2023-07-14 09:44:21.134,,com.sec.android.app.shealth,257a85d35ed6a007,
1970-02-19 00:00:00,,,0,,30001.0,2023-03-17 20:28:39.170,,com.sec.android.app.shealth,c3848f1b7caa9d9c,
1970-02-19 00:00:00,,,0,,,2023-08-05 20:17:13.450,,com.sec.android.app.shealth,31cded0267e7478d,
1970-02-19 00:00:00,,,0,,,2023-04-16 16:21:01.395,,com.sec.android.app.shealth,c455af0db9fd47d4,
1970-02-19 00:00:00,,,0,,30001.0,2023-03-03 10:34:34.266,,com.sec.android.app.shealth,5afc581cc9ea399a,
1970-02-19 00:00:00,,,0,,30001.0,2023-05-03 07:30:04.367,,com.sec.android.app.shealth,40b2ddd4fee0a477,
1970-02-19 00:00:00,,,0,,30001.0,2023-07-03 15:56:08.828,,com.sec.android.app.shealth,f81b732a59389bd6,
1970-02-19 00:00:00,,,0,,30001.0,2023-02-15 11:49:25.690,,com.sec.android.app.shealth,12845c8e1fe232c3,
1970-02-19 00:00:00,,,0,,30001.0,2023-02-11 12:03:19.207,,com.sec.android.app.shealth,c83ba7181764d320,
1970-02-19 00:00:00,,,0,,,2023-02-20 14:45:24.927,,com.sec.android.app.shealth,5d6ba45ee1d5e169,
1970-02-19 00:00:00,,,0,,30001.0,2023-02-15 15:02:47.296,,com.sec.android.app.shealth,9f195b57a935d3c6,
1970-02-19 00:00:00,,,0,,,2023-02-12 17:19:53.929,,com.sec.android.app.shealth,329148c33e9f1229,
1970-02-19 00:00:00,,,0,,30001.0,2023-02-15 14:19:22.379,,com.sec.android.app.shealth,c5237c7c19cc06e4,
1970-02-19 00:00:00,,,0,,30001.0,2023-02-15 16:00:04.866,,com.sec.android.app.shealth,92d81e059c410ad9,
1970-02-19 00:00:00,,,0,,30001.0,2023-02-25 09:02:55.673,,com.sec.android.app.shealth,a99479af5e9b150b,
1970-02-19 00:00:00,,,0,,30001.0,2023-02-21 13:30:36.293,,com.sec.android.app.shealth,d411e0359eba8b3c,
1970-02-19 00:00:00,,,0,,30001.0,2023-05-12 16:18:48.228,,com.sec.android.app.shealth,7b748182fb711845,
1970-02-19 00:00:00,,,0,,,2023-04-02 16:01:52.061,,com.sec.android.app.shealth,5d6ba45ee1d5e169,
1970-02-19 00:00:00,,,0,,,2023-02-26 16:44:08.658,,com.sec.android.app.shealth,085d505700e27e00,
1970-02-19 00:00:00,,,0,,30001.0,2023-05-11 09:11:18.997,,com.sec.android.app.shealth,4bf4f525504cc0a2,
1970-02-19 00:00:00,,,0,,,2023-02-22 20:31:44.604,,com.sec.android.app.shealth,6cf336420184cc88,
1970-02-19 00:00:00,,,0,,,2023-04-30 16:34:30.519,,com.sec.android.app.shealth,2e12c864ec5ae8d3,
1970-02-19 00:00:00,,,0,,,2023-08-09 07:58:47.506,,com.sec.android.app.shealth,c015464df9720a51,
1970-02-19 00:00:00,,,0,,30001.0,2023-05-08 07:26:52.469,,com.sec.android.app.shealth,d411e0359eba8b3c,
1970-02-19 00:00:00,,,0,,,2023-05-10 11:19:29.558,,com.sec.android.app.shealth,c5237c7c19cc06e4,
1970-02-19 00:00:00,,,0,,,2023-08-14 19:53:26.992,,com.sec.android.app.shealth,bd9d58630beb729e,
1970-02-19 00:00:00,,,0,,30001.0,2023-08-03 18:31:26.017,,com.sec.android.app.shealth,96fbe862757b5038,
1970-02-19 00:00:00,,,0,,30001.0,2023-03-04 08:43:38.502,,com.sec.android.app.shealth,64ad95b5f35464a5,
1970-02-19 00:00:00,,,0,,30001.0,2023-03-15 07:50:37.892,,com.sec.android.app.shealth,5afc581cc9ea399a,
1970-02-19 00:00:00,,,0,,30001.0,2023-04-29 11:01:21.633,,com.sec.android.app.shealth,7b748182fb711845,
1970-02-19 00:00:00,,,0,,30001.0,2023-08-17 11:26:41.956,,com.sec.android.app.shealth,98f7b27b623938c7,
1970-02-19 00:00:00,,,0,,,2023-02-07 12:19:27.521,,com.sec.android.app.shealth,ef62ad5b0120877e,
1970-02-19 00:00:00,,,0,,,2023-04-21 09:39:17.221,,com.sec.android.app.shealth,d6b4b7eabc574634,
1970-02-19 00:00:00,,,0,,,2023-08-23 20:05:09.508,,com.sec.android.app.shealth,58928b600aad6f6a,
1970-02-19 00:00:00,,,0,,,2023-08-25 08:09:35.957,,com.sec.android.app.shealth,5572b66e8997bb57,
1970-02-19 00:00:00,,,0,,,2023-03-05 18:03:23.853,,com.sec.android.app.shealth,3643dba27b56f9fa,
1970-02-19 00:00:00,,,0,,30001.0,2023-02-11 08:58:24.039,,com.sec.android.app.shealth,17445e8d3ac69e93,
1970-02-19 00:00:00,,,0,,30001.0,2023-07-03 08:43:28.878,,com.sec.android.app.shealth,96b8cfdc108a20ce,
1970-02-19 00:00:00,,,0,,,2023-03-31 09:18:17.461,,com.sec.android.app.shealth,01bb027f67d5a7c0,
1970-02-19 00:00:00,,,0,,,2023-02-05 18:04:43.393,,com.sec.android.app.shealth,57ea9a6f7d693343,
1970-02-19 00:00:00,,,0,,,2023-05-21 15:31:53.870,,com.sec.android.app.shealth,ee36dd09533bf8d7,
1970-02-19 00:00:00,,,0,,,2023-02-24 10:22:19.436,,com.sec.android.app.shealth,64f5147f817f7ff8,
1970-02-19 00:00:00,,,0,,,2023-08-16 19:56:52.675,,com.sec.android.app.shealth,4cf04b118f5e7bc5,
1970-02-19 00:00:00,,,0,,,2023-03-26 16:07:29.028,,com.sec.android.app.shealth,59f01046c7dc109d,
1970-02-19 00:00:00,,,0,,30001.0,2023-02-16 19:54:04.927,,com.sec.android.app.shealth,21abb7c83b003f8a,
1970-02-19 00:00:00,,,0,,,2023-05-09 08:10:16.973,,com.sec.android.app.shealth,17445e8d3ac69e93,
1970-02-19 00:00:00,,,0,,30001.0,2023-03-03 08:19:18.479,,com.sec.android.app.shealth,55d58fdcf9edbf86,
1970-02-19 00:00:00,,,0,,,2023-02-09 14:17:20.709,,com.sec.android.app.shealth,8a209836d7c123f3,
1970-02-19 00:00:00,,,0,,,2023-08-19 11:11:14.602,,com.sec.android.app.shealth,c2b6cdd4fade60c7,
1970-02-19 00:00:00,,,1,,30001.0,2022-09-02 18:50:46.464,,com.sec.android.app.shealth,,
1970-02-19 00:00:00,,,1,,30001.0,2023-02-04 12:16:21.562,,com.sec.android.app.shealth,,
1970-02-19 00:00:00,,,0,,30001.0,2023-01-15 17:10:38.530,,com.sec.android.app.shealth,40b2ddd4fee0a477,
1970-02-19 00:00:00,,,0,,30001.0,2022-09-01 12:46:05.182,,com.sec.android.app.shealth,f81b732a59389bd6,
1970-02-19 00:00:00,,,0,,30001.0,2022-10-30 17:06:38.693,,com.sec.android.app.shealth,21abb7c83b003f8a,
1970-02-19 00:00:00,,,0,,30001.0,2023-01-28 12:08:15.258,,com.sec.android.app.shealth,64fc09bd5f88e4b6,
1970-02-19 00:00:00,,,0,,30001.0,2022-10-28 08:43:38.204,,com.sec.android.app.shealth,12845c8e1fe232c3,
1970-02-19 00:00:00,,,0,,30001.0,2023-01-11 13:37:42.056,,com.sec.android.app.shealth,5afc581cc9ea399a,
1970-02-19 00:00:00,,,0,,30001.0,2022-08-22 15:13:48.891,,com.sec.android.app.shealth,6b8f9bbe2b292547,
1970-02-19 00:00:00,,,0,,30001.0,2022-08-22 14:45:27.488,,com.sec.android.app.shealth,98f7b27b623938c7,
1970-02-19 00:00:00,,,0,,,2023-01-29 17:25:48.119,,com.sec.android.app.shealth,0730ee8b219beb81,
1970-02-19 00:00:00,,,0,,30001.0,2022-11-24 14:21:52.059,,com.sec.android.app.shealth,ee36dd09533bf8d7,
1970-02-19 00:00:00,,,0,,30001.0,2022-10-27 08:46:20.563,,com.sec.android.app.shealth,af759d32fe388d28,
1970-02-19 00:00:00,,,0,,30001.0,2023-01-19 08:22:04.099,,com.sec.android.app.shealth,db58b6c40698d737,
1970-02-19 00:00:00,,,0,,,2023-01-13 10:13:06.103,,com.sec.android.app.shealth,9ff0e3599d4f6552,
1970-02-19 00:00:00,,,0,,,2022-09-23 12:36:13.370,,com.sec.android.app.shealth,a1f14e18710c3e9a,
1970-02-19 00:00:00,,,0,,30001.0,2022-08-28 20:10:27.253,,com.sec.android.app.shealth,4bf4f525504cc0a2,
1970-02-19 00:00:00,,,0,,30001.0,2022-12-14 07:38:19.228,,com.sec.android.app.shealth,feff532714e9b11b,
1970-02-19 00:00:00,,,0,,30001.0,2022-12-17 08:59:30.444,,com.sec.android.app.shealth,c915025295d5f92b,
1970-02-19 00:00:00,,,0,,30001.0,2022-09-13 12:39:30.909,,com.sec.android.app.shealth,d411e0359eba8b3c,
1970-02-19 00:00:00,,,0,,30001.0,2022-09-21 11:23:48.413,,com.sec.android.app.shealth,d411e0359eba8b3c,
1970-02-19 00:00:00,,,0,,,2022-09-25 15:56:20.735,,com.sec.android.app.shealth,46cb91f81030c304,
1970-02-19 00:00:00,,,0,,30001.0,2023-01-22 17:02:56.379,,com.sec.android.app.shealth,64f5147f817f7ff8,
1970-02-19 00:00:00,,,0,,,2023-01-19 14:14:30.030,,com.sec.android.app.shealth,52ebab80b30e4922,
1970-02-19 00:00:00,,,0,,,2022-12-04 17:49:26.904,,com.sec.android.app.shealth,59f01046c7dc109d,
1970-02-19 00:00:00,,,0,,30001.0,2022-12-01 13:34:19.545,,com.sec.android.app.shealth,af759d32fe388d28,
1970-02-19 00:00:00,,,0,,30001.0,2022-11-05 13:23:05.101,,com.sec.android.app.shealth,b690285b6e60662d,
1970-02-19 00:00:00,,,0,,30001.0,2022-11-17 18:58:11.403,,com.sec.android.app.shealth,0a5ebfe887c9e054,
1970-02-19 00:00:00,,,0,,30001.0,2022-10-22 11:04:51.607,,com.sec.android.app.shealth,d0436c33cdcd6e02,
1970-02-19 00:00:00,,,0,,30001.0,2022-11-13 18:44:15.090,,com.sec.android.app.shealth,b35c70042fb78628,
1970-02-19 00:00:00,,,0,,,2022-11-13 17:28:59.798,,com.sec.android.app.shealth,895b125ff6e877e5,
1970-02-19 00:00:00,,,0,,30001.0,2023-01-28 09:02:16.933,,com.sec.android.app.shealth,a7edee2b6387207a,
1970-02-19 00:00:00,,,0,,30001.0,2022-11-17 16:04:52.965,,com.sec.android.app.shealth,12845c8e1fe232c3,
1970-02-19 00:00:00,,,0,,30001.0,2022-09-15 12:11:08.696,,com.sec.android.app.shealth,17445e8d3ac69e93,
1970-02-19 00:00:00,,,0,,30001.0,2022-12-23 21:49:44.540,,com.sec.android.app.shealth,2e12c864ec5ae8d3,
1970-02-19 00:00:00,,,0,,30001.0,2022-10-28 14:31:19.956,,com.sec.android.app.shealth,5afc581cc9ea399a,
1970-02-19 00:00:00,,,0,,30001.0,2022-08-24 13:06:48.499,,com.sec.android.app.shealth,98fc1dac2acea5b1,
1970-02-19 00:00:00,,,0,,30001.0,2023-01-05 13:32:58.999,,com.sec.android.app.shealth,d411e0359eba8b3c,
1970-02-19 00:00:00,,,0,,30001.0,2022-12-01 13:12:21.031,,com.sec.android.app.shealth,05e300642513b2f6,
1970-02-19 00:00:00,,,1,,30001.0,2022-12-04 16:13:41.682,,com.sec.android.app.shealth,,
1970-02-19 00:00:00,,,0,,,2022-09-16 09:38:30.683,,com.sec.android.app.shealth,c2a3bd9ddec760b8,
1970-02-19 00:00:00,,,0,,30001.0,2022-08-25 11:42:51.014,,com.sec.android.app.shealth,191bc7df8b8697dc,
1970-02-19 00:00:00,,,0,,,2022-12-02 10:30:19.198,,com.sec.android.app.shealth,66fed61195a743e0,
1970-02-19 00:00:00,,,0,,30001.0,2022-12-02 16:22:47.735,,com.sec.android.app.shealth,f7ebd8cbe6eb3df8,
1970-02-19 00:00:00,,,0,,30001.0,2023-01-10 13:38:39.241,,com.sec.android.app.shealth,ff33857db48c94bd,
1970-02-19 00:00:00,,,0,,30001.0,2022-10-18 12:20:27.042,,com.sec.android.app.shealth,d3acbe38f54bc433,
1970-02-19 00:00:00,,,1,,30001.0,2022-11-17 16:30:01.991,,com.sec.android.app.shealth,,
1970-02-19 00:00:00,,,0,,30001.0,2022-10-30 15:25:56.394,,com.sec.android.app.shealth,b35c70042fb78628,
1970-02-19 00:00:00,,,0,,30001.0,2022-10-18 11:06:08.024,,com.sec.android.app.shealth,feff532714e9b11b,
1970-02-19 00:00:00,,,0,,30001.0,2022-12-19 13:42:56.096,,com.sec.android.app.shealth,c0faa5f07166b1df,
1970-02-19 00:00:00,,,0,,,2022-11-27 18:08:29.462,,com.sec.android.app.shealth,aeac4a8d64b39b7a,
1970-02-19 00:00:00,,,0,,30001.0,2023-04-25 15:04:15.167,,com.sec.android.app.shealth,64ad95b5f35464a5,
1970-02-19 00:00:00,,,0,,30001.0,2023-07-04 12:31:27.445,,com.sec.android.app.shealth,c83ba7181764d320,
1970-02-19 00:00:00,,,0,,,2023-04-30 17:02:07.220,,com.sec.android.app.shealth,43b87f618caab482,
1970-02-19 00:00:00,,,0,,30001.0,2023-08-21 20:40:03.489,,com.sec.android.app.shealth,9080ee689c7d7b87,
1970-02-19 00:00:00,,,0,,30001.0,2022-09-24 07:59:45.285,,com.sec.android.app.shealth,ff33857db48c94bd,
1970-02-19 00:00:00,,,0,,30001.0,2023-07-08 14:44:40.042,,com.sec.android.app.shealth,d3acbe38f54bc433,
1970-02-19 00:00:00,,,0,,30001.0,2023-02-03 12:32:31.449,,com.sec.android.app.shealth,55d58fdcf9edbf86,
1970-02-19 00:00:00,,,0,,30001.0,2022-10-27 12:36:18.963,,com.sec.android.app.shealth,17445e8d3ac69e93,
1970-02-19 00:00:00,,,0,,30001.0,2023-02-03 12:16:40.864,,com.sec.android.app.shealth,836ea26749e1e308,
1970-02-19 00:00:00,,,0,,30001.0,2022-11-06 16:28:41.698,,com.sec.android.app.shealth,c83ba7181764d320,
1970-02-19 00:00:00,,,0,,30001.0,2022-11-19 09:02:02.525,,com.sec.android.app.shealth,64f5147f817f7ff8,
1970-02-19 00:00:00,,,0,,30001.0,2023-01-14 08:58:21.191,,com.sec.android.app.shealth,98f7b27b623938c7,
1970-02-19 00:00:00,,,0,,30001.0,2023-02-04 12:11:42.537,,com.sec.android.app.shealth,184999fc4112ff83,
1970-02-19 00:00:00,,,0,,,2023-01-22 17:46:08.952,,com.sec.android.app.shealth,ce269049ff0c2921,
1970-02-19 00:00:00,,,0,,30001.0,2023-01-10 13:11:02.750,,com.sec.android.app.shealth,7b748182fb711845,
1970-02-19 00:00:00,,,0,,30001.0,2022-10-08 17:18:27.107,,com.sec.android.app.shealth,39a755661b40f12e,
1970-02-19 00:00:00,,,0,,30001.0,2022-08-30 11:19:55.600,,com.sec.android.app.shealth,54ad3cf3ed045a4a,
1970-02-19 00:00:00,,,1,,30001.0,2022-08-24 18:15:07.266,,com.sec.android.app.shealth,,
1970-02-19 00:00:00,,,0,,30001.0,2022-10-22 07:42:57.340,,com.sec.android.app.shealth,7665a1519d9063ed,
1970-02-19 00:00:00,,,0,,30001.0,2022-09-24 18:51:24.329,,com.sec.android.app.shealth,ff2927a85a6b929a,
1970-02-19 00:00:00,,,0,,30001.0,2022-11-13 19:11:34.118,,com.sec.android.app.shealth,dc0ca0bbe9e0e5ef,
1970-02-19 00:00:00,,,0,,,2022-11-05 21:17:29.868,,com.sec.android.app.shealth,b2b487ef93fea44b,
1970-02-19 00:00:00,,,0,,30001.0,2022-10-27 12:58:13.831,,com.sec.android.app.shealth,257a85d35ed6a007,
1970-02-19 00:00:00,,,0,,30001.0,2022-09-07 13:01:09.425,,com.sec.android.app.shealth,f81b732a59389bd6,
1970-02-19 00:00:00,,,1,,30001.0,2022-11-17 18:58:34.234,,com.sec.android.app.shealth,,
1970-02-19 00:00:00,,,0,,30001.0,2026-02-20 19:15:25.797,,com.sec.android.app.shealth,6ae85ab2acc3965f,
